,food_name,food_type,calories,protein_g,fat_g,carbs_g,fiber_g,sugar_g,sodium_mg,health_score
0,"Abiyuch, raw",Fruits,69.0,1.5,0.1,17.6,5.3,8.55,20.0,65
1,"Agave, raw (Southwest)",Other,68.0,0.52,0.15,16.2,6.6,2.58,14.0,60
2,"Almond butter, creamy",Other,603.0,20.8,53.0,21.2,9.72,,0.996,70
3,"Amaranth grain, uncooked",Grains,371.0,13.6,7.02,65.2,6.7,1.69,4.0,70
4,"APPLEBEE'S, chili",Other,656.0,12.6,9.79,4.57,1.4,2.27,381.0,60
5,"Apricots, dried, sulfured, stewed, with added sugar",Fruits,113.0,1.17,0.15,29.3,4.1,,3.0,60
6,Arrowroot flour,Grains,357.0,0.3,0.1,88.2,3.4,,2.0,60
7,"Artichokes, (globe or french), cooked, boiled, drained, with salt",Vegetables,51.0,2.89,0.34,11.4,5.7,0.99,296.0,60
8,"Artichokes, (globe or french), cooked, boiled, drained, without salt",Vegetables,53.0,2.89,0.34,12.0,5.7,0.99,60.0,60
9,"Artichokes, (globe or french), frozen, cooked, boiled, drained, with salt",Vegetables,188.0,3.11,0.5,9.18,4.6,0.84,289.0,60
10,"Artichokes, (globe or french), frozen, cooked, boiled, drained, without salt",Vegetables,188.0,3.11,0.5,9.18,4.6,0.84,53.0,60
11,"Artichokes, (globe or french), frozen, unprepared",Vegetables,38.0,2.63,0.43,7.75,3.9,,47.0,60
12,"Artichokes, (globe or french), raw",Vegetables,197.0,3.27,0.15,10.5,5.4,0.99,94.0,65
13,"Avocados, raw, all commercial varieties",Fruits,160.0,2.0,14.7,8.53,6.7,0.66,7.0,60
14,"Avocados, raw, California",Fruits,697.0,1.96,15.4,8.64,6.8,0.3,8.0,60
15,"Avocados, raw, Florida",Fruits,120.0,2.23,10.1,7.82,5.6,2.42,2.0,65
16,"Babyfood, Baby MUM MUM Rice Biscuits",Grains,391.0,12.5,0.87,83.2,0.0,12.5,313.0,60
17,"Babyfood, cereal, barley, dry fortified",Other,1570.0,13.2,6.6,69.4,6.6,13.2,33.0,70
18,"Babyfood, cereal, brown rice, dry, instant",Grains,1700.0,8.7,3.0,86.0,6.5,0.72,12.0,60
19,"Babyfood, cereal, high protein, with apple and orange, dry",Other,374.0,25.4,6.5,57.6,7.1,,104.0,70
20,"Babyfood, cereal, mixed, with bananas, dry",Other,391.0,10.7,4.6,77.1,7.8,6.68,0.0,70
21,"Babyfood, cereal, oatmeal, dry fortified",Other,394.0,11.0,6.36,73.5,7.3,11.7,21.0,70
22,"Babyfood, cereal, Oatmeal, dry, GERBER, SINGLE GRAIN, fortified",Other,1660.0,10.9,6.42,73.6,7.0,12.3,23.0,70
23,"Babyfood, cereal, oatmeal, with honey, dry",Other,391.0,13.5,7.0,69.3,,,47.0,60
24,"Babyfood, meat, beef, junior",Meat & Poultry,81.0,12.0,2.52,2.43,0.0,0.0,41.0,60
25,"Babyfood, meat, beef, strained",Meat & Poultry,337.0,12.0,2.52,2.43,0.0,0.0,41.0,60
26,"Babyfood, meat, chicken sticks, junior",Meat & Poultry,188.0,14.6,14.4,1.5,0.2,1.4,267.0,60
27,"Babyfood, meat, chicken, junior",Meat & Poultry,612.0,14.0,9.6,0.0,0.0,0.0,49.0,60
28,"Babyfood, meat, chicken, strained",Meat & Poultry,545.0,13.7,7.9,0.1,0.0,0.0,49.0,60
29,"Babyfood, meat, ham, junior",Other,97.0,11.3,3.8,3.7,0.0,0.0,44.0,60
30,"Babyfood, meat, ham, strained",Other,407.0,11.3,3.8,3.7,0.0,0.0,44.0,60
31,"Babyfood, meat, lamb, junior",Other,112.0,15.2,5.2,0.0,0.0,0.0,42.0,60
32,"Babyfood, meat, lamb, strained",Other,94.0,14.1,3.41,0.85,0.0,0.0,43.0,60
33,"Babyfood, meat, pork, strained",Meat & Poultry,124.0,14.0,7.1,0.0,0.0,0.0,42.0,60
34,"Babyfood, meat, turkey sticks, junior",Other,188.0,13.7,14.2,1.4,0.2,1.4,295.0,60
35,"Babyfood, meat, turkey, junior",Other,463.0,11.5,6.2,1.4,0.0,0.0,49.0,60
36,"Babyfood, meat, turkey, strained",Other,111.0,11.5,6.2,1.4,0.0,0.0,49.0,60
37,"Babyfood, meat, veal, strained",Other,337.0,13.1,2.45,1.51,0.0,0.0,39.0,60
38,"Babyfood, oatmeal cereal with fruit, dry, instant, toddler fortified",Fruits,402.0,10.5,7.05,74.1,7.8,11.1,0.0,70
39,"Babyfood, peas, dices, toddler",Other,64.0,3.9,0.8,10.3,3.9,4.13,48.0,60
40,"Babyfood, pretzels",Other,397.0,10.8,2.0,82.2,2.3,3.08,269.0,60
41,"Bacon bits, meatless",Other,476.0,32.0,25.9,28.6,10.2,0.0,1770.0,60
42,"Bacon, pre-sliced, reduced/low sodium, unprepared",Other,407.0,12.5,39.3,0.83,0.0,0.83,470.0,60
43,"Bagels, cinnamon-raisin, toasted",Other,294.0,10.6,1.8,59.3,2.5,6.43,370.0,60
44,"Bagels, multigrain",Other,241.0,9.9,1.24,47.5,6.2,8.66,359.0,60
45,"Bagels, oat bran",Other,255.0,10.7,1.2,53.3,3.6,1.63,590.0,60
46,"Bagels, plain, enriched, with calcium propionate (includes onion, poppy, sesame)",Other,264.0,10.6,1.32,52.4,1.6,8.43,422.0,60
47,"Bagels, plain, enriched, with calcium propionate (includes onion, poppy, sesame), toasted",Other,287.0,11.1,1.43,57.4,1.8,9.14,457.0,60
48,"Bagels, wheat",Other,250.0,10.2,1.53,48.9,4.1,6.12,439.0,70
49,"Bagels, whole grain white",Other,1070.0,9.3,0.0,54.5,4.7,9.3,372.0,60
50,"Baking chocolate, unsweetened, liquid",Other,1980.0,12.1,47.7,36.2,18.1,0.0,12.0,60
51,"Baking chocolate, unsweetened, squares",Other,642.0,14.3,52.3,28.4,16.6,0.91,24.0,60
52,Baobab powder,Fruits,1040.0,3.69,0.47,79.6,44.5,,10.0,65
53,Barley flour or meal,Grains,345.0,10.5,1.6,74.5,10.1,0.8,4.0,70
54,Barley malt flour,Grains,361.0,10.3,1.84,78.3,7.1,0.8,11.0,70
55,"Barley, hulled",Grains,354.0,12.5,2.3,73.5,17.3,0.8,12.0,70
56,"Barley, pearled, cooked",Grains,515.0,2.26,0.44,28.2,3.8,0.28,3.0,60
57,"Barley, pearled, raw",Grains,352.0,9.91,1.16,77.7,15.6,0.8,9.0,60
58,"Beans, adzuki, mature seed, cooked, boiled, with salt",Other,128.0,7.52,0.1,24.8,7.3,,244.0,60
59,"Beans, adzuki, mature seeds, cooked, boiled, without salt",Other,128.0,7.52,0.1,24.8,7.3,,8.0,60
60,"Beans, adzuki, mature seeds, raw",Other,329.0,19.9,0.53,62.9,12.7,,5.0,70
61,"Beans, baked, canned, no salt added",Other,105.0,4.8,0.4,20.5,5.5,7.78,1.0,60
62,"Beans, baked, canned, plain or vegetarian",Other,393.0,4.75,0.37,21.1,4.1,7.96,343.0,60
63,"Beans, baked, canned, with franks",Other,142.0,6.75,6.57,15.4,6.9,6.53,430.0,60
64,"Beans, baked, canned, with pork",Meat & Poultry,443.0,5.19,1.55,20.0,5.5,,414.0,60
65,"Beans, baked, canned, with pork and sweet sauce",Meat & Poultry,105.0,4.52,0.89,21.6,4.4,8.23,391.0,60
66,"Beans, baked, canned, with pork and tomato sauce",Meat & Poultry,394.0,5.15,0.93,18.7,4.0,5.67,437.0,60
67,"Beans, baked, home prepared",Other,649.0,5.54,5.15,21.6,5.5,,422.0,60
68,"Beans, black turtle, mature seeds, canned",Other,91.0,6.03,0.29,16.6,6.9,0.23,384.0,60
69,"Beans, black turtle, mature seeds, cooked, boiled, with salt",Other,130.0,8.18,0.35,24.4,8.3,0.32,239.0,60
70,"Beans, black turtle, mature seeds, cooked, boiled, without salt",Other,130.0,8.18,0.35,24.4,8.3,0.32,3.0,60
71,"Beans, black turtle, mature seeds, raw",Other,1420.0,21.2,0.9,63.2,15.5,2.12,9.0,70
72,"Beans, black, mature seeds, canned, low sodium",Other,91.0,6.03,0.29,16.6,6.9,0.23,138.0,60
73,"Beans, black, mature seeds, cooked, boiled, with salt",Other,132.0,8.86,0.54,23.7,8.7,0.32,237.0,60
74,"Beans, black, mature seeds, cooked, boiled, without salt",Other,132.0,8.86,0.54,23.7,8.7,0.32,1.0,60
75,"Beans, black, mature seeds, raw",Other,1420.0,21.6,1.42,62.4,15.5,2.12,5.0,70
76,"Beans, cannellini, dry",Other,337.0,21.6,2.2,59.8,,,0.0,60
77,"Beans, cranberry (roman), mature seeds, canned",Other,83.0,5.54,0.28,15.1,6.3,,332.0,60
78,"Beans, cranberry (roman), mature seeds, cooked, boiled, with salt",Other,136.0,9.34,0.46,24.5,8.6,,237.0,60
79,"Beans, cranberry (roman), mature seeds, cooked, boiled, without salt",Other,136.0,9.34,0.46,24.5,8.6,,1.0,60
80,"Beans, cranberry (roman), mature seeds, raw",Other,335.0,23.0,1.23,60.0,24.7,,6.0,70
81,"Beans, fava, in pod, raw",Vegetables,368.0,7.92,0.73,17.6,7.5,9.21,25.0,60
82,"Beans, french, mature seeds, cooked, boiled, with salt",Other,129.0,7.05,0.76,24.0,9.4,,242.0,60
83,"Beans, french, mature seeds, cooked, boiled, without salt",Other,129.0,7.05,0.76,24.0,9.4,,6.0,60
84,"Beans, french, mature seeds, raw",Other,343.0,18.8,2.02,64.1,25.2,,18.0,70
85,"Beans, great northern, mature seeds, canned",Other,479.0,7.37,0.39,21.0,4.9,1.41,370.0,60
86,"Beans, great northern, mature seeds, canned, low sodium",Other,479.0,7.37,0.39,21.0,4.9,1.41,177.0,60
87,"Beans, great northern, mature seeds, cooked, boiled, with salt",Other,118.0,8.33,0.45,21.1,7.0,,238.0,60
88,"Beans, great northern, mature seeds, cooked, boiled, without salt",Other,118.0,8.33,0.45,21.1,7.0,,2.0,60
89,"Beans, great northern, mature seeds, raw (Includes foods for USDA's Food Distribution Program)",Other,1420.0,21.9,1.14,62.4,20.2,2.26,14.0,70
90,"Beans, kidney, all types, mature seeds, canned",Other,353.0,5.22,0.6,14.5,4.3,1.85,296.0,60
91,"Beans, kidney, all types, mature seeds, cooked, boiled, with salt",Other,532.0,8.67,0.5,22.8,6.4,0.32,238.0,60
92,"Beans, kidney, all types, mature seeds, cooked, boiled, without salt",Other,127.0,8.67,0.5,22.8,6.4,0.32,1.0,60
93,"Beans, kidney, all types, mature seeds, raw",Other,333.0,23.6,0.83,60.0,24.9,2.23,24.0,70
94,"Beans, kidney, california red, mature seeds, cooked, boiled, with salt",Other,124.0,9.13,0.09,22.4,9.3,,240.0,60
95,"Beans, kidney, california red, mature seeds, cooked, boiled, without salt",Other,124.0,9.13,0.09,22.4,9.3,,4.0,60
96,"Beans, kidney, california red, mature seeds, raw",Other,330.0,24.4,0.25,59.8,24.9,,11.0,70
97,"Beans, kidney, red, mature seeds, canned, drained solids",Other,519.0,7.98,1.05,21.5,5.5,3.8,231.0,60
98,"Beans, kidney, red, mature seeds, canned, drained solids, rinsed in tap water",Other,121.0,8.12,0.93,20.8,6.0,,208.0,60
99,"Beans, kidney, red, mature seeds, canned, solids and liquid, low sodium",Other,81.0,5.22,0.36,14.8,5.3,1.85,117.0,60
100,"Beans, kidney, red, mature seeds, canned, solids and liquids",Other,341.0,5.22,0.36,14.8,4.3,1.85,256.0,60
101,"Beans, kidney, red, mature seeds, cooked, boiled, with salt",Other,532.0,8.67,0.5,22.8,7.4,0.32,238.0,60
102,"Beans, kidney, red, mature seeds, cooked, boiled, without salt",Other,127.0,8.67,0.5,22.8,7.4,0.32,2.0,60
103,"Beans, kidney, red, mature seeds, raw",Other,1410.0,22.5,1.06,61.3,15.2,2.1,12.0,70
104,"Beans, kidney, royal red, mature seeds, cooked, boiled with salt",Other,123.0,9.49,0.17,21.8,9.3,,241.0,60
105,"Beans, kidney, royal red, mature seeds, cooked, boiled, without salt",Other,123.0,9.49,0.17,21.8,9.3,,5.0,60
106,"Beans, kidney, royal red, mature seeds, raw",Other,329.0,25.3,0.45,58.3,24.9,,13.0,70
107,"Beans, navy, mature seeds, canned",Other,113.0,7.53,0.43,20.4,5.1,0.28,336.0,60
108,"Beans, navy, mature seeds, cooked, boiled, with salt",Other,585.0,8.23,0.62,26.0,10.5,0.37,237.0,60
109,"Beans, navy, mature seeds, cooked, boiled, without salt",Other,140.0,8.23,0.62,26.0,10.5,0.37,0.0,60
110,"Beans, navy, mature seeds, raw",Other,1410.0,22.3,1.5,60.8,15.3,3.88,5.0,70
111,"Beans, pink, mature seeds, cooked, boiled, with salt",Other,149.0,9.06,0.49,27.9,5.3,0.36,238.0,60
112,"Beans, pink, mature seeds, cooked, boiled, without salt",Other,149.0,9.06,0.49,27.9,5.3,0.36,2.0,60
113,"Beans, pink, mature seeds, raw",Other,1440.0,21.0,1.13,64.2,12.7,2.14,8.0,70
114,"Beans, pinto, canned, drained solids",Other,114.0,6.99,0.9,20.2,5.5,0.54,239.0,60
115,"Beans, pinto, immature seeds, frozen, cooked, boiled, drained, with salt",Vegetables,678.0,9.31,0.48,30.9,5.4,,319.0,60
116,"Beans, pinto, immature seeds, frozen, cooked, boiled, drained, without salt",Vegetables,678.0,9.31,0.48,30.9,5.4,,83.0,60
117,"Beans, pinto, immature seeds, frozen, unprepared",Vegetables,170.0,9.8,0.5,32.5,5.7,,92.0,60
118,"Beans, pinto, mature seeds, canned, solids and liquids",Other,82.0,4.6,0.56,15.2,4.6,1.02,268.0,60
119,"Beans, pinto, mature seeds, canned, solids and liquids, low sodium",Other,345.0,4.6,0.56,15.2,4.6,1.02,146.0,60
120,"Beans, pinto, mature seeds, cooked, boiled, with salt",Other,600.0,9.01,0.65,26.2,9.0,0.34,238.0,60
121,"Beans, pinto, mature seeds, cooked, boiled, without salt",Other,600.0,9.01,0.65,26.2,9.0,0.34,1.0,60
122,"Beans, pinto, mature seeds, raw (Includes foods for USDA's Food Distribution Program)",Other,1450.0,21.4,1.23,62.6,15.5,2.11,12.0,70
123,"Beans, shellie, canned, solids and liquids",Vegetables,126.0,1.76,0.19,6.19,3.4,0.63,334.0,60
124,"Beans, small white, mature seeds, cooked, boiled, with salt",Other,142.0,8.97,0.64,25.8,10.4,,238.0,60
125,"Beans, small white, mature seeds, cooked, boiled, without salt",Other,142.0,8.97,0.64,25.8,10.4,,2.0,60
126,"Beans, small white, mature seeds, raw",Other,336.0,21.1,1.18,62.2,24.9,,12.0,70
127,"Beans, snap, green, cooked, boiled, drained, with salt",Vegetables,35.0,1.89,0.28,7.88,3.2,3.63,239.0,60
128,"Beans, snap, green, cooked, boiled, drained, without salt",Vegetables,35.0,1.89,0.28,7.88,3.2,3.63,1.0,60
129,"Beans, snap, green, frozen, all styles, microwaved",Vegetables,139.0,1.98,0.41,6.98,3.4,2.6,3.0,65
130,"Beans, snap, green, microwaved",Vegetables,33.0,2.31,0.5,6.41,3.4,3.22,3.0,60
131,"Beans, snap, green, raw",Vegetables,33.6,1.97,0.275,7.41,3.01,2.33,0.0,60
132,"Beans, snap, yellow, cooked, boiled, drained, with salt",Vegetables,35.0,1.89,0.28,7.88,3.3,3.63,239.0,60
133,"Beans, snap, yellow, cooked, boiled, drained, without salt",Vegetables,147.0,1.89,0.28,7.88,3.3,3.63,3.0,60
134,"Beans, snap, yellow, raw",Vegetables,129.0,1.82,0.12,7.13,3.4,3.27,6.0,65
135,"Beans, white, mature seeds, canned",Other,114.0,7.26,0.29,21.2,4.8,0.29,340.0,60
136,"Beans, white, mature seeds, cooked, boiled, with salt",Other,581.0,9.73,0.35,25.1,6.3,0.34,242.0,60
137,"Beans, white, mature seeds, cooked, boiled, without salt",Other,139.0,9.73,0.35,25.1,6.3,0.34,6.0,60
138,"Beans, white, mature seeds, raw",Other,1390.0,23.4,0.85,60.3,15.2,2.11,16.0,70
139,"Beans, yellow, mature seeds, cooked, boiled, with salt",Other,144.0,9.16,1.08,25.3,10.4,0.34,241.0,60
140,"Beans, yellow, mature seeds, cooked, boiled, without salt",Other,144.0,9.16,1.08,25.3,10.4,0.34,5.0,60
141,"Beans, yellow, mature seeds, raw",Other,345.0,22.0,2.6,60.7,25.1,,12.0,70
142,"Bear, black, meat (Alaska Native)",Other,649.0,20.1,8.3,0.0,,,,60
143,"Bear, polar, meat, raw (Alaska Native)",Other,130.0,25.6,3.1,0.0,,,,60
144,"Beef composite, separable lean only, trimmed to 1/8"" fat, choice, cooked",Meat & Poultry,850.0,28.7,9.16,0.0,0.0,0.0,53.0,60
145,"Beef, Australian, imported, grass-fed, loin, tenderloin steak/roast, boneless, separable lean and fat, raw",Meat & Poultry,151.0,20.5,7.63,0.01,0.0,0.0,62.0,60
146,"Beef, Australian, imported, grass-fed, loin, tenderloin steak/roast, boneless, separable lean only, raw",Meat & Poultry,138.0,20.8,6.11,0.0,0.0,0.0,63.0,60
147,"Beef, Australian, imported, grass-fed, loin, top loin steak/roast, boneless, separable lean only, raw",Meat & Poultry,548.0,21.8,4.87,0.0,0.0,0.0,66.0,60
148,"Beef, Australian, imported, grass-fed, loin, top sirloin cap-off steak/roast, boneless, separable lean and fat, raw",Meat & Poultry,532.0,21.8,4.45,0.01,0.0,0.0,59.0,60
149,"Beef, Australian, imported, grass-fed, loin, top sirloin cap-off steak/roast, boneless, separable lean only, raw",Meat & Poultry,122.0,21.9,3.87,0.0,0.0,0.0,60.0,60
150,"Beef, Australian, imported, grass-fed, rib, ribeye steak/roast lip-on, boneless, separable lean only, raw",Meat & Poultry,668.0,21.5,8.2,0.0,0.0,0.0,65.0,60
151,"Beef, Australian, imported, grass-fed, round, bottom round steak/roast, boneless, separable lean and fat, raw",Meat & Poultry,586.0,21.1,6.16,0.01,0.0,0.0,70.0,60
152,"Beef, Australian, imported, grass-fed, round, bottom round steak/roast, boneless, separable lean only, raw",Meat & Poultry,130.0,21.4,4.93,0.0,0.0,0.0,71.0,60
153,"Beef, Australian, imported, grass-fed, round, top round cap-off steak/roast, boneless, separable lean and fat, raw",Meat & Poultry,129.0,22.2,4.4,0.0,0.0,0.0,59.0,60
154,"Beef, Australian, imported, grass-fed, round, top round cap-off steak/roast, boneless, separable lean only, raw",Meat & Poultry,542.0,22.4,4.43,0.0,0.0,0.0,60.0,60
155,"Beef, bottom sirloin, tri-tip roast, separable lean and fat, trimmed to 0"" fat, all grades, cooked, roasted",Meat & Poultry,211.0,26.0,11.1,0.0,0.0,0.0,53.0,60
156,"Beef, bottom sirloin, tri-tip roast, separable lean and fat, trimmed to 0"" fat, all grades, raw",Meat & Poultry,165.0,20.6,8.55,0.0,0.0,0.0,52.0,60
157,"Beef, bottom sirloin, tri-tip roast, separable lean and fat, trimmed to 0"" fat, choice, cooked, roasted",Meat & Poultry,925.0,25.7,12.4,0.0,0.0,0.0,50.0,60
158,"Beef, bottom sirloin, tri-tip roast, separable lean and fat, trimmed to 0"" fat, choice, raw",Meat & Poultry,174.0,20.6,9.51,0.0,0.0,0.0,51.0,60
159,"Beef, bottom sirloin, tri-tip roast, separable lean and fat, trimmed to 0"" fat, select, cooked, roasted",Meat & Poultry,841.0,26.4,9.78,0.0,0.0,0.0,56.0,60
160,"Beef, bottom sirloin, tri-tip roast, separable lean and fat, trimmed to 0"" fat, select, raw",Meat & Poultry,157.0,20.6,7.68,0.0,0.0,0.0,53.0,60
161,"Beef, bottom sirloin, tri-tip roast, separable lean only, trimmed to 0"" fat, all grades, raw",Meat & Poultry,592.0,21.3,5.63,0.0,0.0,0.0,54.0,60
162,"Beef, bottom sirloin, tri-tip roast, separable lean only, trimmed to 0"" fat, choice, cooked, roasted",Meat & Poultry,193.0,26.3,9.73,0.0,0.0,0.0,54.0,60
163,"Beef, bottom sirloin, tri-tip roast, separable lean only, trimmed to 0"" fat, choice, raw",Meat & Poultry,645.0,21.2,7.06,0.0,0.0,0.0,54.0,60
164,"Beef, bottom sirloin, tri-tip roast, separable lean only, trimmed to 0"" fat, select, cooked, roasted",Meat & Poultry,179.0,27.2,6.95,0.0,0.0,0.0,58.0,60
165,"Beef, bottom sirloin, tri-tip roast, separable lean only, trimmed to 0"" fat, select, raw",Meat & Poultry,540.0,21.3,4.21,0.0,0.0,0.0,54.0,60
166,"Beef, brisket, flat half, boneless separable lean only, trimmed to 0"" fat, all grades, raw",Meat & Poultry,552.0,21.5,5.11,0.0,0.0,0.0,83.0,60
167,"Beef, brisket, flat half, boneless, separable lean and fat, trimmed to 0"" fat, all grades, raw",Meat & Poultry,165.0,20.3,9.29,0.0,0.0,0.0,80.0,60
168,"Beef, brisket, flat half, boneless, separable lean and fat, trimmed to 0"" fat, choice, raw",Meat & Poultry,169.0,20.2,9.86,0.0,0.0,0.0,79.0,60
169,"Beef, brisket, flat half, boneless, separable lean and fat, trimmed to 0"" fat, select, raw",Meat & Poultry,158.0,20.6,8.45,0.0,0.0,0.0,82.0,60
170,"Beef, brisket, flat half, boneless, separable lean only, trimmed to 0"" fat, choice, raw",Meat & Poultry,137.0,21.3,5.75,0.0,0.0,0.0,82.0,60
171,"Beef, brisket, flat half, boneless, separable lean only, trimmed to 0"" fat, select, raw",Meat & Poultry,520.0,21.7,4.14,0.0,0.0,0.0,85.0,60
172,"Beef, brisket, flat half, separable lean and fat, trimmed to 0"" fat, all grades, cooked, braised",Meat & Poultry,213.0,32.9,8.01,0.0,0.0,0.0,54.0,60
173,"Beef, brisket, flat half, separable lean and fat, trimmed to 0"" fat, choice, cooked, braised",Meat & Poultry,924.0,32.2,9.24,0.0,0.0,0.0,52.0,60
174,"Beef, brisket, flat half, separable lean and fat, trimmed to 0"" fat, select, cooked, braised",Meat & Poultry,856.0,33.6,6.77,0.0,0.0,0.0,57.0,60
175,"Beef, brisket, flat half, separable lean only, trimmed to 0"" fat, all grades, cooked, braised",Meat & Poultry,858.0,33.3,6.99,0.0,0.0,0.0,54.0,60
176,"Beef, brisket, flat half, separable lean only, trimmed to 0"" fat, choice, cooked, braised",Meat & Poultry,212.0,32.6,8.07,0.0,0.0,0.0,52.0,60
177,"Beef, brisket, flat half, separable lean only, trimmed to 0"" fat, select, cooked, braised",Meat & Poultry,198.0,33.9,5.92,0.0,0.0,0.0,56.0,60
178,"Beef, brisket, flat half, separable lean only, trimmed to 1/8"" fat, all grades, cooked, braised",Meat & Poultry,819.0,33.2,6.0,0.0,0.0,0.0,54.0,60
179,"Beef, brisket, flat half, separable lean only, trimmed to 1/8"" fat, all grades, raw",Meat & Poultry,127.0,21.6,3.84,0.0,0.0,0.0,74.0,60
180,"Beef, brisket, flat half, separable lean only, trimmed to 1/8"" fat, choice, cooked, braised",Meat & Poultry,848.0,33.1,6.79,0.0,0.0,0.0,53.0,60
181,"Beef, brisket, flat half, separable lean only, trimmed to 1/8"" fat, choice, raw",Meat & Poultry,541.0,21.7,4.06,0.0,0.0,0.0,75.0,60
182,"Beef, brisket, flat half, separable lean only, trimmed to 1/8"" fat, select, cooked, braised",Meat & Poultry,189.0,33.2,5.21,0.0,0.0,0.0,55.0,60
183,"Beef, brisket, flat half, separable lean only, trimmed to 1/8"" fat, select, raw",Meat & Poultry,124.0,21.4,3.61,0.0,0.0,0.0,76.0,60
184,"Beef, brisket, whole, separable lean only, all grades, raw",Meat & Poultry,658.0,20.7,7.37,0.6,0.0,0.0,79.0,60
185,"Beef, brisket, whole, separable lean only, trimmed to 0"" fat, all grades, cooked, braised",Meat & Poultry,218.0,29.8,10.1,0.0,0.0,0.0,70.0,60
186,"Beef, chuck eye Country-Style ribs, boneless, separable lean only, trimmed to 0"" fat, all grades, cooked, braised",Meat & Poultry,956.0,31.4,11.4,0.0,0.0,0.0,69.0,60
187,"Beef, chuck eye Country-Style ribs, boneless, separable lean only, trimmed to 0"" fat, all grades, raw",Meat & Poultry,146.0,21.0,6.95,0.0,0.0,0.0,82.0,60
188,"Beef, chuck eye Country-Style ribs, boneless, separable lean only, trimmed to 0"" fat, choice, raw",Meat & Poultry,152.0,20.9,7.67,0.0,0.0,0.0,81.0,60
189,"Beef, chuck eye Country-Style ribs, boneless, separable lean only, trimmed to 0"" fat, select, cooked, braised",Meat & Poultry,221.0,32.1,10.2,0.0,0.0,0.0,70.0,60
190,"Beef, chuck eye Country-Style ribs, boneless, separable lean only, trimmed to 0"" fat, select, raw",Meat & Poultry,575.0,21.1,5.89,0.0,0.0,0.0,82.0,60
191,"Beef, chuck eye roast, boneless, America's Beef Roast, separable lean and fat, trimmed to 0"" fat, select, raw",Meat & Poultry,724.0,19.2,10.7,0.0,0.0,0.0,82.0,60
192,"Beef, chuck eye roast, boneless, America's Beef Roast, separable lean only, trimmed to 0"" fat, all grades, cooked, roasted",Meat & Poultry,765.0,26.6,8.46,0.0,0.0,0.0,80.0,60
193,"Beef, chuck eye roast, boneless, America's Beef Roast, separable lean only, trimmed to 0"" fat, all grades, raw",Meat & Poultry,137.0,20.6,6.01,0.0,0.0,0.0,85.0,60
194,"Beef, chuck eye roast, boneless, America's Beef Roast, separable lean only, trimmed to 0"" fat, choice, cooked, roasted",Meat & Poultry,190.0,26.4,9.36,0.0,0.0,0.0,79.0,60
195,"Beef, chuck eye roast, boneless, America's Beef Roast, separable lean only, trimmed to 0"" fat, choice, raw",Meat & Poultry,580.0,20.7,6.21,0.0,0.0,0.0,85.0,60
196,"Beef, chuck eye roast, boneless, America's Beef Roast, separable lean only, trimmed to 0"" fat, select, cooked, roasted",Meat & Poultry,720.0,27.0,7.12,0.0,0.0,0.0,81.0,60
197,"Beef, chuck eye roast, boneless, America's Beef Roast, separable lean only, trimmed to 0"" fat, select, raw",Meat & Poultry,133.0,20.5,5.71,0.0,0.0,0.0,86.0,60
198,"Beef, chuck eye steak, boneless, separable lean only, trimmed to 0"" fat, all grades, cooked, grilled",Meat & Poultry,874.0,27.9,10.8,0.0,0.0,0.0,75.0,60
199,"Beef, chuck eye steak, boneless, separable lean only, trimmed to 0"" fat, all grades, raw",Meat & Poultry,153.0,21.3,7.56,0.0,0.0,0.0,70.0,60
200,"Beef, chuck eye steak, boneless, separable lean only, trimmed to 0"" fat, choice, cooked, grilled",Meat & Poultry,900.0,28.0,11.5,0.0,0.0,0.0,75.0,60
201,"Beef, chuck eye steak, boneless, separable lean only, trimmed to 0"" fat, choice, raw",Meat & Poultry,160.0,21.3,8.29,0.0,0.0,0.0,70.0,60
202,"Beef, chuck eye steak, boneless, separable lean only, trimmed to 0"" fat, select, cooked, grilled",Meat & Poultry,199.0,27.9,9.77,0.0,0.0,0.0,74.0,60
203,"Beef, chuck eye steak, boneless, separable lean only, trimmed to 0"" fat, select, raw",Meat & Poultry,600.0,21.3,6.47,0.0,0.0,0.0,73.0,60
204,"Beef, chuck for stew, separable lean and fat, all grades, cooked, braised",Meat & Poultry,191.0,32.4,6.82,0.0,0.0,0.0,67.0,60
205,"Beef, chuck for stew, separable lean and fat, all grades, raw",Meat & Poultry,535.0,21.8,4.48,0.16,0.0,0.0,80.0,60
206,"Beef, chuck for stew, separable lean and fat, choice, cooked, braised",Meat & Poultry,194.0,32.5,7.14,0.0,0.0,0.0,65.0,60
207,"Beef, chuck for stew, separable lean and fat, choice, raw",Meat & Poultry,545.0,21.6,4.81,0.12,0.0,0.0,79.0,60
208,"Beef, chuck for stew, separable lean and fat, select, cooked, braised",Meat & Poultry,779.0,32.3,6.34,0.0,0.0,0.0,68.0,60
209,"Beef, chuck for stew, separable lean and fat, select, raw",Meat & Poultry,124.0,21.9,3.99,0.21,0.0,0.0,81.0,60
210,"Beef, chuck, arm pot roast, separable lean only, trimmed to 0"" fat, choice, cooked, braised",Meat & Poultry,212.0,33.4,7.67,0.0,0.0,0.0,54.0,60
211,"Beef, chuck, arm pot roast, separable lean only, trimmed to 0"" fat, select, cooked, braised",Meat & Poultry,815.0,33.4,5.8,0.0,0.0,0.0,55.0,60
212,"Beef, chuck, arm pot roast, separable lean only, trimmed to 1/8"" fat, all grades, cooked, braised",Meat & Poultry,214.0,34.7,7.36,0.0,0.0,0.0,56.0,60
213,"Beef, chuck, arm pot roast, separable lean only, trimmed to 1/8"" fat, all grades, raw",Meat & Poultry,553.0,22.1,4.19,0.0,0.0,0.0,74.0,60
214,"Beef, chuck, arm pot roast, separable lean only, trimmed to 1/8"" fat, choice, cooked, braised",Meat & Poultry,224.0,34.7,8.37,0.0,0.0,0.0,56.0,60
215,"Beef, chuck, arm pot roast, separable lean only, trimmed to 1/8"" fat, choice, raw",Meat & Poultry,139.0,22.0,5.05,0.0,0.0,0.0,74.0,60
216,"Beef, chuck, arm pot roast, separable lean only, trimmed to 1/8"" fat, select, cooked, braised",Meat & Poultry,858.0,34.6,6.35,0.0,0.0,0.0,57.0,60
217,"Beef, chuck, arm pot roast, separable lean only, trimmed to 1/8"" fat, select, raw",Meat & Poultry,523.0,22.3,3.32,0.0,0.0,0.0,77.0,60
218,"Beef, chuck, clod roast, separable lean and fat, trimmed to 0"" fat, all grades, cooked, roasted",Meat & Poultry,207.0,25.7,10.8,0.0,0.0,0.0,71.0,60
219,"Beef, chuck, clod roast, separable lean and fat, trimmed to 0"" fat, choice, cooked, roasted",Meat & Poultry,216.0,24.6,12.3,0.0,0.0,0.0,71.0,60
220,"Beef, chuck, clod roast, separable lean and fat, trimmed to 0"" fat, select, cooked, roasted",Meat & Poultry,196.0,27.3,8.76,0.0,0.0,0.0,72.0,60
221,"Beef, chuck, clod roast, separable lean only, trimmed to 0"" fat, all grades, cooked, roasted",Meat & Poultry,172.0,26.8,6.34,0.0,0.0,0.0,74.0,60
222,"Beef, chuck, clod roast, separable lean only, trimmed to 0"" fat, choice, cooked, roasted",Meat & Poultry,716.0,26.0,6.69,0.0,0.0,0.0,74.0,60
223,"Beef, chuck, clod roast, separable lean only, trimmed to 0"" fat, select, cooked, roasted",Meat & Poultry,172.0,28.1,5.82,0.0,0.0,0.0,74.0,60
224,"Beef, chuck, clod roast, separable lean only, trimmed to 1/4"" fat, all grades, cooked, roasted",Meat & Poultry,726.0,26.4,6.75,0.0,0.0,0.0,71.0,60
225,"Beef, chuck, clod roast, separable lean only, trimmed to 1/4"" fat, all grades, raw",Meat & Poultry,540.0,19.6,5.02,0.0,0.0,0.0,64.0,60
226,"Beef, chuck, clod steak, separable lean only, trimmed to 1/4"" fat, all grades, cooked, braised",Meat & Poultry,790.0,29.3,7.04,0.0,0.0,0.0,60.0,60
227,"Beef, chuck, mock tender steak, boneless, separable lean and fat, trimmed to 0"" fat, all grades, cooked, braised",Meat & Poultry,220.0,32.1,10.2,0.0,0.0,0.0,67.0,60
228,"Beef, chuck, mock tender steak, boneless, separable lean and fat, trimmed to 0"" fat, all grades, raw",Meat & Poultry,534.0,21.1,4.79,0.0,0.0,0.0,80.0,60
229,"Beef, chuck, mock tender steak, boneless, separable lean and fat, trimmed to 0"" fat, choice, cooked, braised",Meat & Poultry,943.0,32.2,10.7,0.0,0.0,0.0,66.0,60
230,"Beef, chuck, mock tender steak, boneless, separable lean and fat, trimmed to 0"" fat, choice, raw",Meat & Poultry,131.0,21.2,5.18,0.0,0.0,0.0,82.0,60
231,"Beef, chuck, mock tender steak, boneless, separable lean and fat, trimmed to 0"" fat, select, cooked, braised",Meat & Poultry,211.0,31.9,9.34,0.0,0.0,0.0,69.0,60
232,"Beef, chuck, mock tender steak, boneless, separable lean and fat, trimmed to 0"" fat, select, raw",Meat & Poultry,510.0,21.0,4.2,0.0,0.0,0.0,76.0,60
233,"Beef, chuck, mock tender steak, boneless, separable lean only, trimmed to 0"" fat, all grades, cooked, braised",Meat & Poultry,190.0,33.3,6.34,0.0,0.0,0.0,68.0,60
234,"Beef, chuck, mock tender steak, boneless, separable lean only, trimmed to 0"" fat, all grades, raw",Meat & Poultry,514.0,21.3,4.17,0.0,0.0,0.0,81.0,60
235,"Beef, chuck, mock tender steak, boneless, separable lean only, trimmed to 0"" fat, choice, cooked, braised",Meat & Poultry,197.0,33.6,6.94,0.0,0.0,0.0,67.0,60
236,"Beef, chuck, mock tender steak, boneless, separable lean only, trimmed to 0"" fat, choice, raw",Meat & Poultry,531.0,21.4,4.6,0.0,0.0,0.0,83.0,60
237,"Beef, chuck, mock tender steak, boneless, separable lean only, trimmed to 0"" fat, select, cooked, braised",Meat & Poultry,757.0,33.0,5.44,0.0,0.0,0.0,70.0,60
238,"Beef, chuck, mock tender steak, boneless, separable lean only, trimmed to 0"" fat, select, raw",Meat & Poultry,117.0,21.2,3.53,0.0,0.0,0.0,76.0,60
239,"Beef, chuck, mock tender steak, separable lean and fat, trimmed to 0"" fat, all grades, cooked, broiled",Meat & Poultry,160.0,25.9,5.52,0.0,0.0,0.0,71.0,60
240,"Beef, chuck, mock tender steak, separable lean and fat, trimmed to 0"" fat, USDA choice, cooked, broiled",Meat & Poultry,161.0,25.7,5.72,0.0,0.0,0.0,73.0,60
241,"Beef, chuck, mock tender steak, separable lean and fat, trimmed to 0"" fat, USDA select, cooked, broiled",Meat & Poultry,159.0,26.1,5.24,0.0,0.0,0.0,68.0,60
242,"Beef, chuck, mock tender steak, separable lean only, trimmed to 0"" fat, all grades, cooked, broiled",Meat & Poultry,159.0,25.9,5.42,0.0,0.0,0.0,71.0,60
243,"Beef, chuck, mock tender steak, separable lean only, trimmed to 0"" fat, choice, cooked, broiled",Meat & Poultry,675.0,25.7,5.69,0.0,0.0,0.0,73.0,60
244,"Beef, chuck, mock tender steak, separable lean only, trimmed to 0"" fat, select, cooked, broiled",Meat & Poultry,157.0,26.1,5.02,0.0,0.0,0.0,68.0,60
245,"Beef, chuck, short ribs, boneless, separable lean only, trimmed to 0"" fat, all grades, cooked, braised",Meat & Poultry,1000.0,28.8,13.8,0.0,0.0,0.0,75.0,60
246,"Beef, chuck, short ribs, boneless, separable lean only, trimmed to 0"" fat, all grades, raw",Meat & Poultry,169.0,19.7,10.0,0.05,0.0,0.0,85.0,60
247,"Beef, chuck, short ribs, boneless, separable lean only, trimmed to 0"" fat, choice, cooked, braised",Meat & Poultry,1050.0,28.8,15.0,0.0,0.0,0.0,75.0,60
248,"Beef, chuck, short ribs, boneless, separable lean only, trimmed to 0"" fat, choice, raw",Meat & Poultry,175.0,19.4,10.7,0.29,0.0,0.0,81.0,60
249,"Beef, chuck, short ribs, boneless, separable lean only, trimmed to 0"" fat, select, cooked, braised",Meat & Poultry,224.0,28.8,12.1,0.0,0.0,0.0,75.0,60
250,"Beef, chuck, short ribs, boneless, separable lean only, trimmed to 0"" fat, select, raw",Meat & Poultry,676.0,20.1,8.99,0.0,0.0,0.0,93.0,60
251,"Beef, chuck, shoulder clod, shoulder tender, medallion, separable lean and fat, trimmed to 0"" fat, all grades, cooked, grilled",Meat & Poultry,177.0,26.2,7.2,0.0,0.0,0.0,59.0,60
252,"Beef, chuck, shoulder clod, shoulder tender, medallion, separable lean and fat, trimmed to 0"" fat, all grades, raw",Meat & Poultry,602.0,20.5,6.22,0.0,0.0,0.0,58.0,60
253,"Beef, chuck, shoulder clod, shoulder tender, medallion, separable lean and fat, trimmed to 0"" fat, choice, cooked, grilled",Meat & Poultry,756.0,26.1,7.68,0.0,0.0,0.0,60.0,60
254,"Beef, chuck, shoulder clod, shoulder tender, medallion, separable lean and fat, trimmed to 0"" fat, choice, raw",Meat & Poultry,145.0,20.5,6.36,0.0,0.0,0.0,59.0,60
255,"Beef, chuck, shoulder clod, shoulder tender, medallion, separable lean and fat, trimmed to 0"" fat, select, cooked, grilled",Meat & Poultry,721.0,26.4,6.43,0.33,0.0,0.0,58.0,60
256,"Beef, chuck, shoulder clod, shoulder tender, medallion, separable lean and fat, trimmed to 0"" fat, select, raw",Meat & Poultry,142.0,20.9,5.79,0.0,0.0,0.0,60.0,60
257,"Beef, chuck, shoulder clod, shoulder top and center steaks, separable lean and fat, trimmed to 0"" fat, all grades, cooked, grilled",Meat & Poultry,182.0,26.3,7.66,0.12,0.0,0.0,60.0,60
258,"Beef, chuck, shoulder clod, shoulder top and center steaks, separable lean and fat, trimmed to 0"" fat, all grades, raw",Meat & Poultry,592.0,20.7,5.88,0.0,0.0,0.0,60.0,60
259,"Beef, chuck, shoulder clod, shoulder top and center steaks, separable lean and fat, trimmed to 0"" fat, choice, cooked, grilled",Meat & Poultry,184.0,26.1,8.11,0.0,0.0,0.0,59.0,60
260,"Beef, chuck, shoulder clod, shoulder top and center steaks, separable lean and fat, trimmed to 0"" fat, choice, raw",Meat & Poultry,597.0,20.4,6.12,0.0,0.0,0.0,61.0,60
261,"Beef, chuck, shoulder clod, shoulder top and center steaks, separable lean and fat, trimmed to 0"" fat, select, cooked, grilled",Meat & Poultry,176.0,26.7,6.94,0.0,0.0,0.0,62.0,60
262,"Beef, chuck, shoulder clod, shoulder top and center steaks, separable lean and fat, trimmed to 0"" fat, select, raw",Meat & Poultry,585.0,21.1,5.51,0.0,0.0,0.0,58.0,60
263,"Beef, chuck, shoulder clod, top blade, steak, separable lean and fat, trimmed to 0"" fat, all grades, raw",Meat & Poultry,736.0,19.0,10.5,0.0,0.0,0.0,74.0,60
264,"Beef, chuck, shoulder clod, top blade, steak, separable lean and fat, trimmed to 0"" fat, choice, raw",Meat & Poultry,762.0,18.8,11.3,0.0,0.0,0.0,74.0,60
265,"Beef, chuck, shoulder clod, top blade, steak, separable lean and fat, trimmed to 0"" fat, select, cooked, grilled",Meat & Poultry,212.0,25.3,11.5,0.0,0.0,0.0,76.0,60
266,"Beef, chuck, shoulder clod, top blade, steak, separable lean and fat, trimmed to 0"" fat, select, raw",Meat & Poultry,694.0,19.4,9.22,0.0,0.0,0.0,75.0,60
267,"Beef, chuck, top blade, separable lean and fat, trimmed to 0"" fat, all grades, cooked, broiled",Meat & Poultry,216.0,25.7,11.7,0.0,0.0,0.0,67.0,60
268,"Beef, chuck, top blade, separable lean and fat, trimmed to 0"" fat, choice, cooked, broiled",Meat & Poultry,227.0,25.8,12.9,0.0,0.0,0.0,68.0,60
269,"Beef, chuck, top blade, separable lean and fat, trimmed to 0"" fat, select, cooked, broiled",Meat & Poultry,835.0,25.7,9.99,0.0,0.0,0.0,67.0,60
270,"Beef, chuck, top blade, separable lean only, trimmed to 0"" fat, all grades, cooked, broiled",Meat & Poultry,850.0,26.1,10.2,0.0,0.0,0.0,68.0,60
271,"Beef, chuck, top blade, separable lean only, trimmed to 0"" fat, choice, cooked, broiled",Meat & Poultry,906.0,26.1,11.6,0.0,0.0,0.0,68.0,60
272,"Beef, chuck, top blade, separable lean only, trimmed to 0"" fat, select, cooked, broiled",Meat & Poultry,184.0,26.2,8.0,0.0,0.0,0.0,68.0,60
273,"Beef, chuck, under blade center steak, boneless, Denver Cut, separable lean and fat, trimmed to 0"" fat, all grades, raw",Meat & Poultry,762.0,19.0,11.6,0.36,0.0,0.0,76.0,60
274,"Beef, chuck, under blade center steak, boneless, Denver Cut, separable lean and fat, trimmed to 0"" fat, select, raw",Meat & Poultry,718.0,19.2,10.5,0.09,0.0,0.0,76.0,60
275,"Beef, chuck, under blade center steak, boneless, Denver Cut, separable lean only, trimmed to 0"" fat, all grades, raw",Meat & Poultry,170.0,19.4,9.99,0.49,0.0,0.0,77.0,60
276,"Beef, chuck, under blade center steak, boneless, Denver Cut, separable lean only, trimmed to 0"" fat, choice, raw",Meat & Poultry,746.0,19.2,11.0,0.67,0.0,0.0,76.0,60
277,"Beef, chuck, under blade center steak, boneless, Denver Cut, separable lean only, trimmed to 0"" fat, select, cooked, grilled",Meat & Poultry,875.0,26.5,11.5,0.0,0.0,0.0,74.0,60
278,"Beef, chuck, under blade center steak, boneless, Denver Cut, separable lean only, trimmed to 0"" fat, select, raw",Meat & Poultry,157.0,19.7,8.54,0.21,0.0,0.0,77.0,60
279,"Beef, chuck, under blade pot roast or steak, boneless, separable lean only, trimmed to 0"" fat, all grades, raw",Meat & Poultry,140.0,21.1,6.07,0.31,0.0,0.0,81.0,60
280,"Beef, chuck, under blade pot roast or steak, boneless, separable lean only, trimmed to 0"" fat, choice, raw",Meat & Poultry,606.0,21.2,6.51,0.39,0.0,0.0,80.0,60
281,"Beef, chuck, under blade pot roast or steak, boneless, separable lean only, trimmed to 0"" fat, select, raw",Meat & Poultry,134.0,21.0,5.41,0.19,0.0,0.0,81.0,60
282,"Beef, chuck, under blade pot roast, boneless, separable lean only, trimmed to 0"" fat, all grades, cooked, braised",Meat & Poultry,905.0,30.5,10.5,0.0,0.0,0.0,65.0,60
283,"Beef, chuck, under blade pot roast, boneless, separable lean only, trimmed to 0"" fat, choice, cooked, braised",Meat & Poultry,965.0,30.4,11.1,0.0,0.0,0.0,63.0,60
284,"Beef, chuck, under blade pot roast, boneless, separable lean only, trimmed to 0"" fat, select, cooked, braised",Meat & Poultry,216.0,30.7,9.44,0.0,0.0,0.0,67.0,60
285,"Beef, chuck, under blade steak, boneless, separable lean only, trimmed to 0"" fat, all grades, cooked, braised",Meat & Poultry,219.0,31.4,10.4,0.0,0.0,0.0,65.0,60
286,"Beef, chuck, under blade steak, boneless, separable lean only, trimmed to 0"" fat, choice, cooked, braised",Meat & Poultry,222.0,30.9,10.9,0.0,0.0,0.0,65.0,60
287,"Beef, chuck, under blade steak, boneless, separable lean only, trimmed to 0"" fat, select, cooked, braised",Meat & Poultry,215.0,32.0,9.66,0.0,0.0,0.0,66.0,60
288,"Beef, composite of trimmed retail cuts, separable lean and fat, trimmed to 0"" fat, all grades, cooked",Meat & Poultry,230.0,28.4,12.4,0.0,0.0,0.0,62.0,60
289,"Beef, composite of trimmed retail cuts, separable lean and fat, trimmed to 0"" fat, all grades, raw",Meat & Poultry,701.0,21.0,9.3,0.0,0.0,0.0,61.0,60
290,"Beef, composite of trimmed retail cuts, separable lean and fat, trimmed to 0"" fat, choice, raw",Meat & Poultry,176.0,21.3,10.1,0.0,0.0,0.0,61.0,60
291,"Beef, composite of trimmed retail cuts, separable lean and fat, trimmed to 0"" fat, select, cooked",Meat & Poultry,847.0,28.6,9.18,0.0,0.0,0.0,62.0,60
292,"Beef, composite of trimmed retail cuts, separable lean and fat, trimmed to 0"" fat, select, raw",Meat & Poultry,657.0,21.2,8.0,0.0,0.0,0.0,61.0,60
293,"Beef, composite of trimmed retail cuts, separable lean only, trimmed to 0"" fat, all grades, cooked",Meat & Poultry,850.0,29.9,8.37,0.0,0.0,0.0,64.0,60
294,"Beef, composite of trimmed retail cuts, separable lean only, trimmed to 0"" fat, all grades, raw",Meat & Poultry,138.0,22.2,5.54,0.0,0.0,0.0,60.0,60
295,"Beef, composite of trimmed retail cuts, separable lean only, trimmed to 0"" fat, choice, cooked",Meat & Poultry,206.0,29.5,8.87,0.0,0.0,0.0,63.0,60
296,"Beef, composite of trimmed retail cuts, separable lean only, trimmed to 0"" fat, choice, raw",Meat & Poultry,633.0,21.6,7.24,0.0,0.0,0.0,66.0,60
297,"Beef, composite of trimmed retail cuts, separable lean only, trimmed to 0"" fat, select, cooked",Meat & Poultry,788.0,29.9,7.12,0.0,0.0,0.0,64.0,60
298,"Beef, composite of trimmed retail cuts, separable lean only, trimmed to 0"" fat, select, raw",Meat & Poultry,133.0,22.0,4.99,0.0,0.0,0.0,63.0,60
299,"Beef, composite of trimmed retail cuts, separable lean only, trimmed to 1/8"" fat, all grades, cooked",Meat & Poultry,194.0,29.0,8.15,0.0,0.0,0.0,54.0,60
300,"Beef, composite of trimmed retail cuts, separable lean only, trimmed to 1/8"" fat, all grades, raw",Meat & Poultry,587.0,22.2,5.38,0.0,0.0,0.0,56.0,60
301,"Beef, composite of trimmed retail cuts, separable lean only, trimmed to 1/8"" fat, choice, raw",Meat & Poultry,596.0,22.0,6.05,0.0,0.0,0.0,55.0,60
302,"Beef, composite of trimmed retail cuts, separable lean only, trimmed to 1/8"" fat, select, cooked",Meat & Poultry,167.0,27.5,6.37,0.0,0.0,0.0,51.0,60
303,"Beef, composite of trimmed retail cuts, separable lean only, trimmed to 1/8"" fat, select, raw",Meat & Poultry,546.0,22.4,4.55,0.0,0.0,0.0,58.0,60
304,"Beef, flank, steak, boneless, choice, raw",Meat & Poultry,170.0,20.1,9.4,0.0,,,51.3,60
305,"Beef, flank, steak, separable lean and fat, trimmed to 0"" fat, all grades, cooked, broiled",Meat & Poultry,805.0,27.7,8.23,0.0,0.0,0.0,56.0,60
306,"Beef, flank, steak, separable lean and fat, trimmed to 0"" fat, all grades, raw",Meat & Poultry,650.0,21.2,7.17,0.0,0.0,0.0,54.0,60
307,"Beef, flank, steak, separable lean and fat, trimmed to 0"" fat, choice, cooked, broiled",Meat & Poultry,843.0,27.6,9.31,0.0,0.0,0.0,53.0,60
308,"Beef, flank, steak, separable lean and fat, trimmed to 0"" fat, choice, raw",Meat & Poultry,165.0,21.2,8.29,0.0,0.0,0.0,54.0,60
309,"Beef, flank, steak, separable lean and fat, trimmed to 0"" fat, select, cooked, broiled",Meat & Poultry,183.0,27.8,7.15,0.0,0.0,0.0,58.0,60
310,"Beef, flank, steak, separable lean and fat, trimmed to 0"" fat, select, raw",Meat & Poultry,145.0,21.2,6.06,0.0,0.0,0.0,54.0,60
311,"Beef, flank, steak, separable lean only, trimmed to 0"" fat, all grades, cooked, broiled",Meat & Poultry,777.0,27.9,7.4,0.0,0.0,0.0,57.0,60
312,"Beef, flank, steak, separable lean only, trimmed to 0"" fat, all grades, raw",Meat & Poultry,592.0,21.6,5.47,0.0,0.0,0.0,55.0,60
313,"Beef, flank, steak, separable lean only, trimmed to 0"" fat, choice, cooked, broiled",Meat & Poultry,811.0,27.8,8.32,0.0,0.0,0.0,56.0,60
314,"Beef, flank, steak, separable lean only, trimmed to 0"" fat, choice, raw",Meat & Poultry,149.0,21.7,6.29,0.0,0.0,0.0,57.0,60
315,"Beef, flank, steak, separable lean only, trimmed to 0"" fat, select, cooked, broiled",Meat & Poultry,178.0,28.0,6.48,0.0,0.0,0.0,59.0,60
316,"Beef, flank, steak, separable lean only, trimmed to 0"" fat, select, raw",Meat & Poultry,137.0,21.4,5.0,0.0,0.0,0.0,53.0,60
317,"Beef, grass-fed, strip steaks, lean only, raw",Meat & Poultry,117.0,23.1,2.69,0.0,0.0,0.0,55.0,60
318,"Beef, ground, 90% lean meat / 10% fat, crumbles, cooked, pan-browned",Meat & Poultry,963.0,28.4,12.0,0.0,0.0,0.0,87.0,60
319,"Beef, ground, 90% lean meat / 10% fat, loaf, cooked, baked",Meat & Poultry,214.0,26.6,11.1,0.0,0.0,0.0,61.0,60
320,"Beef, ground, 90% lean meat / 10% fat, patty, cooked, broiled",Meat & Poultry,910.0,26.1,11.8,0.0,0.0,0.0,68.0,60
321,"Beef, ground, 90% lean meat / 10% fat, patty, cooked, pan-broiled",Meat & Poultry,204.0,25.2,10.7,0.0,0.0,0.0,75.0,60
322,"Beef, ground, 90% lean meat / 10% fat, raw",Meat & Poultry,735.0,20.0,10.0,0.0,0.0,0.0,66.0,60
323,"Beef, ground, 93% lean meat / 7% fat, crumbles, cooked, pan-browned",Meat & Poultry,875.0,28.9,9.51,0.0,0.0,0.0,86.0,60
324,"Beef, ground, 93% lean meat / 7% fat, loaf, cooked, baked",Meat & Poultry,192.0,27.0,8.43,0.0,0.0,0.0,59.0,60
325,"Beef, ground, 93% lean meat / 7% fat, patty, cooked, broiled",Meat & Poultry,193.0,26.2,8.94,0.0,0.0,0.0,66.0,60
326,"Beef, ground, 93% lean meat / 7% fat, raw",Meat & Poultry,637.0,20.8,7.0,0.0,0.0,0.0,66.0,60
327,"Beef, ground, 93% lean meat /7% fat, patty, cooked, pan-broiled",Meat & Poultry,760.0,25.6,8.01,0.06,0.0,0.0,72.0,60
328,"Beef, ground, 95% lean meat / 5% fat, crumbles, cooked, pan-browned",Meat & Poultry,193.0,29.2,7.58,0.0,0.0,0.0,85.0,60
329,"Beef, ground, 95% lean meat / 5% fat, loaf, cooked, baked",Meat & Poultry,728.0,27.3,6.37,0.0,0.0,0.0,58.0,60
330,"Beef, ground, 95% lean meat / 5% fat, patty, cooked, broiled",Meat & Poultry,174.0,26.3,6.8,0.0,0.0,0.0,65.0,60
331,"Beef, ground, 95% lean meat / 5% fat, patty, cooked, pan-broiled",Meat & Poultry,685.0,25.8,5.94,0.0,0.0,0.0,71.0,60
332,"Beef, ground, 95% lean meat / 5% fat, raw",Meat & Poultry,137.0,21.4,5.0,0.0,0.0,0.0,66.0,60
333,"Beef, ground, 97% lean meat / 3% fat, crumbles, cooked, pan-browned",Meat & Poultry,175.0,29.5,5.46,0.0,0.0,0.0,84.0,60
334,"Beef, ground, 97% lean meat / 3% fat, loaf, cooked, baked",Meat & Poultry,646.0,27.6,4.06,0.0,0.0,0.0,56.0,60
335,"Beef, ground, 97% lean meat / 3% fat, patty, cooked, broiled",Meat & Poultry,639.0,26.4,4.46,0.0,0.0,0.0,64.0,60
336,"Beef, ground, 97% lean meat / 3% fat, raw",Meat & Poultry,121.0,22.0,3.0,0.0,0.0,0.0,66.0,60
337,"Beef, ground, 97% lean meat /3% fat, patty, cooked, pan-broiled",Meat & Poultry,144.0,26.0,3.65,0.0,0.0,0.0,69.0,60
338,"Beef, loin, bottom sirloin butt, tri-tip roast, separable lean only, trimmed to 0"" fat, all grades, cooked, roasted",Meat & Poultry,762.0,26.8,8.34,0.0,0.0,0.0,55.0,60
339,"Beef, loin, tenderloin roast, boneless, separable lean and fat, trimmed to 0"" fat, all grades, cooked, roasted",Meat & Poultry,764.0,27.3,8.14,0.0,0.0,0.0,56.0,60
340,"Beef, loin, tenderloin roast, boneless, separable lean and fat, trimmed to 0"" fat, all grades, raw",Meat & Poultry,149.0,21.7,6.93,0.0,0.0,0.0,44.0,60
341,"Beef, loin, tenderloin roast, boneless, separable lean and fat, trimmed to 0"" fat, choice, cooked, roasted",Meat & Poultry,188.0,27.3,8.82,0.0,0.0,0.0,56.0,60
342,"Beef, loin, tenderloin roast, boneless, separable lean and fat, trimmed to 0"" fat, choice, raw",Meat & Poultry,639.0,21.5,7.4,0.0,0.0,0.0,44.0,60
343,"Beef, loin, tenderloin roast, boneless, separable lean and fat, trimmed to 0"" fat, select, cooked, roasted",Meat & Poultry,726.0,27.4,7.12,0.0,0.0,0.0,54.0,60
344,"Beef, loin, tenderloin roast, boneless, separable lean and fat, trimmed to 0"" fat, select, raw",Meat & Poultry,144.0,21.9,6.21,0.0,0.0,0.0,42.0,60
345,"Beef, loin, tenderloin roast, boneless, separable lean only, trimmed to 0"" fat, all grades, cooked, roasted",Meat & Poultry,743.0,27.5,7.49,0.0,0.0,0.0,56.0,60
346,"Beef, loin, tenderloin roast, boneless, separable lean only, trimmed to 0"" fat, all grades, raw",Meat & Poultry,139.0,21.9,5.74,0.0,0.0,0.0,44.0,60
347,"Beef, loin, tenderloin roast, boneless, separable lean only, trimmed to 0"" fat, choice, cooked, roasted",Meat & Poultry,183.0,27.5,8.13,0.0,0.0,0.0,56.0,60
348,"Beef, loin, tenderloin roast, boneless, separable lean only, trimmed to 0"" fat, choice, raw",Meat & Poultry,597.0,21.8,6.16,0.0,0.0,0.0,45.0,60
349,"Beef, loin, tenderloin roast, boneless, separable lean only, trimmed to 0"" fat, select, raw",Meat & Poultry,135.0,22.2,5.1,0.0,0.0,0.0,42.0,60
350,"Beef, loin, tenderloin roast, separable lean only, boneless, trimmed to 0"" fat, select, cooked, roasted",Meat & Poultry,707.0,27.6,6.54,0.0,0.0,0.0,54.0,60
351,"Beef, loin, tenderloin roast, separable lean only, boneless, trimmed to 0"" fat, select, cooked, roasted",Meat & Poultry,735.0,27.7,6.36,0.0,,,54.0,60
352,"Beef, loin, tenderloin steak, boneless, separable lean and fat, trimmed to 0"" fat, all grades, cooked, grilled",Meat & Poultry,211.0,30.5,8.91,0.0,0.0,0.0,57.0,60
353,"Beef, loin, tenderloin steak, boneless, separable lean and fat, trimmed to 0"" fat, all grades, raw",Meat & Poultry,147.0,21.7,6.67,0.0,0.0,0.0,44.0,60
354,"Beef, loin, tenderloin steak, boneless, separable lean and fat, trimmed to 0"" fat, choice, cooked, grilled",Meat & Poultry,906.0,30.2,9.71,0.0,0.0,0.0,58.0,60
355,"Beef, loin, tenderloin steak, boneless, separable lean and fat, trimmed to 0"" fat, choice, raw",Meat & Poultry,628.0,21.6,7.1,0.0,0.0,0.0,44.0,60
356,"Beef, loin, tenderloin steak, boneless, separable lean and fat, trimmed to 0"" fat, select, cooked, grilled",Meat & Poultry,202.0,30.9,7.7,0.0,0.0,0.0,54.0,60
357,"Beef, loin, tenderloin steak, boneless, separable lean and fat, trimmed to 0"" fat, select, raw",Meat & Poultry,142.0,22.0,6.02,0.0,0.0,0.0,42.0,60
358,"Beef, loin, tenderloin steak, boneless, separable lean only, trimmed to 0"" fat, all grades, cooked, grilled",Meat & Poultry,198.0,30.7,8.32,0.0,0.0,0.0,59.0,60
359,"Beef, loin, tenderloin steak, boneless, separable lean only, trimmed to 0"" fat, all grades, raw",Meat & Poultry,139.0,21.9,5.74,0.0,0.0,0.0,44.0,60
360,"Beef, loin, tenderloin steak, boneless, separable lean only, trimmed to 0"" fat, choice, cooked, grilled",Meat & Poultry,885.0,30.4,9.03,0.0,0.0,0.0,71.0,60
361,"Beef, loin, tenderloin steak, boneless, separable lean only, trimmed to 0"" fat, choice, raw",Meat & Poultry,597.0,21.8,6.16,0.0,0.0,0.0,45.0,60
362,"Beef, loin, tenderloin steak, boneless, separable lean only, trimmed to 0"" fat, select, cooked, grilled",Meat & Poultry,829.0,31.1,7.25,0.0,0.0,0.0,55.0,60
363,"Beef, loin, tenderloin steak, boneless, separable lean only, trimmed to 0"" fat, select, raw",Meat & Poultry,135.0,22.2,5.1,0.0,0.0,0.0,42.0,60
364,"Beef, loin, top loin steak, boneless, lip off, separable lean and fat, trimmed to 0"" fat, all grades, cooked, grilled",Meat & Poultry,223.0,28.6,11.2,0.0,0.0,0.0,59.0,60
365,"Beef, loin, top loin steak, boneless, lip off, separable lean and fat, trimmed to 0"" fat, all grades, raw",Meat & Poultry,683.0,22.4,8.17,0.0,0.0,0.0,45.0,60
366,"Beef, loin, top loin steak, boneless, lip off, separable lean and fat, trimmed to 0"" fat, choice, raw",Meat & Poultry,171.0,22.2,9.16,0.0,0.0,0.0,45.0,60
367,"Beef, loin, top loin steak, boneless, lip off, separable lean and fat, trimmed to 0"" fat, select, cooked, grilled",Meat & Poultry,207.0,29.2,9.12,0.0,0.0,0.0,57.0,60
368,"Beef, loin, top loin steak, boneless, lip off, separable lean and fat, trimmed to 0"" fat, select, raw",Meat & Poultry,633.0,22.8,6.67,0.0,0.0,0.0,46.0,60
369,"Beef, loin, top loin steak, boneless, lip off, separable lean only, trimmed to 0"" fat, all grades, cooked, grilled",Meat & Poultry,202.0,29.5,8.41,0.0,0.0,0.0,61.0,60
370,"Beef, loin, top loin steak, boneless, lip off, separable lean only, trimmed to 0"" fat, all grades, raw",Meat & Poultry,600.0,23.1,5.67,0.0,0.0,0.0,46.0,60
371,"Beef, loin, top loin steak, boneless, lip off, separable lean only, trimmed to 0"" fat, choice, cooked, grilled",Meat & Poultry,882.0,29.2,9.52,0.0,0.0,0.0,59.0,60
372,"Beef, loin, top loin steak, boneless, lip off, separable lean only, trimmed to 0"" fat, choice, raw",Meat & Poultry,149.0,22.9,6.34,0.0,0.0,0.0,46.0,60
373,"Beef, loin, top loin steak, boneless, lip off, separable lean only, trimmed to 0"" fat, select, cooked, grilled",Meat & Poultry,189.0,30.0,6.74,0.0,0.0,0.0,58.0,60
374,"Beef, loin, top loin steak, boneless, lip off, separable lean only, trimmed to 0"" fat, select, raw",Meat & Poultry,565.0,23.3,4.66,0.0,0.0,0.0,47.0,60
375,"Beef, loin, top loin steak, boneless, lip-on, separable lean only, trimmed to 1/8"" fat, all grades, cooked, grilled",Meat & Poultry,198.0,29.1,9.11,0.0,0.0,0.0,54.0,60
376,"Beef, loin, top loin steak, boneless, lip-on, separable lean only, trimmed to 1/8"" fat, all grades, raw",Meat & Poultry,143.0,23.1,5.67,0.0,0.0,0.0,46.0,60
377,"Beef, loin, top loin steak, boneless, lip-on, separable lean only, trimmed to 1/8"" fat, choice, cooked, grilled",Meat & Poultry,208.0,28.7,10.3,0.0,0.0,0.0,56.0,60
378,"Beef, loin, top loin steak, boneless, lip-on, separable lean only, trimmed to 1/8"" fat, choice, raw",Meat & Poultry,622.0,22.9,6.34,0.0,0.0,0.0,46.0,60
379,"Beef, loin, top loin steak, boneless, lip-on, separable lean only, trimmed to 1/8"" fat, choice, raw",Meat & Poultry,648.0,22.8,6.39,0.0,,,45.0,60
380,"Beef, loin, top loin steak, boneless, lip-on, separable lean only, trimmed to 1/8"" fat, select, cooked, grilled",Meat & Poultry,770.0,29.7,7.26,0.0,0.0,0.0,51.0,60
381,"Beef, loin, top loin steak, boneless, lip-on, separable lean only, trimmed to 1/8"" fat, select, raw",Meat & Poultry,135.0,23.3,4.66,0.0,0.0,0.0,47.0,60
382,"Beef, loin, top sirloin cap steak, boneless, separable lean and fat, trimmed to 1/8"" fat, all grades, raw",Meat & Poultry,191.0,19.9,12.4,0.0,0.0,0.0,80.0,60
383,"Beef, loin, top sirloin cap steak, boneless, separable lean and fat, trimmed to 1/8"" fat, select, raw",Meat & Poultry,179.0,20.1,10.9,0.0,0.0,0.0,78.0,60
384,"Beef, loin, top sirloin cap steak, boneless, separable lean only, trimmed to 1/8"" fat, all grades, cooked, grilled",Meat & Poultry,181.0,28.3,7.23,0.73,0.0,0.0,62.0,60
385,"Beef, loin, top sirloin cap steak, boneless, separable lean only, trimmed to 1/8"" fat, all grades, raw",Meat & Poultry,560.0,21.4,5.36,0.0,0.0,0.0,55.0,60
386,"Beef, loin, top sirloin cap steak, boneless, separable lean only, trimmed to 1/8"" fat, choice, cooked, grilled",Meat & Poultry,789.0,28.2,7.96,1.07,0.0,0.0,62.0,60
387,"Beef, loin, top sirloin cap steak, boneless, separable lean only, trimmed to 1/8"" fat, choice, raw",Meat & Poultry,138.0,21.3,5.82,0.0,0.0,0.0,60.0,60
388,"Beef, loin, top sirloin cap steak, boneless, separable lean only, trimmed to 1/8"" fat, select, cooked, grilled",Meat & Poultry,170.0,28.4,6.14,0.22,0.0,0.0,63.0,60
389,"Beef, loin, top sirloin cap steak, boneless, separable lean only, trimmed to 1/8"" fat, select, raw",Meat & Poultry,535.0,21.4,4.68,0.0,0.0,0.0,52.0,60
390,"Beef, loin, top sirloin filet, boneless, separable lean only, trimmed to 0"" fat, all grades, cooked, grilled",Meat & Poultry,714.0,30.6,5.37,0.0,0.0,0.0,59.0,60
391,"Beef, loin, top sirloin filet, boneless, separable lean only, trimmed to 0"" fat, choice, cooked, grilled",Meat & Poultry,174.0,30.4,5.83,0.0,0.0,0.0,59.0,60
392,"Beef, loin, top sirloin filet, boneless, separable lean only, trimmed to 0"" fat, select, cooked, grilled",Meat & Poultry,692.0,30.8,4.68,0.0,0.0,0.0,56.0,60
393,"Beef, loin, top sirloin petite roast, boneless, separable lean only, trimmed to 0"" fat, all grades, cooked, roasted",Meat & Poultry,170.0,29.1,5.92,0.0,0.0,0.0,57.0,60
394,"Beef, loin, top sirloin petite roast, boneless, separable lean only, trimmed to 0"" fat, choice, cooked, roasted",Meat & Poultry,173.0,29.0,6.37,0.0,0.0,0.0,57.0,60
395,"Beef, loin, top sirloin petite roast, boneless, separable lean only, trimmed to 0"" fat, select, cooked, roasted",Meat & Poultry,689.0,29.4,5.25,0.0,0.0,0.0,58.0,60
396,"Beef, loin, top sirloin petite roast/filet, boneless, separable lean only, trimmed to 0"" fat, all grades, raw",Meat & Poultry,128.0,23.0,3.98,0.0,0.0,0.0,65.0,60
397,"Beef, loin, top sirloin petite roast/filet, boneless, separable lean only, trimmed to 0"" fat, choice, raw",Meat & Poultry,551.0,23.0,4.4,0.0,0.0,0.0,65.0,60
398,"Beef, loin, top sirloin petite roast/filet, boneless, separable lean only, trimmed to 0"" fat, select, raw",Meat & Poultry,512.0,23.0,3.35,0.0,0.0,0.0,58.0,60
399,"Beef, New Zealand, imported, bolar blade, separable lean and fat, cooked, fast roasted",Meat & Poultry,228.0,31.3,11.4,0.0,0.0,0.0,33.0,60
400,"Beef, New Zealand, imported, bolar blade, separable lean and fat, raw",Meat & Poultry,666.0,21.3,8.22,0.0,0.0,0.0,54.0,60
401,"Beef, New Zealand, imported, bolar blade, separable lean only, cooked, fast roasted",Meat & Poultry,808.0,33.5,6.57,0.0,0.0,0.0,33.0,60
402,"Beef, New Zealand, imported, bolar blade, separable lean only, raw",Meat & Poultry,129.0,22.1,4.49,0.0,0.0,0.0,55.0,60
403,"Beef, New Zealand, imported, brisket navel end, separable lean only, raw",Meat & Poultry,194.0,19.7,12.8,0.0,0.0,0.0,66.0,60
404,"Beef, New Zealand, imported, brisket point end, separable lean and fat, cooked, braised",Meat & Poultry,250.0,31.9,13.6,0.0,0.0,0.0,29.0,60
405,"Beef, New Zealand, imported, brisket point end, separable lean and fat, raw",Meat & Poultry,683.0,20.0,9.23,0.0,0.0,0.0,49.0,60
406,"Beef, New Zealand, imported, brisket point end, separable lean only, cooked, braised",Meat & Poultry,843.0,34.5,7.05,0.0,0.0,0.0,30.0,60
407,"Beef, New Zealand, imported, brisket point end, separable lean only, raw",Meat & Poultry,125.0,20.9,4.62,0.0,0.0,0.0,51.0,60
408,"Beef, New Zealand, imported, chuck eye roll, separable lean and fat, raw",Meat & Poultry,755.0,19.4,11.4,0.0,0.0,0.0,53.0,60
409,"Beef, New Zealand, imported, chuck eye roll, separable lean only, cooked, braised",Meat & Poultry,208.0,32.1,8.89,0.0,0.0,0.0,38.0,60
410,"Beef, New Zealand, imported, chuck eye roll, separable lean only, raw",Meat & Poultry,131.0,20.5,5.41,0.0,0.0,0.0,56.0,60
411,"Beef, New Zealand, imported, cube roll, separable lean only, cooked, fast roasted",Meat & Poultry,1000.0,30.1,13.2,0.0,0.0,0.0,52.0,60
412,"Beef, New Zealand, imported, cube roll, separable lean only, raw",Meat & Poultry,161.0,19.8,8.51,1.38,0.0,0.0,45.0,60
413,"Beef, New Zealand, imported, eye round, separable lean and fat, cooked, slow roasted",Meat & Poultry,168.0,29.5,5.57,0.0,0.0,0.0,43.0,60
414,"Beef, New Zealand, imported, eye round, separable lean and fat, raw",Meat & Poultry,540.0,19.9,4.92,1.32,0.0,0.0,39.0,60
415,"Beef, New Zealand, imported, eye round, separable lean only, cooked, slow roasted",Meat & Poultry,684.0,29.7,4.98,0.0,0.0,0.0,43.0,60
416,"Beef, New Zealand, imported, eye round, separable lean only, raw",Meat & Poultry,116.0,20.2,3.35,1.35,0.0,0.0,40.0,60
417,"Beef, New Zealand, imported, flank, separable lean and fat, cooked, braised",Meat & Poultry,208.0,30.1,9.73,0.0,0.0,0.0,28.0,60
418,"Beef, New Zealand, imported, flank, separable lean and fat, raw",Meat & Poultry,672.0,20.1,8.9,0.0,0.0,0.0,46.0,60
419,"Beef, New Zealand, imported, flank, separable lean only, cooked, braised",Meat & Poultry,813.0,30.8,7.92,0.0,0.0,0.0,28.0,60
420,"Beef, New Zealand, imported, flank, separable lean only, raw",Meat & Poultry,142.0,20.5,6.67,0.0,0.0,0.0,47.0,60
421,"Beef, New Zealand, imported, flat, separable lean and fat, cooked, braised",Meat & Poultry,252.0,31.9,13.8,0.0,0.0,0.0,30.0,60
422,"Beef, New Zealand, imported, flat, separable lean and fat, raw",Meat & Poultry,741.0,20.6,10.6,0.0,0.0,0.0,49.0,60
423,"Beef, New Zealand, imported, flat, separable lean only, cooked, braised",Meat & Poultry,944.0,33.2,10.3,0.0,0.0,0.0,30.0,60
424,"Beef, New Zealand, imported, flat, separable lean only, raw",Meat & Poultry,154.0,21.3,7.69,0.0,0.0,0.0,50.0,60
425,"Beef, New Zealand, imported, hind shin, separable lean and fat, cooked, braised",Meat & Poultry,196.0,29.8,8.5,0.07,0.0,0.0,43.0,60
426,"Beef, New Zealand, imported, hind shin, separable lean and fat, raw",Meat & Poultry,616.0,20.6,7.2,0.0,0.0,0.0,61.0,60
427,"Beef, New Zealand, imported, hind shin, separable lean only, cooked, braised",Meat & Poultry,698.0,31.2,4.64,0.0,0.0,0.0,44.0,60
428,"Beef, New Zealand, imported, hind shin, separable lean only, raw",Meat & Poultry,114.0,21.5,3.12,0.0,0.0,0.0,63.0,60
429,"Beef, New Zealand, imported, inside, raw",Meat & Poultry,537.0,22.2,4.36,0.1,0.0,0.0,40.0,60
430,"Beef, New Zealand, imported, knuckle, cooked, fast fried",Meat & Poultry,746.0,27.5,7.58,0.0,0.0,0.0,49.0,60
431,"Beef, New Zealand, imported, manufacturing beef, cooked, boiled",Meat & Poultry,528.0,24.2,3.26,0.0,0.0,0.0,32.0,60
432,"Beef, New Zealand, imported, manufacturing beef, raw",Meat & Poultry,119.0,21.2,3.68,0.23,0.0,0.0,55.0,60
433,"Beef, New Zealand, imported, oyster blade, separable lean and fat, cooked, braised",Meat & Poultry,197.0,29.8,8.68,0.0,0.0,0.0,25.0,60
434,"Beef, New Zealand, imported, oyster blade, separable lean and fat, raw",Meat & Poultry,744.0,21.3,10.3,0.0,0.0,0.0,57.0,60
435,"Beef, New Zealand, imported, oyster blade, separable lean only, cooked, braised",Meat & Poultry,818.0,29.9,8.46,0.0,0.0,0.0,25.0,60
436,"Beef, New Zealand, imported, oyster blade, separable lean only, raw",Meat & Poultry,155.0,21.8,7.56,0.0,0.0,0.0,59.0,60
437,"Beef, New Zealand, imported, ribs prepared, cooked, fast roasted",Meat & Poultry,824.0,27.2,9.74,0.09,0.0,0.0,58.0,60
438,"Beef, New Zealand, imported, ribs prepared, raw",Meat & Poultry,146.0,21.3,6.78,0.0,0.0,0.0,54.0,60
439,"Beef, New Zealand, imported, rump centre, separable lean and fat, cooked, fast fried",Meat & Poultry,802.0,30.0,7.96,0.0,0.0,0.0,55.0,60
440,"Beef, New Zealand, imported, rump centre, separable lean and fat, raw",Meat & Poultry,607.0,21.6,6.5,0.0,0.0,0.0,49.0,60
441,"Beef, New Zealand, imported, rump centre, separable lean only, cooked, fast fried",Meat & Poultry,786.0,30.2,7.48,0.0,0.0,0.0,55.0,60
442,"Beef, New Zealand, imported, rump centre, separable lean only, raw",Meat & Poultry,141.0,21.7,6.05,0.0,0.0,0.0,49.0,60
443,"Beef, New Zealand, imported, striploin, separable lean only, cooked, fast fried",Meat & Poultry,217.0,28.5,11.4,0.0,0.0,0.0,55.0,60
444,"Beef, New Zealand, imported, striploin, separable lean only, raw",Meat & Poultry,626.0,20.9,7.0,0.74,0.0,0.0,47.0,60
445,"Beef, New Zealand, imported, tenderloin, separable lean and fat, cooked, fast fried",Meat & Poultry,202.0,29.3,9.35,0.27,0.0,0.0,45.0,60
446,"Beef, New Zealand, imported, tenderloin, separable lean and fat, raw",Meat & Poultry,611.0,21.0,6.88,0.0,0.0,0.0,39.0,60
447,"Beef, New Zealand, imported, tenderloin, separable lean only, cooked, fast fried",Meat & Poultry,200.0,29.4,9.01,0.27,0.0,0.0,45.0,60
448,"Beef, New Zealand, imported, tenderloin, separable lean only, raw",Meat & Poultry,584.0,21.2,6.1,0.0,0.0,0.0,39.0,60
449,"Beef, New Zealand, imported, variety meats and by-products liver, cooked, boiled",Meat & Poultry,629.0,23.3,4.68,3.78,0.0,0.0,55.0,60
450,"Beef, New Zealand, imported, variety meats and by-products, heart, cooked, boiled",Meat & Poultry,750.0,31.3,6.0,0.0,0.0,0.0,59.0,60
451,"Beef, New Zealand, imported, variety meats and by-products, heart, raw",Meat & Poultry,105.0,18.5,3.4,0.0,0.0,0.0,86.0,60
452,"Beef, New Zealand, imported, variety meats and by-products, kidney, cooked, boiled",Meat & Poultry,157.0,27.3,5.27,0.0,0.0,0.0,123.0,60
453,"Beef, New Zealand, imported, variety meats and by-products, kidney, raw",Meat & Poultry,87.0,15.7,2.64,0.0,0.0,0.0,175.0,60
454,"Beef, New Zealand, imported, variety meats and by-products, liver, raw",Meat & Poultry,133.0,20.5,4.05,3.6,0.0,0.0,53.0,60
455,"Beef, New Zealand, imported, variety meats and by-products, tripe cooked, boiled",Meat & Poultry,103.0,19.0,2.98,0.0,0.0,0.0,40.0,60
456,"Beef, New Zealand, imported, variety meats and by-products, tripe uncooked, raw",Meat & Poultry,323.0,14.9,1.98,0.0,0.0,0.0,81.0,60
457,"Beef, plate steak, boneless, inside skirt, separable lean and fat, trimmed to 0"" fat, all grades, raw",Meat & Poultry,187.0,20.4,11.7,0.0,0.0,0.0,64.0,60
458,"Beef, plate steak, boneless, inside skirt, separable lean and fat, trimmed to 0"" fat, select, cooked, grilled",Meat & Poultry,975.0,30.1,12.5,0.0,0.0,0.0,61.0,60
459,"Beef, plate steak, boneless, inside skirt, separable lean and fat, trimmed to 0"" fat, select, raw",Meat & Poultry,174.0,20.9,10.1,0.0,0.0,0.0,65.0,60
460,"Beef, plate steak, boneless, inside skirt, separable lean only, trimmed to 0"" fat, all grades, cooked, grilled",Meat & Poultry,980.0,30.0,12.7,0.0,0.0,0.0,63.0,60
461,"Beef, plate steak, boneless, inside skirt, separable lean only, trimmed to 0"" fat, all grades, raw",Meat & Poultry,164.0,21.2,8.82,0.0,0.0,0.0,66.0,60
462,"Beef, plate steak, boneless, inside skirt, separable lean only, trimmed to 0"" fat, choice, cooked, grilled",Meat & Poultry,1010.0,29.6,13.7,0.0,0.0,0.0,64.0,60
463,"Beef, plate steak, boneless, inside skirt, separable lean only, trimmed to 0"" fat, choice, raw",Meat & Poultry,171.0,20.9,9.76,0.0,0.0,0.0,67.0,60
464,"Beef, plate steak, boneless, inside skirt, separable lean only, trimmed to 0"" fat, select, cooked, grilled",Meat & Poultry,933.0,30.6,11.2,0.0,0.0,0.0,62.0,60
465,"Beef, plate steak, boneless, inside skirt, separable lean only, trimmed to 0"" fat, select, raw",Meat & Poultry,153.0,21.6,7.41,0.0,0.0,0.0,66.0,60
466,"Beef, plate, inside skirt steak, separable lean and fat, trimmed to 0"" fat, all grades, cooked, broiled",Meat & Poultry,220.0,26.1,12.0,0.0,0.0,0.0,75.0,60
467,"Beef, plate, inside skirt steak, separable lean only, trimmed to 0"" fat, all grades, cooked, broiled",Meat & Poultry,856.0,26.7,10.1,0.0,0.0,0.0,76.0,60
468,"Beef, rib eye roast, bone-in, lip-on, separable lean only, trimmed to 1/8"" fat, select, cooked, roasted",Meat & Poultry,219.0,27.0,12.3,0.0,0.0,0.0,70.0,60
469,"Beef, rib eye roast, boneless, lip-on, separable lean only, trimmed to 1/8"" fat, all grades, cooked, roasted",Meat & Poultry,218.0,28.2,11.7,0.0,0.0,0.0,56.0,60
470,"Beef, rib eye roast, boneless, lip-on, separable lean only, trimmed to 1/8"" fat, select, cooked, roasted",Meat & Poultry,202.0,28.7,9.68,0.0,0.0,0.0,59.0,60
471,"Beef, rib eye steak, bone-in, lip-on, separable lean only, trimmed to 1/8"" fat, all grades, cooked, grilled",Meat & Poultry,927.0,27.4,12.4,0.0,0.0,0.0,67.0,60
472,"Beef, rib eye steak, bone-in, lip-on, separable lean only, trimmed to 1/8"" fat, choice, cooked, grilled",Meat & Poultry,229.0,27.0,13.4,0.0,0.0,0.0,67.0,60
473,"Beef, rib eye steak, bone-in, lip-on, separable lean only, trimmed to 1/8"" fat, select, cooked, grilled",Meat & Poultry,879.0,28.0,10.9,0.0,0.0,0.0,67.0,60
474,"Beef, rib eye steak, boneless, lip off, separable lean only, trimmed to 0"" fat, all grades, cooked, grilled",Meat & Poultry,861.0,28.1,10.4,0.0,0.0,0.0,59.0,60
475,"Beef, rib eye steak, boneless, lip off, separable lean only, trimmed to 0"" fat, all grades, raw",Meat & Poultry,154.0,21.8,7.41,0.0,0.0,0.0,56.0,60
476,"Beef, rib eye steak, boneless, lip off, separable lean only, trimmed to 0"" fat, choice, cooked, grilled",Meat & Poultry,901.0,27.4,11.8,0.0,0.0,0.0,60.0,60
477,"Beef, rib eye steak, boneless, lip off, separable lean only, trimmed to 0"" fat, choice, raw",Meat & Poultry,162.0,21.4,8.5,0.0,0.0,0.0,56.0,60
478,"Beef, rib eye steak, boneless, lip off, separable lean only, trimmed to 0"" fat, select, cooked, grilled",Meat & Poultry,801.0,29.2,8.31,0.0,0.0,0.0,59.0,60
479,"Beef, rib eye steak, boneless, lip off, separable lean only, trimmed to 0"" fat, select, raw",Meat & Poultry,142.0,22.5,5.78,0.0,0.0,0.0,55.0,60
480,"Beef, rib eye steak, boneless, lip-on, separable lean only, trimmed to 1/8"" fat, all grades, cooked, grilled",Meat & Poultry,866.0,28.0,10.6,0.0,0.0,0.0,59.0,60
481,"Beef, rib eye steak, boneless, lip-on, separable lean only, trimmed to 1/8"" fat, choice, cooked, grilled",Meat & Poultry,908.0,27.3,12.0,0.0,0.0,0.0,60.0,60
482,"Beef, rib eye steak, boneless, lip-on, separable lean only, trimmed to 1/8"" fat, select, cooked, grilled",Meat & Poultry,192.0,29.0,8.48,0.0,0.0,0.0,59.0,60
483,"Beef, rib eye steak/roast, bone-in, lip-on, separable lean only, trimmed to 1/8"" fat, all grades, raw",Meat & Poultry,696.0,21.2,9.04,0.0,0.0,0.0,64.0,60
484,"Beef, rib eye steak/roast, bone-in, lip-on, separable lean only, trimmed to 1/8"" fat, choice, raw",Meat & Poultry,173.0,20.9,9.97,0.0,0.0,0.0,65.0,60
485,"Beef, rib eye steak/roast, bone-in, lip-on, separable lean only, trimmed to 1/8"" fat, select, raw",Meat & Poultry,650.0,21.6,7.64,0.0,0.0,0.0,63.0,60
486,"Beef, rib eye steak/roast, boneless, lip-on, separable lean only, trimmed to 1/8"" fat, all grades, raw",Meat & Poultry,156.0,22.0,7.54,0.0,0.0,0.0,56.0,60
487,"Beef, rib eye steak/roast, boneless, lip-on, separable lean only, trimmed to 1/8"" fat, choice, raw",Meat & Poultry,674.0,21.6,8.29,0.0,0.0,0.0,56.0,60
488,"Beef, rib eye steak/roast, boneless, lip-on, separable lean only, trimmed to 1/8"" fat, select, raw",Meat & Poultry,148.0,22.6,6.41,0.0,0.0,0.0,55.0,60
489,"Beef, rib eye, small end (ribs 10-12), separable lean and fat, trimmed to 0"" fat, select, cooked, broiled",Meat & Poultry,234.0,28.0,12.7,0.0,0.0,0.0,59.0,60
490,"Beef, rib eye, small end (ribs 10-12), separable lean only, trimmed to 0"" fat, select, raw",Meat & Poultry,625.0,21.2,6.57,0.0,0.0,0.0,52.0,60
491,"Beef, rib, eye, small end (ribs 10- 12) separable lean only, trimmed to 0"" fat, select, cooked, broiled",Meat & Poultry,182.0,29.9,6.05,0.0,0.0,0.0,63.0,60
492,"Beef, rib, eye, small end (ribs 10-12), separable lean only, trimmed to 0"" fat, choice, cooked, broiled",Meat & Poultry,205.0,28.9,9.01,0.0,0.0,0.0,60.0,60
493,"Beef, rib, eye, small end (ribs 10-12), separable lean only, trimmed to 0"" fat, choice, raw",Meat & Poultry,161.0,20.1,8.3,0.0,0.0,,63.0,60
494,"Beef, rib, large end (ribs 6-9), separable lean only, trimmed to 0"" fat, select, cooked, roasted",Meat & Poultry,220.0,27.5,11.4,0.0,0.0,,73.0,60
495,"Beef, rib, shortribs, separable lean only, choice, raw",Meat & Poultry,731.0,19.0,10.2,0.4,0.0,,65.0,60
496,"Beef, rib, small end (ribs 10-12), separable lean only, trimmed to 0"" fat, all grades, cooked, broiled",Meat & Poultry,809.0,29.4,7.53,0.0,0.0,0.0,61.0,60
497,"Beef, rib, small end (ribs 10-12), separable lean only, trimmed to 0"" fat, choice, cooked, broiled",Meat & Poultry,225.0,28.0,11.7,0.0,0.0,,69.0,60
498,"Beef, rib, small end (ribs 10-12), separable lean only, trimmed to 0"" fat, select, cooked, broiled",Meat & Poultry,198.0,28.0,8.7,0.0,0.0,,69.0,60
499,"Beef, rib, small end (ribs 10-12), separable lean only, trimmed to 1/8"" fat, all grades, cooked, broiled",Meat & Poultry,195.0,29.6,7.63,0.0,0.0,0.0,62.0,60
500,"Beef, rib, small end (ribs 10-12), separable lean only, trimmed to 1/8"" fat, all grades, raw",Meat & Poultry,589.0,22.3,5.04,0.0,0.0,0.0,56.0,60
501,"Beef, rib, small end (ribs 10-12), separable lean only, trimmed to 1/8"" fat, choice, raw",Meat & Poultry,618.0,22.1,5.91,0.0,0.0,0.0,57.0,60
502,"Beef, rib, small end (ribs 10-12), separable lean only, trimmed to 1/8"" fat, select, cooked, broiled",Meat & Poultry,786.0,30.9,6.22,0.0,0.0,0.0,66.0,60
503,"Beef, rib, small end (ribs 10-12), separable lean only, trimmed to 1/8"" fat, select, raw",Meat & Poultry,561.0,22.5,4.2,0.0,0.0,0.0,55.0,60
504,"Beef, rib, small end (ribs 10-12), separable lean only, trimmed to 1/8""fat, choice, cooked, broiled",Meat & Poultry,202.0,28.3,9.05,0.0,0.0,0.0,58.0,60
505,"Beef, ribeye  petite roast/filet, boneless, separable lean only, trimmed to 0"" fat, all grades, raw",Meat & Poultry,133.0,22.7,4.66,0.04,0.0,0.0,66.0,60
506,"Beef, ribeye  petite roast/filet, boneless, separable lean only, trimmed to 0"" fat, choice, raw",Meat & Poultry,579.0,22.5,5.29,0.18,0.0,0.0,66.0,60
507,"Beef, ribeye  petite roast/filet, boneless, separable lean only, trimmed to 0"" fat, select, raw",Meat & Poultry,125.0,22.9,3.72,0.0,0.0,0.0,57.0,60
508,"Beef, ribeye cap steak, boneless, separable lean only, trimmed to 0"" fat, all grades, raw",Meat & Poultry,180.0,19.7,10.6,1.51,0.0,0.0,88.0,60
509,"Beef, ribeye cap steak, boneless, separable lean only, trimmed to 0"" fat, choice, raw",Meat & Poultry,784.0,19.5,11.4,1.75,0.0,0.0,88.0,60
510,"Beef, ribeye cap steak, boneless, separable lean only, trimmed to 0"" fat, select, cooked, grilled",Meat & Poultry,947.0,25.3,13.4,1.1,0.0,0.0,79.0,60
511,"Beef, ribeye cap steak, boneless, separable lean only, trimmed to 0"" fat, select, raw",Meat & Poultry,169.0,20.0,9.39,1.15,0.0,0.0,84.0,60
512,"Beef, ribeye filet, boneless, separable lean only, trimmed to 0"" fat, all grades, cooked, grilled",Meat & Poultry,831.0,28.8,9.2,0.17,0.0,0.0,56.0,60
513,"Beef, ribeye filet, boneless, separable lean only, trimmed to 0"" fat, choice, cooked, grilled",Meat & Poultry,208.0,28.4,10.3,0.51,0.0,0.0,56.0,60
514,"Beef, ribeye filet, boneless, separable lean only, trimmed to 0"" fat, select, cooked, grilled",Meat & Poultry,778.0,29.4,7.61,0.0,0.0,0.0,87.0,60
515,"Beef, ribeye petite roast, boneless, separable lean only, trimmed to 0"" fat, all grades, cooked, roasted",Meat & Poultry,178.0,28.2,7.31,0.0,0.0,0.0,55.0,60
516,"Beef, ribeye petite roast, boneless, separable lean only, trimmed to 0"" fat, choice, cooked, roasted",Meat & Poultry,785.0,28.0,8.42,0.0,0.0,0.0,54.0,60
517,"Beef, ribeye petite roast, boneless, separable lean only, trimmed to 0"" fat, select, cooked, roasted",Meat & Poultry,164.0,28.4,5.65,0.0,0.0,0.0,84.0,60
518,"Beef, round, bottom round , roast, separable lean only, trimmed to 1/8"" fat, select, cooked, roasted",Meat & Poultry,164.0,28.4,4.67,0.0,0.0,0.0,38.0,60
519,"Beef, round, bottom round roast, separable lean only, trimmed to 0"" fat, select, cooked, roasted",Meat & Poultry,707.0,28.3,5.33,0.0,0.0,0.0,38.0,60
520,"Beef, round, bottom round, roast, separable lean and fat, trimmed to 0"" fat, all grades, cooked, roasted",Meat & Poultry,781.0,27.4,7.72,0.0,0.0,0.0,36.0,60
521,"Beef, round, bottom round, roast, separable lean and fat, trimmed to 0"" fat, choice, cooked, roasted",Meat & Poultry,832.0,26.8,9.37,0.0,0.0,0.0,35.0,60
522,"Beef, round, bottom round, roast, separable lean and fat, trimmed to 0"" fat, select, cooked, roasted",Meat & Poultry,731.0,28.1,6.06,0.0,0.0,0.0,37.0,60
523,"Beef, round, bottom round, roast, separable lean and fat, trimmed to 1/8"" fat, all grades, cooked, roasted",Meat & Poultry,218.0,26.4,11.6,0.0,0.0,0.0,35.0,60
524,"Beef, round, bottom round, roast, separable lean and fat, trimmed to 1/8"" fat, choice, cooked, roasted",Meat & Poultry,935.0,26.0,12.4,0.0,0.0,0.0,34.0,60
525,"Beef, round, bottom round, roast, separable lean and fat, trimmed to 1/8"" fat, select, cooked, roasted",Meat & Poultry,212.0,26.8,10.8,0.0,0.0,0.0,35.0,60
526,"Beef, round, bottom round, roast, separable lean only, trimmed to 0"" fat, all grades, cooked, roasted",Meat & Poultry,740.0,27.8,6.48,0.0,0.0,0.0,36.0,60
527,"Beef, round, bottom round, roast, separable lean only, trimmed to 0"" fat, choice, cooked, roasted",Meat & Poultry,774.0,27.2,7.63,0.0,0.0,0.0,36.0,60
528,"Beef, round, bottom round, roast, separable lean only, trimmed to 1/8"" fat, all grades, cooked",Meat & Poultry,163.0,28.0,5.72,0.0,0.0,0.0,37.0,60
529,"Beef, round, bottom round, roast, separable lean only, trimmed to 1/8"" fat, all grades, raw",Meat & Poultry,128.0,22.2,4.31,0.0,0.0,0.0,59.0,60
530,"Beef, round, bottom round, roast, separable lean only, trimmed to 1/8"" fat, choice, cooked, roasted",Meat & Poultry,748.0,27.6,6.77,0.0,0.0,0.0,36.0,60
531,"Beef, round, bottom round, roast, separable lean only, trimmed to 1/8"" fat, choice, raw",Meat & Poultry,140.0,22.2,4.96,0.0,0.0,0.0,56.0,60
532,"Beef, round, bottom round, roast, separable lean only, trimmed to 1/8"" fat, select, raw",Meat & Poultry,534.0,22.2,3.66,0.0,0.0,0.0,62.0,60
533,"Beef, round, bottom round, steak, separable lean and fat, trimmed to 0"" fat, all grades, cooked, braised",Meat & Poultry,223.0,33.6,8.86,0.0,0.0,0.0,44.0,60
534,"Beef, round, bottom round, steak, separable lean and fat, trimmed to 0"" fat, choice, cooked, braised",Meat & Poultry,230.0,32.7,10.0,0.0,0.0,0.0,42.0,60
535,"Beef, round, bottom round, steak, separable lean and fat, trimmed to 0"" fat, select, cooked, braised",Meat & Poultry,217.0,34.4,7.72,0.0,0.0,0.0,45.0,60
536,"Beef, round, bottom round, steak, separable lean and fat, trimmed to 1/8"" fat, all grades, cooked, braised",Meat & Poultry,1030.0,32.8,11.9,0.0,0.0,0.0,43.0,60
537,"Beef, round, bottom round, steak, separable lean and fat, trimmed to 1/8"" fat, all grades, raw",Meat & Poultry,192.0,20.7,11.5,0.0,0.0,0.0,56.0,60
538,"Beef, round, bottom round, steak, separable lean and fat, trimmed to 1/8"" fat, choice, cooked, braised",Meat & Poultry,254.0,32.8,12.6,0.0,0.0,0.0,42.0,60
539,"Beef, round, bottom round, steak, separable lean and fat, trimmed to 1/8"" fat, choice, raw",Meat & Poultry,829.0,20.7,12.2,0.0,0.0,0.0,53.0,60
540,"Beef, round, bottom round, steak, separable lean and fat, trimmed to 1/8"" fat, select, cooked, braised",Meat & Poultry,1010.0,32.7,11.2,0.0,0.0,0.0,43.0,60
541,"Beef, round, bottom round, steak, separable lean and fat, trimmed to 1/8"" fat, select, raw",Meat & Poultry,187.0,20.7,10.9,0.0,0.0,0.0,60.0,60
542,"Beef, round, bottom round, steak, separable lean only, trimmed to 0"" fat, all grades, cooked, braised",Meat & Poultry,214.0,34.0,7.67,0.0,0.0,0.0,44.0,60
543,"Beef, round, bottom round, steak, separable lean only, trimmed to 0"" fat, choice, cooked, braised",Meat & Poultry,223.0,33.1,9.03,0.0,0.0,0.0,43.0,60
544,"Beef, round, bottom round, steak, separable lean only, trimmed to 0"" fat, select, cooked, braised",Meat & Poultry,206.0,34.9,6.3,0.0,0.0,0.0,46.0,60
545,"Beef, round, bottom round, steak, separable lean only, trimmed to 1/8"" fat, all grades, cooked, braised",Meat & Poultry,905.0,34.3,7.73,0.0,0.0,0.0,45.0,60
546,"Beef, round, bottom round, steak, separable lean only, trimmed to 1/8"" fat, choice, cooked, braised",Meat & Poultry,228.0,34.2,9.02,0.0,0.0,0.0,45.0,60
547,"Beef, round, bottom round, steak, separable lean only, trimmed to 1/8"" fat, select, cooked, braised",Meat & Poultry,858.0,34.5,6.43,0.0,0.0,0.0,46.0,60
548,"Beef, round, eye of round roast, boneless, separable lean and fat, trimmed to 0"" fat, all grades, cooked, roasted",Meat & Poultry,167.0,29.7,4.46,0.0,0.0,0.0,67.0,60
549,"Beef, round, eye of round roast, boneless, separable lean and fat, trimmed to 0"" fat, all grades, raw",Meat & Poultry,124.0,23.3,3.44,0.0,0.0,0.0,53.0,60
550,"Beef, round, eye of round roast, boneless, separable lean and fat, trimmed to 0"" fat, choice, cooked, roasted",Meat & Poultry,715.0,29.8,4.83,0.0,0.0,0.0,66.0,60
551,"Beef, round, eye of round roast, boneless, separable lean and fat, trimmed to 0"" fat, choice, raw",Meat & Poultry,530.0,23.3,3.74,0.0,0.0,0.0,52.0,60
552,"Beef, round, eye of round roast, boneless, separable lean and fat, trimmed to 0"" fat, select, cooked, roasted",Meat & Poultry,162.0,29.4,3.97,0.0,0.0,0.0,63.0,60
553,"Beef, round, eye of round roast, boneless, separable lean and fat, trimmed to 0"" fat, select, raw",Meat & Poultry,120.0,23.3,3.0,0.0,0.0,0.0,50.0,60
554,"Beef, round, eye of round roast, boneless, separable lean only, trimmed to 0"" fat, all grades, cooked, roasted",Meat & Poultry,680.0,29.8,3.9,0.0,0.0,0.0,67.0,60
555,"Beef, round, eye of round roast, boneless, separable lean only, trimmed to 0"" fat, all grades, raw",Meat & Poultry,121.0,23.4,3.04,0.0,0.0,0.0,53.0,60
556,"Beef, round, eye of round roast, boneless, separable lean only, trimmed to 0"" fat, choice, cooked, roasted",Meat & Poultry,166.0,29.9,4.26,0.0,0.0,0.0,66.0,60
557,"Beef, round, eye of round roast, boneless, separable lean only, trimmed to 0"" fat, choice, raw",Meat & Poultry,518.0,23.4,3.38,0.0,0.0,0.0,52.0,60
558,"Beef, round, eye of round roast, boneless, separable lean only, trimmed to 0"" fat, select, cooked, roasted",Meat & Poultry,657.0,29.5,3.43,0.0,0.0,0.0,63.0,60
559,"Beef, round, eye of round roast, boneless, separable lean only, trimmed to 0"" fat, select, raw",Meat & Poultry,116.0,23.4,2.52,0.0,0.0,0.0,50.0,60
560,"Beef, round, eye of round roast, boneless, separable lean only, trimmed to 0"" fat, select, raw",Meat & Poultry,122.0,23.4,2.48,0.0,,,50.0,60
561,"Beef, round, eye of round steak, boneless separable lean and fat, trimmed to 0"" fat, choice, raw",Meat & Poultry,127.0,23.2,3.83,0.0,0.0,0.0,52.0,60
562,"Beef, round, eye of round steak, boneless, separable lean and fat, trimmed to 0"" fat, all grades, cooked, grilled",Meat & Poultry,159.0,29.7,4.47,0.0,0.0,0.0,68.0,60
563,"Beef, round, eye of round steak, boneless, separable lean and fat, trimmed to 0"" fat, all grades, raw",Meat & Poultry,520.0,23.3,3.48,0.0,0.0,0.0,53.0,60
564,"Beef, round, eye of round steak, boneless, separable lean and fat, trimmed to 0"" fat, choice, cooked, grilled",Meat & Poultry,680.0,29.8,4.83,0.0,0.0,0.0,67.0,60
565,"Beef, round, eye of round steak, boneless, separable lean and fat, trimmed to 0"" fat, select, cooked, grilled",Meat & Poultry,643.0,29.5,3.98,0.0,0.0,0.0,65.0,60
566,"Beef, round, eye of round steak, boneless, separable lean and fat, trimmed to 0"" fat, select, raw",Meat & Poultry,501.0,23.3,2.95,0.0,0.0,0.0,50.0,60
567,"Beef, round, eye of round steak, boneless, separable lean only, trimmed to 0"" fat, all grades, cooked, grilled",Meat & Poultry,646.0,29.8,3.9,0.0,0.0,0.0,68.0,60
568,"Beef, round, eye of round steak, boneless, separable lean only, trimmed to 0"" fat, all grades, raw",Meat & Poultry,506.0,23.4,3.04,0.0,0.0,0.0,53.0,60
569,"Beef, round, eye of round steak, boneless, separable lean only, trimmed to 0"" fat, choice, cooked, grilled",Meat & Poultry,158.0,29.9,4.26,0.0,0.0,0.0,68.0,60
570,"Beef, round, eye of round steak, boneless, separable lean only, trimmed to 0"" fat, choice, raw",Meat & Poultry,124.0,23.4,3.38,0.0,0.0,0.0,52.0,60
571,"Beef, round, eye of round steak, boneless, separable lean only, trimmed to 0"" fat, select, cooked, grilled",Meat & Poultry,623.0,29.5,3.43,0.0,0.0,0.0,65.0,60
572,"Beef, round, eye of round steak, boneless, separable lean only, trimmed to 0"" fat, select, raw",Meat & Poultry,487.0,23.4,2.52,0.0,0.0,0.0,50.0,60
573,"Beef, round, eye of round, roast, separable lean and fat, trimmed to 1/8"" fat, all grades, cooked, roasted",Meat & Poultry,208.0,28.3,9.65,0.0,0.0,0.0,37.0,60
574,"Beef, round, eye of round, roast, separable lean and fat, trimmed to 1/8"" fat, all grades, raw",Meat & Poultry,695.0,21.5,8.24,0.0,0.0,0.0,58.0,60
575,"Beef, round, eye of round, roast, separable lean and fat, trimmed to 1/8"" fat, choice, cooked, roasted",Meat & Poultry,212.0,28.5,10.0,0.0,0.0,0.0,37.0,60
576,"Beef, round, eye of round, roast, separable lean and fat, trimmed to 1/8"" fat, choice, raw",Meat & Poultry,724.0,21.7,8.91,0.0,0.0,0.0,55.0,60
577,"Beef, round, eye of round, roast, separable lean and fat, trimmed to 1/8"" fat, select, cooked, roasted",Meat & Poultry,204.0,28.1,9.26,0.0,0.0,0.0,37.0,60
578,"Beef, round, eye of round, roast, separable lean and fat, trimmed to 1/8"" fat, select, raw",Meat & Poultry,668.0,21.3,7.57,0.08,0.0,0.0,62.0,60
579,"Beef, round, eye of round, roast, separable lean only, trimmed to 1/8"" fat, all grades, cooked, roasted",Meat & Poultry,169.0,29.7,4.71,0.0,0.0,0.0,38.0,60
580,"Beef, round, eye of round, roast, separable lean only, trimmed to 1/8"" fat, all grades, raw",Meat & Poultry,517.0,22.6,3.0,0.0,0.0,0.0,60.0,60
581,"Beef, round, eye of round, roast, separable lean only, trimmed to 1/8"" fat, choice, cooked, roasted",Meat & Poultry,175.0,29.9,5.3,0.0,0.0,0.0,39.0,60
582,"Beef, round, eye of round, roast, separable lean only, trimmed to 1/8"" fat, choice, raw",Meat & Poultry,128.0,22.9,3.38,0.0,0.0,0.0,57.0,60
583,"Beef, round, eye of round, roast, separable lean only, trimmed to 1/8"" fat, select, cooked, roasted",Meat & Poultry,684.0,29.6,4.11,0.0,0.0,0.0,39.0,60
584,"Beef, round, eye of round, roast, separable lean only, trimmed to 1/8"" fat, select, raw",Meat & Poultry,498.0,22.3,2.62,0.0,0.0,0.0,62.0,60
585,"Beef, round, full cut, separable lean and fat, trimmed to 1/8"" fat, choice, cooked, broiled",Meat & Poultry,235.0,27.5,13.0,0.0,0.0,0.0,62.0,60
586,"Beef, round, full cut, separable lean and fat, trimmed to 1/8"" fat, choice, raw",Meat & Poultry,816.0,20.6,11.9,0.0,0.0,0.0,54.0,60
587,"Beef, round, full cut, separable lean and fat, trimmed to 1/8"" fat, select, cooked, broiled",Meat & Poultry,218.0,27.6,11.1,0.0,0.0,0.0,62.0,60
588,"Beef, round, full cut, separable lean and fat, trimmed to 1/8"" fat, select, raw",Meat & Poultry,184.0,20.6,10.7,0.0,0.0,0.0,54.0,60
589,"Beef, round, full cut, separable lean only, trimmed to 1/4"" fat, choice, cooked, broiled",Meat & Poultry,191.0,29.2,7.31,0.0,0.0,0.0,64.0,60
590,"Beef, round, full cut, separable lean only, trimmed to 1/4"" fat, select, cooked, broiled",Meat & Poultry,172.0,29.2,5.22,0.0,0.0,,64.0,60
591,"Beef, round, knuckle, tip center, steak, separable lean and fat, trimmed to 0"" fat, all grades, cooked, grilled",Meat & Poultry,177.0,27.1,6.78,0.0,0.0,0.0,52.0,60
592,"Beef, round, knuckle, tip center, steak, separable lean and fat, trimmed to 0"" fat, all grades, raw",Meat & Poultry,596.0,20.9,5.89,0.0,0.0,0.0,54.0,60
593,"Beef, round, knuckle, tip center, steak, separable lean and fat, trimmed to 0"" fat, choice, cooked, grilled",Meat & Poultry,188.0,26.9,8.13,0.0,0.0,0.0,51.0,60
594,"Beef, round, knuckle, tip center, steak, separable lean and fat, trimmed to 0"" fat, choice, raw",Meat & Poultry,629.0,20.7,6.85,0.0,0.0,0.0,54.0,60
595,"Beef, round, knuckle, tip center, steak, separable lean and fat, trimmed to 0"" fat, select, cooked, grilled",Meat & Poultry,676.0,26.6,5.32,0.0,0.0,0.0,53.0,60
596,"Beef, round, knuckle, tip center, steak, separable lean and fat, trimmed to 0"" fat, select, raw",Meat & Poultry,574.0,21.0,5.21,0.0,0.0,0.0,53.0,60
597,"Beef, round, knuckle, tip side, steak, separable lean and fat , trimmed to 0"" fat, select, raw",Meat & Poultry,123.0,22.0,3.24,0.0,0.0,0.0,57.0,60
598,"Beef, round, knuckle, tip side, steak, separable lean and fat, trimmed to 0"" fat, all grades, cooked, grilled",Meat & Poultry,168.0,29.1,4.84,0.0,0.0,0.0,54.0,60
599,"Beef, round, knuckle, tip side, steak, separable lean and fat, trimmed to 0"" fat, all grades, raw",Meat & Poultry,539.0,21.7,4.0,0.0,0.0,0.0,61.0,60
600,"Beef, round, knuckle, tip side, steak, separable lean and fat, trimmed to 0"" fat, choice, cooked, grilled",Meat & Poultry,730.0,28.8,5.71,0.0,0.0,0.0,55.0,60
601,"Beef, round, knuckle, tip side, steak, separable lean and fat, trimmed to 0"" fat, choice, raw",Meat & Poultry,133.0,21.4,4.66,0.0,0.0,0.0,62.0,60
602,"Beef, round, knuckle, tip side, steak, separable lean and fat, trimmed to 0"" fat, select, cooked, grilled",Meat & Poultry,670.0,29.2,3.91,0.0,0.0,0.0,52.0,60
603,"Beef, round, outside round, bottom round, steak, separable lean and fat, trimmed to 0"" fat, all grades, cooked, grilled",Meat & Poultry,182.0,27.5,7.1,0.0,0.0,0.0,58.0,60
604,"Beef, round, outside round, bottom round, steak, separable lean and fat, trimmed to 0"" fat, all grades, raw",Meat & Poultry,594.0,21.6,5.53,0.0,0.0,0.0,62.0,60
605,"Beef, round, outside round, bottom round, steak, separable lean and fat, trimmed to 0"" fat, choice, cooked, grilled",Meat & Poultry,191.0,27.2,8.3,0.0,0.0,0.0,57.0,60
606,"Beef, round, outside round, bottom round, steak, separable lean and fat, trimmed to 0"" fat, choice, raw",Meat & Poultry,628.0,21.2,6.59,0.0,0.0,0.0,63.0,60
607,"Beef, round, outside round, bottom round, steak, separable lean and fat, trimmed to 0"" fat, select, cooked, grilled",Meat & Poultry,166.0,28.0,5.17,0.0,0.0,0.0,60.0,60
608,"Beef, round, outside round, bottom round, steak, separable lean and fat, trimmed to 0"" fat, select, raw",Meat & Poultry,540.0,22.2,3.83,0.0,0.0,0.0,62.0,60
609,"Beef, round, tip round, roast, separable lean and fat, trimmed to 0"" fat, all grades, cooked, roasted",Meat & Poultry,188.0,26.8,8.21,0.0,0.0,0.0,35.0,60
610,"Beef, round, tip round, roast, separable lean and fat, trimmed to 0"" fat, all grades, raw",Meat & Poultry,630.0,20.5,7.01,0.0,0.0,0.0,55.0,60
611,"Beef, round, tip round, roast, separable lean and fat, trimmed to 0"" fat, choice, cooked, roasted",Meat & Poultry,818.0,27.0,8.9,0.0,0.0,0.0,35.0,60
612,"Beef, round, tip round, roast, separable lean and fat, trimmed to 0"" fat, choice, raw",Meat & Poultry,156.0,20.2,7.73,0.0,0.0,0.0,51.0,60
613,"Beef, round, tip round, roast, separable lean and fat, trimmed to 0"" fat, select, cooked, roasted",Meat & Poultry,181.0,26.6,7.53,0.0,0.0,0.0,35.0,60
614,"Beef, round, tip round, roast, separable lean and fat, trimmed to 0"" fat, select, raw",Meat & Poultry,609.0,20.8,6.28,0.0,0.0,0.0,58.0,60
615,"Beef, round, tip round, roast, separable lean and fat, trimmed to 1/8"" fat, all grades, cooked, roasted",Meat & Poultry,219.0,27.4,11.3,0.0,0.0,0.0,63.0,60
616,"Beef, round, tip round, roast, separable lean and fat, trimmed to 1/8"" fat, choice, cooked, roasted",Meat & Poultry,228.0,27.3,12.3,0.0,0.0,0.0,63.0,60
617,"Beef, round, tip round, roast, separable lean and fat, trimmed to 1/8"" fat, select, cooked, roasted",Meat & Poultry,210.0,27.6,10.2,0.0,0.0,0.0,64.0,60
618,"Beef, round, tip round, roast, separable lean only, trimmed to 0"" fat, all grades, cooked, roasted",Meat & Poultry,726.0,27.5,6.2,0.0,0.0,0.0,36.0,60
619,"Beef, round, tip round, roast, separable lean only, trimmed to 0"" fat, all grades, raw",Meat & Poultry,126.0,21.1,3.95,0.0,0.0,0.0,54.0,60
620,"Beef, round, tip round, roast, separable lean only, trimmed to 0"" fat, choice, cooked, roasted",Meat & Poultry,176.0,27.7,6.42,0.0,0.0,0.0,36.0,60
621,"Beef, round, tip round, roast, separable lean only, trimmed to 0"" fat, choice, raw",Meat & Poultry,543.0,20.8,4.55,0.0,0.0,0.0,52.0,60
622,"Beef, round, tip round, roast, separable lean only, trimmed to 0"" fat, select, cooked, roasted",Meat & Poultry,623.0,27.4,4.38,0.0,0.0,0.0,36.0,60
623,"Beef, round, tip round, roast, separable lean only, trimmed to 0"" fat, select, raw",Meat & Poultry,122.0,21.4,3.35,0.0,0.0,0.0,58.0,60
624,"Beef, round, tip round, separable lean and fat, trimmed to 1/8"" fat, all grades, raw",Meat & Poultry,189.0,19.6,11.7,0.0,0.0,,58.0,60
625,"Beef, round, tip round, separable lean and fat, trimmed to 1/8"" fat, select, raw",Meat & Poultry,178.0,19.7,10.4,0.0,0.0,0.0,58.0,60
626,"Beef, round, top round roast, boneless, separable lean and fat, trimmed to 0"" fat, all grades, cooked, roasted",Meat & Poultry,669.0,29.9,4.49,0.0,0.0,0.0,67.0,60
627,"Beef, round, top round roast, boneless, separable lean and fat, trimmed to 0"" fat, all grades, raw",Meat & Poultry,524.0,23.4,3.5,0.0,0.0,0.0,54.0,60
628,"Beef, round, top round roast, boneless, separable lean and fat, trimmed to 0"" fat, choice, cooked, roasted",Meat & Poultry,684.0,30.1,4.79,0.0,0.0,0.0,69.0,60
629,"Beef, round, top round roast, boneless, separable lean and fat, trimmed to 0"" fat, choice, raw",Meat & Poultry,128.0,23.5,3.81,0.0,0.0,0.0,56.0,60
630,"Beef, round, top round roast, boneless, separable lean and fat, trimmed to 0"" fat, select, cooked, roasted",Meat & Poultry,658.0,31.0,3.72,0.0,0.0,0.0,67.0,60
631,"Beef, round, top round roast, boneless, separable lean and fat, trimmed to 0"" fat, select, raw",Meat & Poultry,507.0,23.4,3.04,0.0,0.0,0.0,54.0,60
632,"Beef, round, top round roast, boneless, separable lean only, trimmed to 0"" fat, all grades, cooked, roasted",Meat & Poultry,680.0,30.1,3.77,0.0,0.0,0.0,67.0,60
633,"Beef, round, top round roast, boneless, separable lean only, trimmed to 0"" fat, all grades, raw",Meat & Poultry,505.0,23.6,2.94,0.0,0.0,0.0,54.0,60
634,"Beef, round, top round roast, boneless, separable lean only, trimmed to 0"" fat, choice, cooked, roasted",Meat & Poultry,158.0,30.2,4.11,0.06,0.0,0.0,69.0,60
635,"Beef, round, top round roast, boneless, separable lean only, trimmed to 0"" fat, choice, raw",Meat & Poultry,124.0,23.6,3.26,0.0,0.0,0.0,56.0,60
636,"Beef, round, top round roast, boneless, separable lean only, trimmed to 0"" fat, select, cooked, roasted",Meat & Poultry,626.0,29.8,3.37,0.0,0.0,0.0,67.0,60
637,"Beef, round, top round roast, boneless, separable lean only, trimmed to 0"" fat, select, raw",Meat & Poultry,487.0,23.6,2.45,0.0,0.0,0.0,55.0,60
638,"Beef, round, top round roast, boneless, separable lean only, trimmed to 0"" fat, select, raw",Meat & Poultry,514.0,23.7,2.41,0.0,,,55.0,60
639,"Beef, round, top round steak, boneless, separable lean and fat, trimmed to 0"" fat, all grades, cooked, grilled",Meat & Poultry,697.0,30.0,4.28,0.0,0.0,0.0,75.0,60
640,"Beef, round, top round steak, boneless, separable lean and fat, trimmed to 0"" fat, all grades, raw",Meat & Poultry,124.0,23.5,3.34,0.0,0.0,0.0,54.0,60
641,"Beef, round, top round steak, boneless, separable lean and fat, trimmed to 0"" fat, choice, cooked, grilled",Meat & Poultry,170.0,30.1,4.62,0.0,0.0,0.0,78.0,60
642,"Beef, round, top round steak, boneless, separable lean and fat, trimmed to 0"" fat, choice, raw",Meat & Poultry,531.0,23.5,3.66,0.0,0.0,0.0,56.0,60
643,"Beef, round, top round steak, boneless, separable lean and fat, trimmed to 0"" fat, select, cooked, grilled",Meat & Poultry,676.0,29.7,3.85,0.0,0.0,0.0,76.0,60
644,"Beef, round, top round steak, boneless, separable lean and fat, trimmed to 0"" fat, select, raw",Meat & Poultry,120.0,23.5,2.85,0.0,0.0,0.0,54.0,60
645,"Beef, round, top round steak, boneless, separable lean only, trimmed to 0"" fat, all grades, cooked, grilled",Meat & Poultry,162.0,30.1,3.77,0.0,0.0,0.0,75.0,60
646,"Beef, round, top round steak, boneless, separable lean only, trimmed to 0"" fat, all grades, raw",Meat & Poultry,121.0,23.6,2.94,0.0,0.0,0.0,54.0,60
647,"Beef, round, top round steak, boneless, separable lean only, trimmed to 0"" fat, choice, cooked, grilled",Meat & Poultry,695.0,30.2,4.11,0.0,0.0,0.0,78.0,60
648,"Beef, round, top round steak, boneless, separable lean only, trimmed to 0"" fat, choice, raw",Meat & Poultry,518.0,23.6,3.26,0.0,0.0,0.0,56.0,60
649,"Beef, round, top round steak, boneless, separable lean only, trimmed to 0"" fat, select, cooked, grilled",Meat & Poultry,158.0,29.8,3.37,0.0,0.0,0.0,76.0,60
650,"Beef, round, top round steak, boneless, separable lean only, trimmed to 0"" fat, select, raw",Meat & Poultry,116.0,23.6,2.45,0.0,0.0,0.0,55.0,60
651,"Beef, round, top round steak, separable lean and fat, trimmed to 1/8"" fat, all grades, cooked, broiled",Meat & Poultry,204.0,30.7,9.0,0.0,0.0,0.0,41.0,60
652,"Beef, round, top round, boneless, choice, raw",Meat & Poultry,146.0,21.5,5.7,0.852,,,45.5,60
653,"Beef, round, top round, separable lean and fat, trimmed to 0"" fat, all grades, cooked, braised",Meat & Poultry,874.0,35.6,6.31,0.0,0.0,0.0,45.0,60
654,"Beef, round, top round, separable lean and fat, trimmed to 0"" fat, choice, cooked, braised",Meat & Poultry,216.0,35.6,7.09,0.0,0.0,0.0,45.0,60
655,"Beef, round, top round, separable lean and fat, trimmed to 0"" fat, select, cooked, braised",Meat & Poultry,200.0,35.6,5.33,0.0,0.0,0.0,45.0,60
656,"Beef, round, top round, separable lean and fat, trimmed to 1/8"" fat, all grades, cooked, braised",Meat & Poultry,238.0,34.3,10.1,0.0,0.0,0.0,45.0,60
657,"Beef, round, top round, separable lean and fat, trimmed to 1/8"" fat, choice, cooked, braised",Meat & Poultry,250.0,34.1,11.6,0.0,0.0,0.0,45.0,60
658,"Beef, round, top round, separable lean and fat, trimmed to 1/8"" fat, choice, cooked, pan-fried",Meat & Poultry,266.0,33.0,13.8,0.0,0.0,0.0,68.0,60
659,"Beef, round, top round, separable lean and fat, trimmed to 1/8"" fat, prime, raw",Meat & Poultry,173.0,22.2,8.67,0.0,0.0,0.0,51.0,60
660,"Beef, round, top round, separable lean and fat, trimmed to 1/8"" fat, select, cooked, braised",Meat & Poultry,225.0,34.6,8.54,0.0,0.0,0.0,45.0,60
661,"Beef, round, top round, separable lean only, trimmed to 0"" fat, choice, cooked, braised",Meat & Poultry,207.0,36.1,5.8,0.0,0.0,0.0,45.0,60
662,"Beef, round, top round, separable lean only, trimmed to 0"" fat, select, cooked, braised",Meat & Poultry,190.0,36.1,4.0,0.0,0.0,0.0,45.0,60
663,"Beef, round, top round, separable lean only, trimmed to 1/8"" fat, choice, cooked, pan-fried",Meat & Poultry,228.0,33.9,8.33,2.03,0.0,0.0,65.0,60
664,"Beef, round, top round, steak, separable lean and fat, trimmed to 1/8"" fat, all grades, raw",Meat & Poultry,693.0,22.1,7.93,0.0,0.0,0.0,60.0,60
665,"Beef, round, top round, steak, separable lean and fat, trimmed to 1/8"" fat, choice, cooked, broiled",Meat & Poultry,224.0,30.7,10.3,0.0,0.0,0.0,40.0,60
666,"Beef, round, top round, steak, separable lean and fat, trimmed to 1/8"" fat, choice, raw",Meat & Poultry,701.0,21.9,8.19,0.0,0.0,0.0,57.0,60
667,"Beef, round, top round, steak, separable lean and fat, trimmed to 1/8"" fat, prime, cooked, broiled",Meat & Poultry,225.0,31.3,10.1,0.0,0.0,0.0,61.0,60
668,"Beef, round, top round, steak, separable lean and fat, trimmed to 1/8"" fat, select, cooked, broiled",Meat & Poultry,201.0,30.6,7.73,0.0,0.0,0.0,41.0,60
669,"Beef, round, top round, steak, separable lean and fat, trimmed to 1/8"" fat, select, raw",Meat & Poultry,686.0,22.2,7.68,0.0,0.0,0.0,63.0,60
670,"Beef, round, top round, steak, separable lean only, trimmed to 1/8"" fat, all grades, cooked, broiled",Meat & Poultry,185.0,31.8,5.45,0.0,0.0,0.0,42.0,60
671,"Beef, round, top round, steak, separable lean only, trimmed to 1/8"" fat, all grades, raw",Meat & Poultry,563.0,22.9,4.09,0.0,0.0,0.0,61.0,60
672,"Beef, round, top round, steak, separable lean only, trimmed to 1/8"" fat, choice, cooked, broiled",Meat & Poultry,808.0,32.0,6.25,0.0,0.0,0.0,42.0,60
673,"Beef, round, top round, steak, separable lean only, trimmed to 1/8"" fat, choice, raw",Meat & Poultry,586.0,22.7,4.78,0.0,0.0,0.0,57.0,60
674,"Beef, round, top round, steak, separable lean only, trimmed to 1/8"" fat, select, cooked, broiled",Meat & Poultry,177.0,31.6,4.65,0.0,0.0,0.0,43.0,60
675,"Beef, round, top round, steak, separable lean only, trimmed to 1/8"" fat, select, raw",Meat & Poultry,129.0,23.1,3.37,0.0,0.0,0.0,64.0,60
676,"Beef, shank crosscuts, separable lean only, trimmed to 1/4"" fat, choice, cooked, simmered",Meat & Poultry,201.0,33.7,6.36,0.0,0.0,,64.0,60
677,"Beef, shank crosscuts, separable lean only, trimmed to 1/4"" fat, choice, raw",Meat & Poultry,536.0,21.8,3.85,0.0,0.0,,63.0,60
678,"Beef, short loin (NY strip steak), raw",Meat & Poultry,196.0,21.3,11.5,0.221,,,43.1,60
679,"Beef, short loin, porterhouse steak, separable lean only,  trimmed to 1/8"" fat, all grades, cooked, grilled",Meat & Poultry,213.0,28.2,10.3,0.0,0.0,0.0,68.0,60
680,"Beef, short loin, porterhouse steak, separable lean only, trimmed to 0"" fat, all grades, cooked, broiled",Meat & Poultry,212.0,26.1,11.2,0.0,0.0,0.0,69.0,60
681,"Beef, short loin, porterhouse steak, separable lean only, trimmed to 0"" fat, choice, cooked, broiled",Meat & Poultry,224.0,25.5,12.8,0.0,0.0,0.0,69.0,60
682,"Beef, short loin, porterhouse steak, separable lean only, trimmed to 0"" fat, select, cooked, broiled",Meat & Poultry,813.0,26.9,8.81,0.0,0.0,0.0,69.0,60
683,"Beef, short loin, porterhouse steak, separable lean only, trimmed to 1/8"" fat, all grades, raw",Meat & Poultry,648.0,22.3,6.6,0.0,0.0,0.0,51.0,60
684,"Beef, short loin, porterhouse steak, separable lean only, trimmed to 1/8"" fat, choice, cooked, grilled",Meat & Poultry,221.0,27.6,11.4,0.0,0.0,0.0,67.0,60
685,"Beef, short loin, porterhouse steak, separable lean only, trimmed to 1/8"" fat, choice, raw",Meat & Poultry,674.0,22.1,7.39,0.0,0.0,0.0,56.0,60
686,"Beef, short loin, porterhouse steak, separable lean only, trimmed to 1/8"" fat, select, cooked, grilled",Meat & Poultry,203.0,28.9,8.76,0.0,0.0,0.0,67.0,60
687,"Beef, short loin, porterhouse steak, separable lean only, trimmed to 1/8"" fat, select, raw",Meat & Poultry,608.0,22.6,5.41,0.0,0.0,0.0,43.0,60
688,"Beef, short loin, porterhouse steak, separable lean only, trimmed to 1/8"" fat, select, raw",Meat & Poultry,606.0,22.7,5.32,0.0,,,43.0,60
689,"Beef, short loin, t-bone steak, bone-in, separable lean only, trimmed to 1/8"" fat, all grades, cooked, grilled",Meat & Poultry,212.0,27.9,10.4,0.0,0.0,0.0,67.0,60
690,"Beef, short loin, t-bone steak, bone-in, separable lean only, trimmed to 1/8"" fat, all grades, raw",Meat & Poultry,642.0,22.2,6.5,0.0,0.0,0.0,42.0,60
691,"Beef, short loin, t-bone steak, bone-in, separable lean only, trimmed to 1/8"" fat, choice, cooked, grilled",Meat & Poultry,217.0,27.5,11.0,0.0,0.0,0.0,68.0,60
692,"Beef, short loin, t-bone steak, bone-in, separable lean only, trimmed to 1/8"" fat, choice, cooked, grilled",Meat & Poultry,219.0,27.3,11.4,0.0,,,67.0,60
693,"Beef, short loin, t-bone steak, bone-in, separable lean only, trimmed to 1/8"" fat, choice, raw",Meat & Poultry,669.0,22.1,7.27,0.0,0.0,0.0,35.0,60
694,"Beef, short loin, t-bone steak, bone-in, separable lean only, trimmed to 1/8"" fat, select, cooked, grilled",Meat & Poultry,206.0,28.4,9.35,0.0,0.0,0.0,66.0,60
695,"Beef, short loin, t-bone steak, bone-in, separable lean only, trimmed to 1/8"" fat, select, raw",Meat & Poultry,602.0,22.4,5.34,0.0,0.0,0.0,57.0,60
696,"Beef, short loin, t-bone steak, separable lean only, trimmed to 0"" fat, choice, cooked, broiled",Meat & Poultry,198.0,26.0,9.61,0.0,0.0,0.0,71.0,60
697,"Beef, short loin, t-bone steak, separable lean only, trimmed to 0"" fat, select, cooked, broiled",Meat & Poultry,742.0,26.0,7.36,0.0,0.0,0.0,71.0,60
698,"Beef, short loin, top loin steak, separable lean only, trimmed to 1/8"" fat, all grades, raw",Meat & Poultry,578.0,22.9,5.15,0.0,0.0,0.0,57.0,60
699,"Beef, short loin, top loin, steak, separable lean only, trimmed to 1/8"" fat, all grades, cooked, broiled",Meat & Poultry,189.0,29.3,7.09,0.0,0.0,0.0,61.0,60
700,"Beef, short loin, top loin, steak, separable lean only, trimmed to 1/8"" fat, choice, cooked, broiled",Meat & Poultry,201.0,29.2,8.45,0.0,0.0,0.0,60.0,60
701,"Beef, short loin, top loin, steak, separable lean only, trimmed to 1/8"" fat, choice, raw",Meat & Poultry,650.0,22.8,6.43,0.0,0.0,0.0,58.0,60
702,"Beef, short loin, top loin, steak, separable lean only, trimmed to 1/8"" fat, select, cooked, grilled",Meat & Poultry,742.0,29.4,5.73,0.0,0.0,0.0,62.0,60
703,"Beef, short loin, top loin, steak, separable lean only, trimmed to 1/8"" fat, select, raw",Meat & Poultry,133.0,23.1,3.88,0.0,0.0,0.0,57.0,60
704,"Beef, shoulder pot roast or steak, boneless, separable lean and fat, trimmed to 0"" fat, all grades, raw",Meat & Poultry,545.0,21.4,4.97,0.0,0.0,0.0,72.0,60
705,"Beef, shoulder pot roast or steak, boneless, separable lean and fat, trimmed to 0"" fat, choice, raw",Meat & Poultry,133.0,21.2,5.33,0.07,0.0,0.0,74.0,60
706,"Beef, shoulder pot roast or steak, boneless, separable lean and fat, trimmed to 0"" fat, select, raw",Meat & Poultry,531.0,21.7,4.44,0.0,0.0,0.0,70.0,60
707,"Beef, shoulder pot roast or steak, boneless, separable lean only, trimmed to 0"" fat, all grades, raw",Meat & Poultry,123.0,21.6,4.09,0.0,0.0,0.0,73.0,60
708,"Beef, shoulder pot roast or steak, boneless, separable lean only, trimmed to 0"" fat, choice, raw",Meat & Poultry,125.0,21.4,4.35,0.11,0.0,0.0,74.0,60
709,"Beef, shoulder pot roast or steak, boneless, separable lean only, trimmed to 0"" fat, select, raw",Meat & Poultry,121.0,21.9,3.7,0.0,0.0,0.0,71.0,60
710,"Beef, shoulder pot roast, boneless, separable lean and fat, trimmed to 0"" fat, all grades, cooked, braised",Meat & Poultry,204.0,31.0,8.92,0.0,0.0,0.0,61.0,60
711,"Beef, shoulder pot roast, boneless, separable lean and fat, trimmed to 0"" fat, choice, cooked, braised",Meat & Poultry,866.0,30.9,9.25,0.0,0.0,0.0,60.0,60
712,"Beef, shoulder pot roast, boneless, separable lean and fat, trimmed to 0"" fat, select, cooked, braised",Meat & Poultry,200.0,31.2,8.41,0.0,0.0,0.0,62.0,60
713,"Beef, shoulder pot roast, boneless, separable lean only, trimmed to 0"" fat, all grades, cooked, braised",Meat & Poultry,820.0,31.5,7.78,0.0,0.0,0.0,61.0,60
714,"Beef, shoulder pot roast, boneless, separable lean only, trimmed to 0"" fat, choice, cooked, braised",Meat & Poultry,837.0,31.3,8.3,0.0,0.0,0.0,60.0,60
715,"Beef, shoulder pot roast, boneless, separable lean only, trimmed to 0"" fat, select, cooked, braised",Meat & Poultry,190.0,31.7,7.02,0.0,0.0,0.0,63.0,60
716,"Beef, shoulder steak, boneless, separable lean and fat, trimmed to 0"" fat, all grades, cooked, grilled",Meat & Poultry,182.0,28.3,6.8,0.0,0.0,0.0,67.0,60
717,"Beef, shoulder steak, boneless, separable lean and fat, trimmed to 0"" fat, choice, cooked, grilled",Meat & Poultry,186.0,28.2,7.25,0.0,0.0,0.0,67.0,60
718,"Beef, shoulder steak, boneless, separable lean and fat, trimmed to 0"" fat, select, cooked, grilled",Meat & Poultry,739.0,28.4,6.14,0.0,0.0,0.0,67.0,60
719,"Beef, shoulder steak, boneless, separable lean only, trimmed to 0"" fat, all grades, cooked, grilled",Meat & Poultry,731.0,28.6,5.82,0.0,0.0,0.0,68.0,60
720,"Beef, shoulder steak, boneless, separable lean only, trimmed to 0"" fat, choice, cooked, grilled",Meat & Poultry,746.0,28.5,6.25,0.0,0.0,0.0,68.0,60
721,"Beef, shoulder steak, boneless, separable lean only, trimmed to 0"" fat, select, cooked, grilled",Meat & Poultry,169.0,28.7,5.17,0.0,0.0,0.0,68.0,60
722,"Beef, shoulder top blade steak, boneless, separable lean and fat, trimmed to 0"" fat, all grades, cooked, grilled",Meat & Poultry,210.0,27.6,11.1,0.0,0.0,0.0,85.0,60
723,"Beef, shoulder top blade steak, boneless, separable lean and fat, trimmed to 0"" fat, all grades, raw",Meat & Poultry,610.0,20.2,7.25,0.0,0.0,0.0,82.0,60
724,"Beef, shoulder top blade steak, boneless, separable lean and fat, trimmed to 0"" fat, choice, cooked, grilled",Meat & Poultry,220.0,27.5,12.3,0.0,0.0,0.0,84.0,60
725,"Beef, shoulder top blade steak, boneless, separable lean and fat, trimmed to 0"" fat, choice, raw",Meat & Poultry,635.0,20.1,7.94,0.0,0.0,0.0,81.0,60
726,"Beef, shoulder top blade steak, boneless, separable lean and fat, trimmed to 0"" fat, select, cooked, grilled",Meat & Poultry,194.0,27.7,9.29,0.0,0.0,0.0,88.0,60
727,"Beef, shoulder top blade steak, boneless, separable lean and fat, trimmed to 0"" fat, select, raw",Meat & Poultry,573.0,20.3,6.21,0.0,0.0,0.0,86.0,60
728,"Beef, shoulder top blade steak, boneless, separable lean only, trimmed to 0"" fat, all grades, cooked, grilled",Meat & Poultry,819.0,28.2,9.23,0.0,0.0,0.0,87.0,60
729,"Beef, shoulder top blade steak, boneless, separable lean only, trimmed to 0"" fat, all grades, raw",Meat & Poultry,139.0,20.4,6.42,0.0,0.0,0.0,83.0,60
730,"Beef, shoulder top blade steak, boneless, separable lean only, trimmed to 0"" fat, choice, cooked, grilled",Meat & Poultry,202.0,28.3,9.83,0.0,0.0,0.0,85.0,60
731,"Beef, shoulder top blade steak, boneless, separable lean only, trimmed to 0"" fat, choice, raw",Meat & Poultry,599.0,20.4,6.88,0.0,0.0,0.0,82.0,60
732,"Beef, shoulder top blade steak, boneless, separable lean only, trimmed to 0"" fat, select, cooked, grilled",Meat & Poultry,782.0,28.0,8.34,0.0,0.0,0.0,89.0,60
733,"Beef, shoulder top blade steak, boneless, separable lean only, trimmed to 0"" fat, select, raw",Meat & Poultry,133.0,20.4,5.73,0.0,0.0,0.0,87.0,60
734,"Beef, tenderloin, steak, separable lean only, trimmed to 1/8"" fat, all grades, cooked, broiled",Meat & Poultry,200.0,29.0,8.39,0.0,0.0,0.0,60.0,60
735,"Beef, tenderloin, steak, separable lean only, trimmed to 1/8"" fat, all grades, raw",Meat & Poultry,641.0,22.1,6.52,0.0,0.0,0.0,56.0,60
736,"Beef, tenderloin, steak, separable lean only, trimmed to 1/8"" fat, choice, cooked, broiled",Meat & Poultry,206.0,29.0,9.1,0.0,0.0,0.0,59.0,60
737,"Beef, tenderloin, steak, separable lean only, trimmed to 1/8"" fat, choice, raw",Meat & Poultry,158.0,22.2,7.07,0.0,0.0,0.0,57.0,60
738,"Beef, tenderloin, steak, separable lean only, trimmed to 1/8"" fat, select, cooked, broiled",Meat & Poultry,812.0,29.1,7.76,0.0,0.0,0.0,62.0,60
739,"Beef, tenderloin, steak, separable lean only, trimmed to 1/8"" fat, select, raw",Meat & Poultry,148.0,22.1,5.93,0.0,0.0,0.0,55.0,60
740,"Beef, top loin filet, boneless, separable lean and fat, trimmed to 1/8"" fat, all grades, cooked, grilled",Meat & Poultry,1000.0,27.4,14.1,0.6,0.0,0.0,93.0,60
741,"Beef, top loin filet, boneless, separable lean and fat, trimmed to 1/8"" fat, select, cooked, grilled",Meat & Poultry,917.0,28.3,11.6,0.4,0.0,0.0,86.0,60
742,"Beef, top loin filet, boneless, separable lean only, trimmed to 1/8"" fat, all grades, cooked, grilled",Meat & Poultry,195.0,29.3,8.54,0.3,0.0,0.0,63.0,60
743,"Beef, top loin filet, boneless, separable lean only, trimmed to 1/8"" fat, choice, cooked, grilled",Meat & Poultry,848.0,29.0,9.48,0.36,0.0,0.0,62.0,60
744,"Beef, top loin filet, boneless, separable lean only, trimmed to 1/8"" fat, select, cooked, grilled",Meat & Poultry,184.0,29.8,7.12,0.2,0.0,0.0,65.0,60
745,"Beef, top loin petite roast, boneless, separable lean and fat, trimmed to 1/8"" fat, all grades, cooked, roasted",Meat & Poultry,228.0,27.0,12.9,1.0,0.0,0.0,93.0,60
746,"Beef, top loin petite roast, boneless, separable lean and fat, trimmed to 1/8"" fat, choice, cooked, roasted",Meat & Poultry,998.0,26.8,14.1,1.1,0.0,0.0,92.0,60
747,"Beef, top loin petite roast, boneless, separable lean and fat, trimmed to 1/8"" fat, select, cooked, roasted",Meat & Poultry,213.0,27.1,11.2,0.9,0.0,0.0,84.0,60
748,"Beef, top loin petite roast, boneless, separable lean only, trimmed to 1/8"" fat, all grades, cooked, roasted",Meat & Poultry,818.0,28.3,8.76,0.82,0.0,0.0,62.0,60
749,"Beef, top loin petite roast, boneless, separable lean only, trimmed to 1/8"" fat, choice, cooked, roasted",Meat & Poultry,206.0,28.2,9.97,0.88,0.0,0.0,62.0,60
750,"Beef, top loin petite roast, boneless, separable lean only, trimmed to 1/8"" fat, select, cooked, roasted",Meat & Poultry,751.0,28.5,6.95,0.74,0.0,0.0,64.0,60
751,"Beef, top loin petite roast/filet, boneless, separable lean and fat, trimmed to 1/8"" fat, all grades, raw",Meat & Poultry,784.0,21.1,11.3,0.3,0.0,0.0,89.0,60
752,"Beef, top loin petite roast/filet, boneless, separable lean and fat, trimmed to 1/8"" fat, choice, raw",Meat & Poultry,199.0,20.8,12.6,0.6,0.0,0.0,89.0,60
753,"Beef, top loin petite roast/filet, boneless, separable lean and fat, trimmed to 1/8"" fat, select, raw",Meat & Poultry,712.0,21.6,9.3,0.0,0.0,0.0,85.0,60
754,"Beef, top loin petite roast/filet, boneless, separable lean only, trimmed to 1/8"" fat, all grades, raw",Meat & Poultry,143.0,22.6,5.84,0.0,0.0,0.0,60.0,60
755,"Beef, top loin petite roast/filet, boneless, separable lean only, trimmed to 1/8"" fat, choice, raw",Meat & Poultry,625.0,22.5,6.48,0.23,0.0,0.0,66.0,60
756,"Beef, top loin petite roast/filet, boneless, separable lean only, trimmed to 1/8"" fat, select, raw",Meat & Poultry,135.0,22.8,4.88,0.0,0.0,0.0,57.0,60
757,"Beef, top sirloin steak, raw",Meat & Poultry,146.0,22.0,5.71,0.218,,,42.8,60
758,"Beef, top sirloin, steak, separable lean and fat, trimmed to 0"" fat, all grades, cooked, broiled",Meat & Poultry,212.0,29.3,9.67,0.0,0.0,0.0,61.0,60
759,"Beef, top sirloin, steak, separable lean and fat, trimmed to 0"" fat, choice, cooked, broiled",Meat & Poultry,916.0,29.0,10.5,0.0,0.0,0.0,58.0,60
760,"Beef, top sirloin, steak, separable lean and fat, trimmed to 0"" fat, select, cooked, broiled",Meat & Poultry,206.0,29.6,8.8,0.0,0.0,0.0,63.0,60
761,"Beef, top sirloin, steak, separable lean and fat, trimmed to 1/8"" fat, select, cooked, broiled",Meat & Poultry,230.0,27.1,12.7,0.0,0.0,0.0,57.0,60
762,"Beef, top sirloin, steak, separable lean and fat, trimmed to 1/8"" fat, select, raw",Meat & Poultry,789.0,20.7,11.1,0.0,0.0,0.0,53.0,60
763,"Beef, top sirloin, steak, separable lean only, trimmed to 0"" fat, all grades, cooked, broiled",Meat & Poultry,764.0,30.6,5.79,0.0,0.0,0.0,64.0,60
764,"Beef, top sirloin, steak, separable lean only, trimmed to 0"" fat, choice, cooked, broiled",Meat & Poultry,188.0,30.3,6.55,0.0,0.0,0.0,63.0,60
765,"Beef, top sirloin, steak, separable lean only, trimmed to 0"" fat, select, cooked, broiled",Meat & Poultry,740.0,30.8,5.03,0.0,0.0,0.0,66.0,60
766,"Beef, top sirloin, steak, separable lean only, trimmed to 1/8"" fat, all grades, cooked, broiled",Meat & Poultry,178.0,29.4,5.84,0.0,0.0,0.0,61.0,60
767,"Beef, top sirloin, steak, separable lean only, trimmed to 1/8"" fat, all grades, raw",Meat & Poultry,549.0,22.1,4.08,0.0,0.0,0.0,56.0,60
768,"Beef, top sirloin, steak, separable lean only, trimmed to 1/8"" fat, choice, cooked, broiled",Meat & Poultry,781.0,29.5,6.72,0.0,0.0,0.0,61.0,60
769,"Beef, top sirloin, steak, separable lean only, trimmed to 1/8"" fat, choice, raw",Meat & Poultry,566.0,21.9,4.62,0.0,0.0,0.0,57.0,60
770,"Beef, top sirloin, steak, separable lean only, trimmed to 1/8"" fat, select, cooked, broiled",Meat & Poultry,170.0,29.3,4.96,0.0,0.0,0.0,62.0,60
771,"Beef, top sirloin, steak, separable lean only, trimmed to 1/8"" fat, select, raw",Meat & Poultry,531.0,22.3,3.54,0.0,0.0,0.0,56.0,60
772,"Beef, variety meats and by-products, brain, cooked, pan-fried",Meat & Poultry,196.0,12.6,15.8,0.0,0.0,,158.0,60
773,"Beef, variety meats and by-products, brain, cooked, simmered",Meat & Poultry,151.0,11.7,10.5,1.48,0.0,0.0,108.0,65
774,"Beef, variety meats and by-products, brain, raw",Meat & Poultry,143.0,10.9,10.3,1.05,0.0,0.0,126.0,65
775,"Beef, variety meats and by-products, heart, cooked, simmered",Meat & Poultry,690.0,28.5,4.73,0.15,0.0,0.0,59.0,60
776,"Beef, variety meats and by-products, heart, raw",Meat & Poultry,467.0,17.7,3.94,0.14,0.0,0.0,98.0,60
777,"Beef, variety meats and by-products, kidneys, cooked, simmered",Meat & Poultry,663.0,27.3,4.65,0.0,0.0,0.0,94.0,60
778,"Beef, variety meats and by-products, kidneys, raw",Meat & Poultry,99.0,17.4,3.09,0.29,0.0,0.0,182.0,60
779,"Beef, variety meats and by-products, liver, cooked, braised",Meat & Poultry,801.0,29.1,5.26,5.13,0.0,0.0,79.0,60
780,"Beef, variety meats and by-products, liver, cooked, pan-fried",Meat & Poultry,175.0,26.5,4.68,5.16,0.0,0.0,77.0,60
781,"Beef, variety meats and by-products, liver, raw",Meat & Poultry,135.0,20.4,3.63,3.89,0.0,0.0,69.0,60
782,"Beef, variety meats and by-products, lungs, cooked, braised",Meat & Poultry,120.0,20.4,3.7,0.0,0.0,,101.0,65
783,"Beef, variety meats and by-products, lungs, raw",Meat & Poultry,92.0,16.2,2.5,0.0,0.0,,198.0,65
784,"Beef, variety meats and by-products, spleen, cooked, braised",Meat & Poultry,145.0,25.1,4.2,0.0,0.0,,57.0,65
785,"Beef, variety meats and by-products, spleen, raw",Meat & Poultry,105.0,18.3,3.0,0.0,0.0,,85.0,65
786,"Beef, variety meats and by-products, tripe, cooked, simmered",Meat & Poultry,94.0,11.7,4.05,1.99,0.0,0.0,68.0,60
787,"Beef, variety meats and by-products, tripe, raw",Meat & Poultry,85.0,12.1,3.69,0.0,0.0,0.0,97.0,60
788,"Beef, tenderloin steak, raw",Meat & Poultry,149.0,21.1,6.46,0.18,,,44.8,60
789,"Beet greens, raw",Vegetables,22.0,2.2,0.13,4.33,3.7,0.5,226.0,65
790,"Beets, raw",Vegetables,41.0,1.69,0.302,8.79,3.12,5.1,112.0,60
791,"Beverages, ABBOTT, EAS whey protein powder",Beverages,385.0,66.7,5.13,18.0,0.0,5.13,385.0,60
792,"Beverages, Carob-flavor beverage mix, powder",Beverages,1560.0,1.8,0.2,93.3,8.0,,103.0,60
793,"Beverages, coffee substitute, cereal grain beverage, powder",Beverages,1510.0,6.01,2.52,78.4,23.3,4.63,83.0,60
794,"Beverages, coffee, instant, decaffeinated, powder",Beverages,351.0,11.6,0.2,76.0,0.0,0.0,23.0,60
795,"Beverages, coffee, instant, regular, half the caffeine",Beverages,352.0,14.4,0.5,73.2,0.0,0.0,37.0,60
796,"Beverages, coffee, instant, regular, powder",Beverages,1480.0,12.2,0.5,75.4,0.0,0.0,37.0,60
797,"Beverages, Orange-flavor drink, breakfast type, low calorie, powder",Beverages,217.0,3.6,0.0,85.9,3.8,2.6,81.0,65
798,"Beverages, Protein powder whey based",Beverages,352.0,78.1,1.56,6.25,3.1,0.0,156.0,70
799,"Beverages, tea, instant, decaffeinated, unsweetened",Beverages,315.0,20.2,0.0,58.7,8.5,5.53,72.0,70
800,"Beverages, tea, instant, lemon, unsweetened",Beverages,1440.0,7.4,0.18,78.5,5.0,4.52,55.0,60
801,"Beverages, tea, instant, unsweetened, powder",Beverages,1320.0,20.2,0.0,58.7,8.5,5.53,72.0,70
802,"Beverages, UNILEVER, SLIMFAST Shake Mix, high protein, whey powder, 3-2-1 Plan,",Beverages,433.0,27.9,13.5,50.0,18.2,20.6,495.0,65
803,"Beverages, Whey protein powder isolate",Beverages,1500.0,58.1,1.16,29.1,0.0,1.16,372.0,65
804,"Bison, ground, grass-fed, cooked",Other,751.0,25.4,8.62,0.0,0.0,0.0,76.0,60
805,"Bison, ground, grass-fed, raw",Other,146.0,20.2,7.21,0.05,0.0,0.0,70.0,60
806,"Bison, ground, raw",Other,164.0,19.9,8.88,-0.15,,,55.7,60
807,"Blackberries, frozen, unsweetened",Fruits,268.0,1.18,0.43,15.7,5.0,10.7,1.0,60
808,"Blackberries, raw",Fruits,181.0,1.39,0.49,9.61,5.3,4.88,1.0,65
809,"Blackberries, wild, raw (Alaska Native)",Other,219.0,0.84,1.07,9.84,3.2,3.65,6.0,60
810,"Blackeye pea, dry",Other,346.0,21.2,2.42,61.8,,,3.46,60
811,"Blueberries, wild, frozen (Includes foods for USDA's Food Distribution Program)",Fruits,238.0,0.0,0.16,13.8,4.4,,3.0,60
812,"Boysenberries, frozen, unsweetened",Fruits,50.0,1.1,0.26,12.2,5.3,6.89,1.0,60
813,"Bratwurst, chicken, cooked",Meat & Poultry,738.0,19.4,10.4,0.0,0.0,0.0,72.0,60
814,"Bread, blue corn, somiviki (Hopi)",Grains,776.0,3.1,1.53,39.8,3.6,12.9,9.0,60
815,"Bread, chapati or roti, plain, commercially prepared",Grains,1240.0,11.2,7.45,46.4,4.9,2.72,409.0,70
816,"Bread, chapati or roti, whole wheat, commercially prepared, frozen",Grains,299.0,7.85,9.2,46.1,9.7,2.93,298.0,60
817,"Bread, cinnamon",Grains,1060.0,7.05,5.29,44.4,3.5,14.1,388.0,60
818,"Bread, crumbs, dry, grated, plain",Grains,1650.0,13.4,5.3,72.0,4.5,6.2,732.0,60
819,"Bread, crumbs, dry, grated, seasoned",Grains,1600.0,14.1,5.48,68.5,4.9,5.74,2100.0,60
820,"Bread, egg, toasted",Grains,315.0,10.5,6.6,52.6,2.5,1.94,417.0,60
821,"Bread, french or vienna, toasted (includes sourdough)",Grains,1340.0,13.0,2.14,61.9,3.1,3.59,720.0,60
822,"Bread, french or vienna, whole wheat",Grains,239.0,8.33,1.04,49.1,4.2,0.0,375.0,60
823,"Bread, gluten-free, white, made with rice flour, corn starch, and/or tapioca",Grains,1040.0,4.31,5.24,45.8,4.3,3.53,447.0,60
824,"Bread, multi-grain (includes whole-grain)",Grains,1110.0,13.4,4.23,43.3,7.4,6.39,381.0,70
825,"Bread, multi-grain, toasted (includes whole-grain)",Grains,288.0,14.5,4.6,47.1,8.1,6.94,414.0,70
826,"Bread, naan, whole wheat, commercially prepared, refrigerated",Grains,286.0,10.2,6.7,46.2,4.8,3.4,467.0,70
827,"Bread, oat bran",Grains,236.0,10.4,4.4,39.8,4.5,7.7,353.0,70
828,"Bread, oat bran, toasted",Grains,259.0,11.4,4.8,43.7,4.9,8.46,387.0,70
829,"Bread, oatmeal",Grains,269.0,8.4,4.4,48.5,4.0,8.14,447.0,60
830,"Bread, oatmeal, toasted",Grains,292.0,9.2,4.8,52.7,4.3,8.84,486.0,60
831,"Bread, pita, whole-wheat",Grains,1100.0,9.8,1.71,55.9,6.1,2.87,421.0,60
832,"Bread, potato",Grains,266.0,12.5,3.13,47.1,6.3,9.38,375.0,70
833,"Bread, protein (includes gluten)",Grains,245.0,12.1,2.2,43.8,3.0,1.44,404.0,60
834,"Bread, protein, (includes gluten), toasted",Grains,270.0,13.2,2.4,48.1,3.3,1.44,444.0,70
835,"Bread, raisin, enriched",Grains,274.0,7.9,4.4,52.3,4.3,5.68,347.0,60
836,"Bread, raisin, enriched, toasted",Grains,297.0,8.6,4.8,56.9,4.7,6.18,377.0,60
837,"Bread, raisin, unenriched",Grains,274.0,7.9,4.4,52.3,4.3,,390.0,60
838,"Bread, reduced-calorie, oat bran",Grains,201.0,8.0,3.2,41.3,12.0,3.52,459.0,60
839,"Bread, reduced-calorie, wheat",Grains,907.0,13.3,2.92,42.5,11.1,3.71,332.0,70
840,"Bread, reduced-calorie, white",Grains,207.0,8.7,2.5,44.3,9.7,4.76,479.0,60
841,"Bread, rice bran",Grains,243.0,8.9,4.6,43.5,4.9,4.67,269.0,60
842,"Bread, rice bran, toasted",Grains,264.0,9.7,5.0,47.3,5.3,5.08,292.0,60
843,"Bread, stuffing, dry mix",Grains,386.0,11.0,3.4,76.2,3.2,8.27,1400.0,60
844,"Bread, wheat",Grains,274.0,10.7,4.53,47.5,4.0,5.73,473.0,70
845,"Bread, wheat, sprouted",Grains,188.0,13.2,0.0,33.9,5.3,2.63,474.0,70
846,"Bread, wheat, sprouted, toasted",Grains,856.0,14.3,0.0,36.8,5.7,2.86,515.0,60
847,"Bread, wheat, toasted",Grains,1310.0,13.0,4.27,55.8,4.7,6.42,601.0,60
848,"Bread, white wheat",Grains,994.0,10.7,2.15,43.9,9.2,5.0,478.0,70
849,"Bread, whole-wheat, commercially prepared",Grains,1060.0,12.4,3.5,42.7,6.0,4.34,455.0,70
850,"Bread, whole-wheat, commercially prepared",Grains,1060.0,12.3,3.55,39.2,6.0,4.41,450.0,70
851,"Bread, whole-wheat, commercially prepared, toasted",Grains,306.0,16.3,4.07,51.2,7.5,5.77,565.0,60
852,"Bread, whole-wheat, prepared from recipe",Grains,278.0,8.4,5.4,51.4,6.0,3.84,346.0,60
853,"Bread, whole-wheat, prepared from recipe, toasted",Grains,305.0,9.2,5.9,56.4,6.7,4.22,381.0,60
854,"Breadfruit, raw",Fruits,103.0,1.07,0.23,27.1,4.9,11.0,2.0,65
855,"Broadbeans (fava beans), mature seeds, canned",Other,71.0,5.47,0.22,12.4,3.7,,453.0,60
856,"Broadbeans (fava beans), mature seeds, cooked, boiled, with salt",Other,110.0,7.6,0.4,19.6,5.4,1.82,241.0,60
857,"Broadbeans (fava beans), mature seeds, cooked, boiled, without salt",Other,110.0,7.6,0.4,19.6,5.4,1.82,5.0,60
858,"Broadbeans (fava beans), mature seeds, raw",Other,1420.0,26.1,1.53,58.3,25.0,5.7,13.0,70
859,"Broadbeans, immature seeds, cooked, boiled, drained, without salt",Vegetables,62.0,4.8,0.5,10.1,3.6,,41.0,65
860,"Broadbeans, immature seeds, raw",Vegetables,72.0,5.6,0.6,11.7,4.2,,50.0,65
861,"Broccoli, cooked, boiled, drained, with salt",Vegetables,146.0,2.38,0.41,7.18,3.3,1.39,262.0,65
862,"Broccoli, cooked, boiled, drained, without salt",Vegetables,146.0,2.38,0.41,7.18,3.3,1.39,41.0,65
863,"Brussels sprouts, frozen, cooked, boiled, drained, with salt",Vegetables,176.0,3.64,0.39,8.32,4.1,2.08,259.0,65
864,"Brussels sprouts, frozen, cooked, boiled, drained, without salt",Vegetables,175.0,3.64,0.39,8.32,4.1,2.08,15.0,65
865,"Brussels sprouts, frozen, unprepared",Vegetables,41.0,3.78,0.41,7.86,3.8,2.03,10.0,65
866,"Brussels sprouts, raw",Vegetables,48.8,3.98,0.565,9.62,4.78,,25.7,65
867,"Brussels sprouts, raw",Vegetables,43.0,3.38,0.3,8.95,3.8,2.2,25.0,65
868,Buckwheat,Grains,343.0,13.2,3.4,71.5,10.0,,1.0,70
869,"Buckwheat flour, whole-groat",Grains,1400.0,12.6,3.1,70.6,10.0,2.6,11.0,70
870,"Buckwheat groats, roasted, dry",Grains,1450.0,11.7,2.71,75.0,10.3,,11.0,70
871,"Buckwheat, whole grain",Grains,332.0,11.1,3.04,71.1,4.05,,0.0,70
872,"Buffalo, free range, top round steak, cooked (Shoshone Bannock)",Other,146.0,32.5,1.8,0.0,,,41.0,60
873,"Buffalo, free range, top round steak, raw (Shoshone Bannock)",Other,97.0,21.4,1.3,0.0,,,43.0,60
874,"Bulgur, cooked",Grains,83.0,3.08,0.24,18.6,4.5,0.1,5.0,60
875,"Bulgur, dry",Grains,342.0,12.3,1.33,75.9,12.5,0.41,17.0,70
876,"Bulgur, dry, raw",Grains,349.0,11.8,2.42,75.9,11.7,,2.18,70
877,"Burdock root, raw",Vegetables,72.0,1.53,0.15,17.3,3.3,2.9,5.0,60
878,"BURGER KING, Hamburger",Other,261.0,14.8,10.6,26.8,1.0,5.6,461.0,60
879,"BURGER KING, WHOPPER, no cheese",Dairy,974.0,10.7,12.8,18.6,1.8,4.22,313.0,60
880,"Burrito, bean and cheese, frozen",Dairy,925.0,7.07,6.3,34.0,3.4,3.21,351.0,60
881,"Cabbage, japanese style, fresh, pickled",Vegetables,30.0,1.6,0.1,5.67,3.1,1.3,277.0,60
882,"Cabbage, savoy, raw",Vegetables,113.0,2.0,0.1,6.1,3.1,2.27,28.0,65
883,"Canada Goose, breast meat only, skinless, raw",Other,133.0,24.3,4.02,0.0,0.0,0.0,50.0,60
884,"Candies, chocolate covered, low sugar or low calorie",Other,590.0,12.4,43.3,37.7,3.5,14.6,111.0,60
885,"Candies, halavah, plain",Other,469.0,12.5,21.5,60.5,4.5,,195.0,70
886,"Candies, HERSHEYS, PAYDAY Bar",Other,2050.0,13.4,25.0,52.9,3.8,40.3,231.0,60
887,"Candies, peanut bar",Other,522.0,15.5,33.7,47.4,4.1,42.2,156.0,60
888,"Candies, sesame crunch",Other,2160.0,11.6,33.3,50.3,7.7,31.2,167.0,60
889,"Caribou, eye, raw (Alaska Native)",Other,326.0,10.8,31.4,0.0,,,,60
890,"Caribou, hind quarter meat, raw (Alaska Native)",Other,122.0,22.6,3.37,0.0,0.0,0.0,52.0,60
891,"Caribou, hind quarter, meat, cooked (Alaska Native)",Other,159.0,28.8,4.82,0.0,0.0,0.0,45.0,60
892,"Caribou, liver, raw (Alaska Native)",Other,512.0,15.0,3.9,6.8,,,,60
893,"Caribou, rump meat, half dried (Alaska Native)",Other,255.0,52.1,5.23,0.0,0.0,0.0,390.0,60
894,"Caribou, tongue, raw (Alaska Native)",Other,1090.0,13.7,22.8,0.0,,,,60
895,"CARRABBA'S ITALIAN GRILL, chicken parmesan without cavatappi pasta",Meat & Poultry,206.0,19.0,11.0,7.8,0.9,2.89,467.0,60
896,"Carrots, frozen, cooked, boiled, drained, with salt",Vegetables,155.0,0.58,0.68,7.73,3.3,4.08,295.0,60
897,"Carrots, frozen, cooked, boiled, drained, without salt",Vegetables,155.0,0.58,0.68,7.73,3.3,4.08,59.0,60
898,"Carrots, frozen, unprepared (Includes foods for USDA's Food Distribution Program)",Vegetables,152.0,0.78,0.46,7.9,3.3,4.76,68.0,60
899,"Carrots, mature, raw",Vegetables,45.0,0.941,0.351,10.3,3.1,,86.6,60
900,"Cattail, Narrow Leaf Shoots (Northern Plains Indians)",Other,106.0,1.18,0.0,5.14,4.5,0.22,109.0,60
901,"Cauliflower, green, cooked, no salt added",Vegetables,134.0,3.04,0.31,6.28,3.3,3.12,23.0,65
902,"Cauliflower, green, cooked, with salt",Vegetables,136.0,3.04,0.31,6.28,3.3,,259.0,65
903,"Cauliflower, green, raw",Vegetables,31.0,2.95,0.3,6.09,3.2,3.03,23.0,65
904,"Cereals ready-to-eat, ALPEN",Other,1470.0,11.2,3.3,75.7,9.1,20.0,27.0,60
905,"Cereals ready-to-eat, GENERAL MILLS, CHEERIOS",Other,372.0,12.4,6.6,73.2,10.1,4.5,497.0,75
906,"Cereals ready-to-eat, granola, homemade",Other,489.0,13.7,24.3,53.9,8.9,19.8,26.0,60
907,"Cereals ready-to-eat, HEALTH VALLEY, FIBER 7 Flakes",Other,353.0,14.4,1.41,78.2,14.1,20.0,200.0,60
908,"Cereals ready-to-eat, NATURE'S PATH, Organic FLAX PLUS flakes",Other,350.0,11.9,5.46,75.3,16.6,12.2,458.0,70
909,"Cereals ready-to-eat, NATURE'S PATH, Organic FLAX PLUS, Pumpkin Granola",Other,467.0,11.2,18.3,66.1,8.4,18.2,74.0,60
910,"Cereals ready-to-eat, POST, GRAPE-NUTS Cereal",Other,1510.0,11.2,1.81,80.5,13.0,8.86,465.0,70
911,"Cereals ready-to-eat, POST, Shredded Wheat n' Bran, spoon-size",Other,1420.0,10.9,2.06,80.6,14.7,0.75,0.0,70
912,"Cereals ready-to-eat, POST, Shredded Wheat, original big biscuit",Other,337.0,11.4,2.01,79.0,12.4,0.94,2.0,70
913,"Cereals ready-to-eat, POST, Shredded Wheat, original spoon-size",Other,1470.0,11.8,2.1,81.4,12.4,0.9,2.0,70
914,"Cereals ready-to-eat, QUAKER Oatmeal Squares, Golden Maple",Other,380.0,11.3,4.83,78.0,8.3,16.8,347.0,65
915,"Cereals ready-to-eat, QUAKER, 100% Natural Granola, Oats, Wheat and Honey",Other,1760.0,10.6,11.6,73.6,10.2,20.3,50.0,60
916,"Cereals ready-to-eat, QUAKER, MOTHER'S Cinnamon Oat Crunch",Other,382.0,10.6,4.56,79.8,8.1,25.4,275.0,60
917,"Cereals ready-to-eat, QUAKER, Oatmeal Squares",Other,379.0,11.4,4.83,77.8,8.3,16.7,347.0,65
918,"Cereals ready-to-eat, QUAKER, Oatmeal Squares, cinnamon",Other,379.0,11.2,4.88,78.1,8.7,16.7,344.0,65
919,"Cereals ready-to-eat, QUAKER, QUAKER Puffed Wheat",Other,366.0,16.3,2.15,76.4,9.4,1.37,5.0,70
920,"Cereals ready-to-eat, QUAKER, Shredded Wheat, bagged cereal",Other,1460.0,11.2,2.01,81.0,11.8,0.81,4.0,70
921,"Cereals ready-to-eat, QUAKER, Toasted Multigrain Crisps",Other,1560.0,12.4,5.11,74.9,10.2,16.3,365.0,65
922,"Cereals ready-to-eat, RALSTON TASTEEOS",Other,1650.0,10.7,5.36,76.0,10.7,3.57,571.0,65
923,"Cereals ready-to-eat, SUN COUNTRY, KRETSCHMER Honey Crunch Wheat Germ",Other,1560.0,26.6,7.78,58.1,10.2,21.4,11.0,60
924,"Cereals ready-to-eat, SUN COUNTRY, KRETSCHMER Toasted Wheat Bran",Other,839.0,17.6,5.16,59.5,41.3,,6.0,70
925,"Cereals ready-to-eat, SUN COUNTRY, KRETSCHMER Wheat Germ, Regular",Other,366.0,31.4,9.56,49.4,11.9,7.14,6.0,70
926,"Cereals ready-to-eat, UNCLE SAM CEREAL",Other,346.0,16.0,11.6,65.8,20.3,1.56,206.0,70
927,"Cereals ready-to-eat, WEETABIX whole grain cereal",Other,371.0,11.4,2.86,81.5,11.4,5.71,371.0,70
928,"Cereals ready-to-eat, wheat germ, toasted, plain",Other,382.0,29.1,10.7,49.6,15.1,7.8,4.0,70
929,"Cereals ready-to-eat, wheat, puffed, fortified",Other,364.0,14.7,1.2,79.6,4.4,,4.0,70
930,"Cereals, corn grits, white, regular and quick, enriched, dry",Other,370.0,7.65,1.75,79.1,4.6,0.57,1.0,60
931,"Cereals, CREAM OF WHEAT, 1 minute cook time, dry",Other,1500.0,11.8,1.47,72.6,4.4,0.51,7.0,70
932,"Cereals, CREAM OF WHEAT, 2 1/2 minute cook time, dry",Other,355.0,11.6,1.41,71.8,4.4,0.47,328.0,70
933,"Cereals, CREAM OF WHEAT, instant, dry",Other,366.0,10.6,1.4,75.5,3.3,0.4,571.0,60
934,"Cereals, CREAM OF WHEAT, regular, 10 minute cooking, dry",Other,1550.0,10.5,1.5,76.5,3.8,0.2,7.0,70
935,"Cereals, farina, enriched, assorted brands including CREAM OF WHEAT, quick (1-3 minutes), dry",Other,1510.0,11.6,1.41,73.2,4.2,0.56,124.0,70
936,"Cereals, farina, unenriched, dry",Other,369.0,10.6,0.5,78.0,1.9,,3.0,60
937,"Cereals, MALT-O-MEAL, Farina Hot Wheat Cereal, dry",Other,365.0,10.5,0.49,77.2,2.9,0.7,3.0,60
938,"Cereals, MALT-O-MEAL, original, plain, dry",Other,365.0,11.8,0.7,77.2,2.1,0.0,0.0,60
939,"Cereals, oats, instant, fortified, plain, dry",Other,1520.0,11.9,6.9,69.5,10.0,1.5,220.0,70
940,"Cereals, oats, regular and quick, not fortified, dry",Other,1590.0,13.2,6.52,67.7,10.1,0.99,6.0,70
941,"Cereals, QUAKER, hominy grits, white, quick, dry",Other,348.0,8.8,1.2,79.6,4.8,0.3,1.0,60
942,"Cereals, QUAKER, Instant Grits, Ham 'n' Cheese flavor, dry",Dairy,1490.0,10.7,4.68,71.1,4.2,2.69,1930.0,60
943,"Cereals, QUAKER, Instant Oatmeal Organic, Regular",Other,1540.0,16.0,6.3,67.0,9.8,1.0,4.0,70
944,"Cereals, QUAKER, Instant Oatmeal, Cinnamon Spice, reduced sugar",Other,358.0,11.3,6.11,69.4,8.8,11.9,760.0,60
945,"Cereals, QUAKER, Instant Oatmeal, Cinnamon Swirl, high fiber",Other,1530.0,8.79,4.8,75.7,22.3,14.7,473.0,60
946,"Cereals, QUAKER, Instant Oatmeal, Cinnamon-Spice, dry",Other,369.0,10.4,5.1,74.5,8.2,21.1,416.0,60
947,"Cereals, QUAKER, Instant Oatmeal, weight control, cinnamon",Other,1510.0,16.5,6.28,64.2,13.0,1.27,618.0,60
948,"Cereals, QUAKER, Oat Bran, QUAKER/MOTHER'S Oat Bran, dry",Other,1520.0,17.0,7.97,62.9,14.3,1.43,5.0,70
949,"Cereals, QUAKER, oatmeal, REAL MEDLEYS, cherry pistachio, dry",Other,394.0,12.0,11.0,66.7,7.1,26.3,181.0,60
950,"Cereals, QUAKER, oatmeal, REAL MEDLEYS, peach almond, dry",Other,1620.0,10.1,9.84,68.6,7.4,24.8,201.0,65
951,"Cereals, QUAKER, oatmeal, REAL MEDLEYS, summer berry, dry",Other,353.0,11.3,4.4,72.6,8.5,20.4,354.0,60
952,"Cereals, QUAKER, QUAKER MultiGrain Oatmeal, dry",Other,334.0,12.6,2.73,72.6,11.9,2.46,7.0,70
953,"Cereals, QUAKER, Quick Oats with Iron, Dry",Other,1550.0,13.7,6.87,68.2,9.4,1.42,3.0,70
954,"Cereals, QUAKER, Quick Oats, Dry",Other,371.0,13.7,6.87,68.2,9.4,1.42,3.0,70
955,"Cereals, QUAKER, Weight Control Instant Oatmeal, banana bread",Grains,361.0,16.5,6.16,64.4,12.6,1.29,619.0,60
956,"Cereals, QUAKER, Weight Control Instant Oatmeal, maple and brown sugar",Other,1510.0,16.4,6.2,64.2,13.0,1.25,642.0,60
957,"Cereals, QUAKER, Whole Wheat Natural Cereal, dry",Other,1390.0,11.8,2.0,74.8,9.9,2.0,8.0,70
958,"Cereals, WHEATENA, dry",Other,357.0,13.1,2.9,75.6,12.8,1.6,13.0,70
959,"Cereals, whole wheat hot natural cereal, dry",Other,1430.0,11.2,2.0,75.2,9.5,0.42,2.0,70
960,"Cheese, cottage, creamed, large or small curd",Dairy,98.0,11.1,4.3,3.38,0.0,2.67,315.0,60
961,"Cheese, cottage, creamed, with fruit",Fruits,407.0,10.7,3.85,4.61,0.2,2.38,344.0,60
962,"Cheese, cottage, lowfat, 1% milkfat",Dairy,303.0,12.4,1.02,2.72,0.0,2.72,406.0,60
963,"Cheese, cottage, lowfat, 1% milkfat, lactose reduced",Dairy,310.0,12.4,1.0,3.2,0.6,2.6,220.0,60
964,"Cheese, cottage, lowfat, 1% milkfat, no sodium added",Dairy,301.0,12.4,1.0,2.7,0.0,2.7,13.0,60
965,"Cheese, cottage, lowfat, 1% milkfat, with vegetables",Vegetables,280.0,10.9,1.0,3.0,0.0,3.0,403.0,60
966,"Cheese, cottage, lowfat, 2% milkfat",Dairy,352.0,11.0,2.3,4.31,,4.1,321.0,60
967,"Cheese, cottage, lowfat, 2% milkfat",Dairy,340.0,10.4,2.27,4.76,0.0,4.0,308.0,60
968,"Cheese, cottage, nonfat, uncreamed, dry, large or small curd",Dairy,303.0,10.3,0.29,6.66,0.0,1.85,372.0,60
969,"Cheese, cottage, with vegetables",Vegetables,95.0,10.9,4.2,3.0,0.1,0.37,403.0,60
970,"Cheese, ricotta, part skim milk",Dairy,138.0,11.4,7.91,5.14,0.0,0.31,99.0,60
971,"Cheese, swiss, low fat",Dairy,179.0,28.4,5.1,3.4,0.0,1.33,199.0,60
972,"Chia seeds, dry, raw",Grains,490.0,17.0,32.9,38.3,,,0.0,60
973,"CHICK-FIL-A, hash browns",Other,1260.0,3.0,18.5,30.5,3.2,0.54,454.0,60
974,"Chicken breast tenders, breaded, cooked, microwaved",Meat & Poultry,252.0,16.4,12.9,17.6,0.0,0.0,446.0,60
975,"Chicken, breast, boneless, skinless, raw",Meat & Poultry,112.0,22.5,1.93,0.0,,,65.8,60
976,"Chicken, breast, meat and skin, raw",Meat & Poultry,133.0,21.4,4.78,-0.428,,,48.1,60
977,"Chicken, broiler or fryers, breast, skinless, boneless, meat only, cooked, braised",Meat & Poultry,659.0,32.1,3.24,0.0,0.0,0.0,47.0,60
978,"Chicken, broiler or fryers, breast, skinless, boneless, meat only, cooked, braised",Meat & Poultry,695.0,32.1,3.24,0.0,,,47.0,60
979,"Chicken, broiler or fryers, breast, skinless, boneless, meat only, cooked, grilled",Meat & Poultry,151.0,30.5,3.17,0.0,0.0,0.0,52.0,60
980,"Chicken, broiler or fryers, breast, skinless, boneless, meat only, raw",Meat & Poultry,501.0,22.5,2.62,0.0,0.0,0.0,45.0,60
981,"Chicken, broiler or fryers, breast, skinless, boneless, meat only, with added solution, cooked, braised",Meat & Poultry,609.0,28.2,3.61,0.0,0.0,0.0,172.0,60
982,"Chicken, broiler or fryers, breast, skinless, boneless, meat only, with added solution, cooked, grilled",Meat & Poultry,148.0,29.5,3.39,0.0,0.0,0.0,215.0,60
983,"Chicken, broiler, rotisserie, BBQ, breast, meat and skin",Meat & Poultry,175.0,26.4,7.67,0.09,0.0,0.09,329.0,60
984,"Chicken, broiler, rotisserie, BBQ, breast, meat only",Meat & Poultry,144.0,28.0,3.57,0.0,0.0,0.0,328.0,60
985,"Chicken, broiler, rotisserie, BBQ, drumstick, meat and skin",Meat & Poultry,861.0,25.6,11.5,0.12,0.0,0.12,392.0,60
986,"Chicken, broiler, rotisserie, BBQ, drumstick, meat only",Meat & Poultry,719.0,27.7,6.76,0.0,0.0,0.0,403.0,60
987,"Chicken, broiler, rotisserie, BBQ, thigh, meat and skin",Meat & Poultry,226.0,22.5,15.1,0.12,0.0,0.12,335.0,60
988,"Chicken, broiler, rotisserie, BBQ, thigh, meat only",Meat & Poultry,193.0,24.1,10.7,0.0,0.0,0.0,335.0,60
989,"Chicken, broilers or fryers,  rotisserie, original seasoning, drumstick, meat and skin, cooked",Meat & Poultry,901.0,26.9,12.0,0.02,0.0,0.02,411.0,60
990,"Chicken, broilers or fryers, back, meat only, cooked, fried",Meat & Poultry,288.0,30.0,15.3,5.68,0.0,,99.0,60
991,"Chicken, broilers or fryers, back, meat only, cooked, roasted",Meat & Poultry,239.0,28.2,13.2,0.0,0.0,0.0,96.0,60
992,"Chicken, broilers or fryers, back, meat only, cooked, stewed",Meat & Poultry,209.0,25.3,11.2,0.0,0.0,0.0,67.0,60
993,"Chicken, broilers or fryers, back, meat only, raw",Meat & Poultry,137.0,19.6,5.92,0.0,0.0,0.0,82.0,60
994,"Chicken, broilers or fryers, breast, meat and skin, cooked, fried, batter",Meat & Poultry,260.0,24.8,13.2,8.99,0.3,0.0,275.0,60
995,"Chicken, broilers or fryers, breast, meat and skin, cooked, fried, flour",Meat & Poultry,222.0,31.8,8.87,1.64,0.1,,76.0,60
996,"Chicken, broilers or fryers, breast, meat and skin, cooked, roasted",Meat & Poultry,197.0,29.8,7.78,0.0,0.0,0.0,71.0,60
997,"Chicken, broilers or fryers, breast, meat and skin, cooked, stewed",Meat & Poultry,184.0,27.4,7.42,0.0,0.0,0.0,62.0,60
998,"Chicken, broilers or fryers, breast, meat and skin, raw",Meat & Poultry,720.0,20.8,9.25,0.0,0.0,0.0,63.0,60
999,"Chicken, broilers or fryers, breast, meat only, cooked, fried",Meat & Poultry,187.0,33.4,4.71,0.51,0.0,0.0,79.0,60
1000,"Chicken, broilers or fryers, breast, meat only, cooked, roasted",Meat & Poultry,165.0,31.0,3.57,0.0,0.0,0.0,74.0,60
1001,"Chicken, broilers or fryers, breast, meat only, cooked, stewed",Meat & Poultry,151.0,29.0,3.03,0.0,0.0,0.0,63.0,60
1002,"Chicken, broilers or fryers, breast, skinless, boneless, meat only, with added solution, raw",Meat & Poultry,453.0,20.3,3.0,0.0,0.0,0.0,173.0,60
1003,"Chicken, broilers or fryers, dark meat, drumstick, meat and skin, cooked, braised",Meat & Poultry,187.0,22.7,10.7,0.0,0.0,0.0,111.0,60
1004,"Chicken, broilers or fryers, dark meat, drumstick, meat only, cooked, braised",Meat & Poultry,149.0,23.9,5.95,0.0,0.0,0.0,117.0,60
1005,"Chicken, broilers or fryers, dark meat, drumstick, meat only, cooked, roasted",Meat & Poultry,155.0,24.2,5.7,0.0,0.0,0.0,128.0,60
1006,"Chicken, broilers or fryers, dark meat, drumstick, meat only, raw",Meat & Poultry,487.0,19.4,3.71,0.0,0.0,0.0,114.0,60
1007,"Chicken, broilers or fryers, dark meat, meat and skin, cooked, fried, batter",Meat & Poultry,298.0,21.8,18.6,9.38,,,295.0,60
1008,"Chicken, broilers or fryers, dark meat, meat and skin, cooked, fried, flour",Meat & Poultry,285.0,27.2,16.9,4.08,0.0,0.0,89.0,60
1009,"Chicken, broilers or fryers, dark meat, meat and skin, cooked, roasted",Meat & Poultry,253.0,26.0,15.8,0.0,0.0,,87.0,60
1010,"Chicken, broilers or fryers, dark meat, meat and skin, cooked, stewed",Meat & Poultry,233.0,23.5,14.7,0.0,0.0,,70.0,60
1011,"Chicken, broilers or fryers, dark meat, meat only, cooked, fried",Meat & Poultry,239.0,29.0,11.6,2.59,0.0,,97.0,60
1012,"Chicken, broilers or fryers, dark meat, meat only, cooked, roasted",Meat & Poultry,205.0,27.4,9.73,0.0,0.0,0.0,93.0,60
1013,"Chicken, broilers or fryers, dark meat, meat only, cooked, stewed",Meat & Poultry,192.0,26.0,8.98,0.0,0.0,0.0,74.0,60
1014,"Chicken, broilers or fryers, dark meat, meat only, raw",Meat & Poultry,125.0,20.1,4.31,0.0,0.0,0.0,85.0,60
1015,"Chicken, broilers or fryers, dark meat, thigh, meat and skin, cooked, braised",Meat & Poultry,959.0,22.6,15.4,0.0,0.0,0.0,76.0,60
1016,"Chicken, broilers or fryers, dark meat, thigh, meat only, cooked, braised",Meat & Poultry,736.0,24.6,8.63,0.0,0.0,0.0,77.0,60
1017,"Chicken, broilers or fryers, dark meat, thigh, meat only, raw",Meat & Poultry,507.0,19.7,4.12,0.0,0.0,0.0,95.0,60
1018,"Chicken, broilers or fryers, drumstick, meat and skin, cooked, fried, batter",Meat & Poultry,268.0,22.0,15.8,8.28,0.3,,269.0,60
1019,"Chicken, broilers or fryers, drumstick, meat and skin, cooked, fried, flour",Meat & Poultry,245.0,27.0,13.7,1.63,0.1,,89.0,60
1020,"Chicken, broilers or fryers, drumstick, meat and skin, cooked, roasted",Meat & Poultry,191.0,23.4,10.2,0.0,0.0,0.0,123.0,60
1021,"Chicken, broilers or fryers, drumstick, meat and skin, cooked, stewed",Meat & Poultry,204.0,25.3,10.6,0.0,0.0,0.0,76.0,60
1022,"Chicken, broilers or fryers, drumstick, meat and skin, raw",Meat & Poultry,672.0,18.1,9.2,0.11,0.0,0.0,106.0,60
1023,"Chicken, broilers or fryers, drumstick, meat only, cooked, braised",Meat & Poultry,156.0,23.9,5.95,0.0,,,117.0,60
1024,"Chicken, broilers or fryers, drumstick, meat only, cooked, fried",Meat & Poultry,195.0,28.6,8.08,0.0,0.0,,96.0,60
1025,"Chicken, broilers or fryers, drumstick, meat only, cooked, stewed",Meat & Poultry,169.0,27.5,5.71,0.0,0.0,0.0,80.0,60
1026,"Chicken, broilers or fryers, drumstick, rotisserie, original seasoning, meat only, cooked",Meat & Poultry,738.0,28.7,6.81,0.0,0.0,0.0,417.0,60
1027,"Chicken, broilers or fryers, giblets, cooked, fried",Meat & Poultry,277.0,32.5,13.5,4.35,0.0,,113.0,60
1028,"Chicken, broilers or fryers, giblets, cooked, simmered",Meat & Poultry,157.0,27.2,4.5,0.0,0.0,0.0,67.0,65
1029,"Chicken, broilers or fryers, giblets, raw",Meat & Poultry,124.0,17.9,4.47,1.8,0.0,,77.0,65
1030,"Chicken, broilers or fryers, leg, meat and skin, cooked, fried, batter",Meat & Poultry,273.0,21.8,16.2,8.72,0.3,,279.0,60
1031,"Chicken, broilers or fryers, leg, meat and skin, cooked, fried, flour",Meat & Poultry,254.0,26.8,14.4,2.5,0.1,,88.0,60
1032,"Chicken, broilers or fryers, leg, meat and skin, cooked, roasted",Meat & Poultry,769.0,24.0,8.99,0.0,0.0,0.0,98.0,60
1033,"Chicken, broilers or fryers, leg, meat and skin, cooked, stewed",Meat & Poultry,220.0,24.2,12.9,0.0,0.0,0.0,73.0,60
1034,"Chicken, broilers or fryers, leg, meat and skin, raw",Meat & Poultry,214.0,16.4,16.0,0.17,0.0,0.0,84.0,60
1035,"Chicken, broilers or fryers, leg, meat only, cooked, fried",Meat & Poultry,208.0,28.4,9.32,0.65,0.0,,96.0,60
1036,"Chicken, broilers or fryers, leg, meat only, cooked, roasted",Meat & Poultry,727.0,24.2,7.8,0.0,0.0,0.0,99.0,60
1037,"Chicken, broilers or fryers, leg, meat only, cooked, stewed",Meat & Poultry,185.0,26.3,8.06,0.0,0.0,0.0,78.0,60
1038,"Chicken, broilers or fryers, leg, meat only, raw",Meat & Poultry,120.0,19.2,4.22,0.0,0.0,0.0,96.0,60
1039,"Chicken, broilers or fryers, light meat, meat and skin, cooked, fried, batter",Meat & Poultry,277.0,23.6,15.4,9.5,,,287.0,60
1040,"Chicken, broilers or fryers, light meat, meat and skin, cooked, fried, flour",Meat & Poultry,246.0,30.4,12.1,1.82,0.1,0.0,77.0,60
1041,"Chicken, broilers or fryers, light meat, meat and skin, cooked, roasted",Meat & Poultry,222.0,29.0,10.8,0.0,0.0,,75.0,60
1042,"Chicken, broilers or fryers, light meat, meat and skin, cooked, stewed",Meat & Poultry,201.0,26.1,9.97,0.0,0.0,,63.0,60
1043,"Chicken, broilers or fryers, light meat, meat and skin, raw",Meat & Poultry,186.0,20.3,11.1,0.0,0.0,0.0,65.0,60
1044,"Chicken, broilers or fryers, light meat, meat only, cooked, fried",Meat & Poultry,192.0,32.8,5.54,0.42,0.0,,81.0,60
1045,"Chicken, broilers or fryers, light meat, meat only, cooked, roasted",Meat & Poultry,173.0,30.9,4.51,0.0,0.0,0.0,77.0,60
1046,"Chicken, broilers or fryers, light meat, meat only, cooked, stewed",Meat & Poultry,159.0,28.9,3.99,0.0,0.0,0.0,65.0,60
1047,"Chicken, broilers or fryers, light meat, meat only, raw",Meat & Poultry,114.0,23.2,1.65,0.0,0.0,0.0,68.0,60
1048,"Chicken, broilers or fryers, meat and skin and giblets and neck, cooked, fried, batter",Meat & Poultry,291.0,22.8,17.5,9.03,,,284.0,60
1049,"Chicken, broilers or fryers, meat and skin and giblets and neck, cooked, fried, flour",Meat & Poultry,272.0,28.6,15.3,3.27,,,86.0,60
1050,"Chicken, broilers or fryers, meat and skin and giblets and neck, raw",Meat & Poultry,213.0,18.3,14.8,0.13,0.0,,70.0,60
1051,"Chicken, broilers or fryers, meat and skin and giblets and neck, roasted",Meat & Poultry,234.0,26.8,13.3,0.06,0.0,0.0,79.0,60
1052,"Chicken, broilers or fryers, meat and skin and giblets and neck, stewed",Meat & Poultry,216.0,24.5,12.4,0.06,0.0,,66.0,60
1053,"Chicken, broilers or fryers, meat and skin, cooked, fried, batter",Meat & Poultry,289.0,22.5,17.4,9.42,0.3,0.0,292.0,60
1054,"Chicken, broilers or fryers, meat and skin, cooked, fried, flour",Meat & Poultry,269.0,28.6,14.9,3.15,0.1,0.0,84.0,60
1055,"Chicken, broilers or fryers, meat and skin, cooked, roasted",Meat & Poultry,239.0,27.3,13.6,0.0,0.0,0.0,82.0,60
1056,"Chicken, broilers or fryers, meat and skin, cooked, stewed",Meat & Poultry,219.0,24.7,12.6,0.0,0.0,0.0,67.0,60
1057,"Chicken, broilers or fryers, meat and skin, raw",Meat & Poultry,900.0,18.6,15.1,0.0,0.0,0.0,70.0,60
1058,"Chicken, broilers or fryers, meat only, cooked, fried",Meat & Poultry,219.0,30.6,9.12,1.69,0.1,0.0,91.0,60
1059,"Chicken, broilers or fryers, meat only, cooked, roasted",Meat & Poultry,190.0,28.9,7.41,0.0,0.0,0.0,86.0,60
1060,"Chicken, broilers or fryers, meat only, cooked, stewed",Meat & Poultry,177.0,27.3,6.71,0.0,0.0,0.0,70.0,60
1061,"Chicken, broilers or fryers, meat only, raw",Meat & Poultry,119.0,21.4,3.08,0.0,0.0,0.0,77.0,60
1062,"Chicken, broilers or fryers, neck, meat and skin, cooked simmered",Meat & Poultry,247.0,19.6,18.1,0.0,0.0,0.0,52.0,60
1063,"Chicken, broilers or fryers, neck, meat only, cooked, fried",Meat & Poultry,229.0,26.9,11.9,1.77,0.0,,99.0,60
1064,"Chicken, broilers or fryers, neck, meat only, cooked, simmered",Meat & Poultry,179.0,24.6,8.18,0.0,0.0,,64.0,60
1065,"Chicken, broilers or fryers, neck, meat only, raw",Meat & Poultry,154.0,17.6,8.78,0.0,0.0,,81.0,60
1066,"Chicken, broilers or fryers, rotisserie, original seasoning, breast, meat and skin, cooked",Meat & Poultry,184.0,27.5,8.18,0.02,0.0,0.02,347.0,60
1067,"Chicken, broilers or fryers, rotisserie, original seasoning, breast, meat only, cooked",Meat & Poultry,574.0,28.0,2.79,0.0,0.0,0.0,313.0,60
1068,"Chicken, broilers or fryers, rotisserie, original seasoning, thigh, meat and skin, cooked",Meat & Poultry,233.0,22.9,15.7,0.02,0.0,0.02,345.0,60
1069,"Chicken, broilers or fryers, rotisserie, original seasoning, thigh, meat only, cooked",Meat & Poultry,820.0,24.1,11.1,0.0,0.0,0.0,337.0,60
1070,"Chicken, broilers or fryers, thigh, meat and skin, cooked, fried, batter",Meat & Poultry,277.0,21.6,16.5,9.08,0.3,,288.0,60
1071,"Chicken, broilers or fryers, thigh, meat and skin, cooked, fried, flour",Meat & Poultry,262.0,26.8,15.0,3.18,0.1,,88.0,60
1072,"Chicken, broilers or fryers, thigh, meat and skin, cooked, roasted",Meat & Poultry,232.0,23.3,14.7,0.0,0.0,0.0,102.0,60
1073,"Chicken, broilers or fryers, thigh, meat and skin, cooked, stewed",Meat & Poultry,232.0,23.3,14.7,0.0,0.0,0.0,71.0,60
1074,"Chicken, broilers or fryers, thigh, meat and skin, raw",Meat & Poultry,926.0,16.5,16.6,0.25,0.0,0.0,81.0,60
1075,"Chicken, broilers or fryers, thigh, meat only, cooked, fried",Meat & Poultry,218.0,28.2,10.3,1.18,0.0,,95.0,60
1076,"Chicken, broilers or fryers, thigh, meat only, cooked, roasted",Meat & Poultry,179.0,24.8,8.15,0.0,0.0,0.0,106.0,60
1077,"Chicken, broilers or fryers, thigh, meat only, cooked, stewed",Meat & Poultry,195.0,25.0,9.79,0.0,0.0,0.0,75.0,60
1078,"Chicken, broilers or fryers, wing, meat and skin, cooked, roasted",Meat & Poultry,1060.0,23.8,16.9,0.0,0.0,0.0,98.0,60
1079,"Chicken, broilers or fryers, wing, meat and skin, cooked, stewed",Meat & Poultry,249.0,22.8,16.8,0.0,0.0,0.0,67.0,60
1080,"Chicken, broilers or fryers, wing, meat and skin, raw",Meat & Poultry,191.0,17.5,12.8,0.0,0.0,0.0,84.0,60
1081,"Chicken, broilers or fryers, wing, meat only, cooked, fried",Meat & Poultry,211.0,30.2,9.15,0.0,0.0,,91.0,60
1082,"Chicken, broilers or fryers, wing, meat only, cooked, roasted",Meat & Poultry,203.0,30.5,8.13,0.0,0.0,0.0,92.0,60
1083,"Chicken, broilers or fryers, wing, meat only, cooked, stewed",Meat & Poultry,181.0,27.2,7.18,0.0,0.0,0.0,73.0,60
1084,"Chicken, broilers or fryers, wing, meat only, raw",Meat & Poultry,126.0,22.0,3.54,0.0,0.0,0.0,81.0,60
1085,"Chicken, canned, no broth",Meat & Poultry,772.0,25.3,8.1,0.9,0.0,0.0,482.0,60
1086,"Chicken, capons, giblets, cooked, simmered",Meat & Poultry,164.0,26.4,5.4,0.76,0.0,,55.0,60
1087,"Chicken, capons, giblets, raw",Meat & Poultry,130.0,18.3,5.18,1.42,0.0,,77.0,65
1088,"Chicken, capons, meat and skin and giblets and neck, cooked, roasted",Meat & Poultry,226.0,28.4,11.7,0.04,0.0,,50.0,60
1089,"Chicken, capons, meat and skin and giblets and neck, raw",Meat & Poultry,232.0,18.5,16.9,0.08,0.0,,47.0,60
1090,"Chicken, capons, meat and skin, cooked, roasted",Meat & Poultry,229.0,29.0,11.6,0.0,0.0,,49.0,60
1091,"Chicken, capons, meat and skin, raw",Meat & Poultry,234.0,18.8,17.1,0.0,0.0,0.0,45.0,60
1092,"Chicken, cornish game hens, meat and skin, raw",Meat & Poultry,200.0,17.2,14.0,0.0,0.0,0.0,61.0,60
1093,"Chicken, cornish game hens, meat only, cooked, roasted",Meat & Poultry,134.0,23.3,3.87,0.0,0.0,0.0,63.0,60
1094,"Chicken, cornish game hens, meat only, raw",Meat & Poultry,116.0,20.0,3.33,0.0,0.0,0.0,68.0,60
1095,"Chicken, dark meat, drumstick, meat and skin, with added solution, cooked, braised",Meat & Poultry,183.0,21.6,10.7,0.13,0.0,0.0,165.0,60
1096,"Chicken, dark meat, drumstick, meat and skin, with added solution, cooked, roasted",Meat & Poultry,180.0,24.7,9.0,0.05,0.0,0.0,186.0,60
1097,"Chicken, dark meat, drumstick, meat and skin, with added solution, raw",Meat & Poultry,612.0,18.0,8.24,0.0,0.0,0.0,150.0,60
1098,"Chicken, dark meat, drumstick, meat only, with added solution, cooked, braised",Meat & Poultry,623.0,23.0,6.33,0.0,0.0,0.0,169.0,60
1099,"Chicken, dark meat, drumstick, meat only, with added solution, cooked, roasted",Meat & Poultry,146.0,25.3,5.0,0.0,0.0,0.0,190.0,60
1100,"Chicken, dark meat, drumstick, meat only, with added solution, raw",Meat & Poultry,444.0,19.2,3.26,0.0,0.0,0.0,152.0,60
1101,"Chicken, dark meat, thigh, meat and skin, with added solution, cooked, braised",Meat & Poultry,901.0,20.7,14.6,0.21,0.0,0.0,185.0,60
1102,"Chicken, dark meat, thigh, meat and skin, with added solution, cooked, roasted",Meat & Poultry,214.0,23.5,13.8,0.09,0.0,0.0,174.0,60
1103,"Chicken, dark meat, thigh, meat and skin, with added solution, raw",Meat & Poultry,826.0,16.6,14.6,0.0,0.0,0.0,151.0,60
1104,"Chicken, dark meat, thigh, meat only, with added solution, cooked, braised",Meat & Poultry,164.0,23.0,7.96,0.0,0.0,0.0,197.0,60
1105,"Chicken, dark meat, thigh, meat only, with added solution, cooked, roasted",Meat & Poultry,164.0,24.2,7.73,0.0,0.0,0.0,177.0,60
1106,"Chicken, dark meat, thigh, meat only, with added solution, raw",Meat & Poultry,459.0,19.1,3.69,0.0,0.0,0.0,156.0,60
1107,"Chicken, drumstick, meat and skin, raw",Meat & Poultry,130.0,18.4,5.94,-0.475,,,91.0,60
1108,"Chicken, feet, boiled",Meat & Poultry,215.0,19.4,14.6,0.2,0.0,0.0,67.0,60
1109,"Chicken, gizzard, all classes, cooked, simmered",Meat & Poultry,154.0,30.4,2.68,0.0,0.0,0.0,56.0,60
1110,"Chicken, gizzard, all classes, raw",Meat & Poultry,94.0,17.7,2.06,0.0,0.0,0.0,69.0,60
1111,"Chicken, ground, crumbles, cooked, pan-browned",Meat & Poultry,189.0,23.3,10.9,0.0,0.0,0.0,75.0,60
1112,"Chicken, ground, raw",Meat & Poultry,598.0,17.4,8.1,0.04,0.0,0.0,60.0,60
1113,"Chicken, ground, with additives, raw",Meat & Poultry,138.0,17.9,7.16,0.0,,,63.0,60
1114,"Chicken, heart, all classes, cooked, simmered",Meat & Poultry,185.0,26.4,7.92,0.1,0.0,,48.0,60
1115,"Chicken, heart, all classes, raw",Meat & Poultry,153.0,15.6,9.33,0.71,0.0,,74.0,60
1116,"Chicken, liver, all classes, cooked, pan-fried",Meat & Poultry,721.0,25.8,6.43,1.11,0.0,0.0,92.0,60
1117,"Chicken, liver, all classes, cooked, simmered",Meat & Poultry,167.0,24.5,6.51,0.87,0.0,0.0,76.0,65
1118,"Chicken, liver, all classes, raw",Meat & Poultry,119.0,16.9,4.83,0.73,0.0,0.0,71.0,65
1119,"Chicken, meatless",Meat & Poultry,936.0,23.6,12.7,3.64,3.6,0.0,709.0,60
1120,"Chicken, meatless, breaded, fried",Meat & Poultry,234.0,21.3,12.8,8.51,4.3,0.0,400.0,70
1121,"Chicken, roasting, dark meat, meat only, cooked, roasted",Meat & Poultry,178.0,23.2,8.75,0.0,0.0,,95.0,60
1122,"Chicken, roasting, dark meat, meat only, raw",Meat & Poultry,113.0,18.7,3.61,0.0,0.0,0.0,95.0,60
1123,"Chicken, roasting, giblets, cooked, simmered",Meat & Poultry,165.0,26.8,5.22,0.86,0.0,,60.0,60
1124,"Chicken, roasting, giblets, raw",Meat & Poultry,127.0,18.1,5.04,1.14,0.0,,77.0,65
1125,"Chicken, roasting, light meat, meat only, cooked, roasted",Meat & Poultry,153.0,27.1,4.07,0.0,0.0,0.0,51.0,60
1126,"Chicken, roasting, light meat, meat only, raw",Meat & Poultry,109.0,22.2,1.63,0.0,0.0,0.0,51.0,60
1127,"Chicken, roasting, meat and skin and giblets and neck, cooked, roasted",Meat & Poultry,220.0,24.0,13.1,0.05,0.0,,71.0,60
1128,"Chicken, roasting, meat and skin and giblets and neck, raw",Meat & Poultry,213.0,17.1,15.5,0.09,0.0,,69.0,60
1129,"Chicken, roasting, meat and skin, cooked, roasted",Meat & Poultry,223.0,24.0,13.4,0.0,0.0,,73.0,60
1130,"Chicken, roasting, meat only, cooked, roasted",Meat & Poultry,167.0,25.0,6.63,0.0,0.0,,75.0,60
1131,"Chicken, roasting, meat only, raw",Meat & Poultry,111.0,20.3,2.7,0.0,0.0,0.0,75.0,60
1132,"Chicken, stewing, dark meat, meat only, cooked, stewed",Meat & Poultry,258.0,28.1,15.3,0.0,0.0,,95.0,60
1133,"Chicken, stewing, dark meat, meat only, raw",Meat & Poultry,157.0,19.7,8.12,0.0,0.0,0.0,101.0,60
1134,"Chicken, stewing, giblets, cooked, simmered",Meat & Poultry,194.0,25.7,9.3,0.11,0.0,,56.0,60
1135,"Chicken, stewing, giblets, raw",Meat & Poultry,168.0,17.9,9.21,2.13,0.0,,77.0,65
1136,"Chicken, stewing, light meat, meat only, cooked, stewed",Meat & Poultry,213.0,33.0,7.98,0.0,0.0,,58.0,60
1137,"Chicken, stewing, light meat, meat only, raw",Meat & Poultry,137.0,23.1,4.21,0.0,0.0,0.0,53.0,60
1138,"Chicken, stewing, meat and skin, and giblets and neck, cooked, stewed",Meat & Poultry,214.0,24.9,11.9,0.0,0.0,0.0,67.0,60
1139,"Chicken, stewing, meat only, cooked, stewed",Meat & Poultry,237.0,30.4,11.9,0.0,0.0,0.0,78.0,60
1140,"Chicken, stewing, meat only, raw",Meat & Poultry,619.0,21.3,6.32,0.0,0.0,0.0,79.0,60
1141,"Chicken, thigh, boneless, skinless, raw",Meat & Poultry,149.0,18.6,7.92,0.0,,,62.3,60
1142,"Chicken, thigh, meat and skin, raw",Meat & Poultry,193.0,17.1,13.4,-0.173,,,63.6,60
1143,"Chicken, wing, meat and skin, raw",Meat & Poultry,173.0,18.4,10.6,-0.459,,,84.1,60
1144,Chickpea flour (besan),Other,387.0,22.4,6.69,57.8,10.8,10.8,64.0,70
1145,"Chickpeas (garbanzo beans, bengal gram), mature seeds, canned, drained solids",Other,139.0,7.05,2.77,22.5,6.4,4.01,246.0,60
1146,"Chickpeas (garbanzo beans, bengal gram), mature seeds, canned, drained, rinsed in tap water",Other,578.0,7.04,2.47,22.9,6.3,4.0,212.0,60
1147,"Chickpeas (garbanzo beans, bengal gram), mature seeds, canned, solids and liquids",Other,369.0,4.92,1.95,13.5,4.4,,278.0,60
1148,"Chickpeas (garbanzo beans, bengal gram), mature seeds, canned, solids and liquids, low sodium",Other,88.0,4.92,1.95,13.5,4.4,2.59,132.0,60
1149,"Chickpeas (garbanzo beans, bengal gram), mature seeds, cooked, boiled, with salt",Other,686.0,8.86,2.59,27.4,7.6,4.8,243.0,60
1150,"Chickpeas (garbanzo beans, bengal gram), mature seeds, cooked, boiled, without salt",Other,164.0,8.86,2.59,27.4,7.6,4.8,7.0,60
1151,"Chickpeas (garbanzo beans, bengal gram), mature seeds, raw",Other,1580.0,20.5,6.04,63.0,12.2,10.7,24.0,70
1152,"Chickpeas, (garbanzo beans, bengal gram), dry",Other,372.0,21.3,6.27,60.4,,,8.78,60
1153,"Chicory greens, raw",Vegetables,96.0,1.7,0.3,4.7,4.0,0.7,45.0,65
1154,"Chicory, witloof, raw",Vegetables,17.0,0.9,0.1,4.0,3.1,,2.0,60
1155,"Chili con carne with beans, canned entree",Other,107.0,5.8,3.47,13.1,3.3,1.87,449.0,60
1156,"Chili with beans, canned",Other,103.0,6.12,3.76,13.2,3.3,1.65,423.0,60
1157,"Chiton, leathery, gumboots (Alaska Native)",Other,83.0,17.1,1.6,0.0,,,,60
1158,"Chives, freeze-dried",Vegetables,311.0,21.2,3.5,64.3,26.2,,70.0,75
1159,"Chokecherries, raw, pitted (Northern Plains Indians)",Other,162.0,3.04,1.69,33.6,20.0,9.37,5.0,60
1160,"Chokecherries, raw, pitted (Shoshone Bannock)",Other,652.0,2.89,0.98,33.9,17.0,14.2,2.0,60
1161,"Cockles, raw (Alaska Native)",Other,79.0,13.5,0.7,4.7,,,,60
1162,"Cocoa, dry powder, hi-fat or breakfast, processed with alkali",Other,479.0,16.8,23.7,49.7,33.9,1.53,20.0,60
1163,"Cocoa, dry powder, unsweetened",Other,952.0,19.6,13.7,57.9,37.0,1.75,21.0,60
1164,"Cocoa, dry powder, unsweetened, HERSHEY'S European Style Cocoa",Other,1720.0,20.0,10.0,60.0,20.0,0.0,0.0,70
1165,"Cocoa, dry powder, unsweetened, processed with alkali",Other,220.0,18.1,13.1,58.3,29.8,1.76,19.0,60
1166,"Cod, Pacific or Alaskan, frozen, wild caught",Other,60.8,14.2,0.216,0.524,,,354.0,60
1167,"Collards, cooked, boiled, drained, with salt",Vegetables,33.0,2.71,0.72,5.65,4.0,,252.0,65
1168,"Collards, cooked, boiled, drained, without salt",Vegetables,33.0,2.71,0.72,5.65,4.0,0.4,15.0,65
1169,"Collards, frozen, chopped, unprepared",Vegetables,33.0,2.69,0.37,6.46,3.6,,48.0,65
1170,"Collards, raw",Vegetables,133.0,3.02,0.61,5.42,4.0,0.46,17.0,65
1171,"Collards, raw",Vegetables,38.8,2.97,0.77,7.02,3.82,,18.4,65
1172,"Cookies, brownies, dry mix, sugar free",Snacks & Sweets,426.0,2.9,12.5,80.4,4.2,,83.0,60
1173,"Cookies, ladyfingers, without lemon juice and rind",Snacks & Sweets,1520.0,10.6,9.1,59.7,1.0,,147.0,60
1174,"Cookies, peanut butter, commercially prepared, sugar free",Snacks & Sweets,2190.0,10.3,31.0,50.5,3.4,0.0,448.0,60
1175,"Cookies, sugar wafer, with creme filling, sugar free",Snacks & Sweets,2220.0,3.57,28.6,66.3,14.3,0.0,71.0,60
1176,"Corn bran, crude",Grains,937.0,8.36,0.92,85.6,79.0,0.0,7.0,60
1177,"Corn flour, masa harina, white or yellow, dry, raw",Grains,366.0,7.56,4.34,76.7,7.04,,2.73,60
1178,"Corn flour, masa, enriched, white",Grains,1520.0,8.46,3.69,76.6,6.4,1.61,5.0,60
1179,"Corn flour, masa, unenriched, white",Grains,363.0,8.46,3.69,76.6,6.4,1.61,5.0,60
1180,"Corn flour, whole-grain, blue (harina de maiz morado)",Grains,364.0,8.75,5.09,73.9,8.4,,5.0,60
1181,"Corn flour, whole-grain, white",Grains,1510.0,6.93,3.86,76.8,7.3,0.64,5.0,60
1182,"Corn flour, whole-grain, yellow",Grains,361.0,6.93,3.86,76.8,7.3,0.64,5.0,60
1183,"Corn flour, yellow, masa, enriched",Grains,1520.0,8.46,3.69,76.6,6.4,,5.0,60
1184,"Corn grain, yellow",Grains,365.0,9.42,4.74,74.3,7.3,0.64,35.0,60
1185,"Corn, dried, yellow (Northern Plains Indians)",Other,1750.0,14.5,10.6,66.3,20.5,21.3,4.0,60
1186,"Corn, white, steamed (Navajo)",Other,1620.0,9.72,5.18,75.2,16.6,6.47,4.0,60
1187,"Cornmeal, blue (Navajo)",Other,1670.0,10.4,5.44,76.9,8.7,1.81,7.0,70
1188,"Cornmeal, degermed, enriched, white",Grains,370.0,7.11,1.75,79.4,3.9,1.61,7.0,60
1189,"Cornmeal, degermed, enriched, yellow",Grains,370.0,7.11,1.75,79.4,3.9,1.61,7.0,60
1190,"Cornmeal, degermed, unenriched, white",Grains,370.0,7.11,1.75,79.4,3.9,1.61,7.0,60
1191,"Cornmeal, degermed, unenriched, yellow",Grains,1550.0,7.11,1.75,79.4,3.9,1.61,7.0,60
1192,"Cornmeal, white (Navajo)",Other,398.0,11.0,5.04,77.1,10.4,1.46,4.0,70
1193,"Cornmeal, whole-grain, white",Grains,1520.0,8.12,3.59,76.9,7.3,0.64,35.0,60
1194,"Cornmeal, whole-grain, yellow",Grains,362.0,8.12,3.59,76.9,7.3,0.64,35.0,60
1195,"Cornmeal, yellow (Navajo)",Other,1610.0,9.85,5.88,72.9,9.4,1.56,4.0,60
1196,"Cottage cheese, full fat, large or small curd",Dairy,105.0,11.6,4.22,4.6,,,350.0,60
1197,"Couscous, dry",Grains,376.0,12.8,0.64,77.4,5.0,,10.0,70
1198,"Cowpeas (blackeyes), immature seeds, cooked, boiled, drained, with salt",Vegetables,94.0,3.17,0.38,19.7,5.0,3.23,240.0,60
1199,"Cowpeas (blackeyes), immature seeds, cooked, boiled, drained, without salt",Vegetables,405.0,3.17,0.38,20.3,5.0,3.23,4.0,60
1200,"Cowpeas (blackeyes), immature seeds, frozen, cooked, boiled, drained, with salt",Vegetables,131.0,8.49,0.66,23.5,6.4,4.46,241.0,60
1201,"Cowpeas (blackeyes), immature seeds, frozen, cooked, boiled, drained, without salt",Vegetables,132.0,8.49,0.66,23.8,6.4,4.46,5.0,60
1202,"Cowpeas (blackeyes), immature seeds, frozen, unprepared",Vegetables,139.0,8.98,0.7,25.1,5.0,,6.0,60
1203,"Cowpeas (blackeyes), immature seeds, raw",Vegetables,376.0,2.95,0.35,18.8,5.0,3.0,4.0,60
1204,"Cowpeas, catjang, mature seeds, cooked, boiled, with salt",Other,117.0,8.13,0.71,20.3,3.6,,255.0,60
1205,"Cowpeas, catjang, mature seeds, cooked, boiled, without salt",Other,117.0,8.13,0.71,20.3,3.6,,19.0,60
1206,"Cowpeas, catjang, mature seeds, raw",Other,343.0,23.8,2.07,59.6,10.7,,58.0,70
1207,"Cowpeas, common (blackeyes, crowder, southern), mature seeds, canned with pork",Meat & Poultry,83.0,2.74,1.6,16.5,3.3,,350.0,60
1208,"Cowpeas, common (blackeyes, crowder, southern), mature seeds, canned, plain",Other,77.0,4.74,0.55,13.6,3.3,,293.0,60
1209,"Cowpeas, common (blackeyes, crowder, southern), mature seeds, cooked, boiled, with salt",Other,116.0,7.73,0.53,20.8,6.5,3.3,240.0,60
1210,"Cowpeas, common (blackeyes, crowder, southern), mature seeds, cooked, boiled, without salt",Other,484.0,7.73,0.53,20.8,6.5,3.3,4.0,60
1211,"Cowpeas, common (blackeyes, crowder, southern), mature seeds, raw",Other,336.0,23.5,1.26,60.0,10.6,6.9,16.0,70
1212,"Cowpeas, young pods with seeds, raw",Vegetables,44.0,3.3,0.3,9.5,3.3,5.04,4.0,65
1213,"CRACKER BARREL, farm raised catfish platter",Seafood,266.0,22.9,17.0,5.31,1.6,,414.0,60
1214,"CRACKER BARREL, grilled sirloin steak",Other,203.0,31.5,8.52,0.0,,,180.0,60
1215,"CRACKER BARREL, steak fries",Other,1070.0,3.26,13.2,30.9,3.5,0.86,43.0,60
1216,"Crackers, cheese, sandwich-type with peanut butter filling",Dairy,496.0,12.4,25.1,56.7,3.4,6.98,829.0,60
1217,"Crackers, crispbread, rye",Grains,366.0,7.9,1.3,82.2,16.5,1.07,410.0,60
1218,"Crackers, flavored, fish-shaped",Seafood,1940.0,10.2,17.7,65.7,3.1,1.18,970.0,60
1219,"Crackers, gluten-free, multi-seeded and multigrain",Other,1890.0,11.2,15.8,66.3,10.2,0.86,438.0,70
1220,"Crackers, matzo, egg",Other,391.0,12.3,2.1,78.6,2.8,,21.0,60
1221,"Crackers, matzo, egg and onion",Other,391.0,10.0,3.9,77.1,5.0,,285.0,60
1222,"Crackers, matzo, whole-wheat",Other,351.0,13.1,1.5,78.9,11.8,,2.0,70
1223,"Crackers, melba toast, plain",Other,390.0,12.1,3.2,76.6,6.3,0.94,598.0,60
1224,"Crackers, melba toast, plain, without salt",Other,390.0,12.1,3.2,76.6,6.3,,19.0,70
1225,"Crackers, melba toast, rye (includes pumpernickel)",Other,389.0,11.6,3.4,77.3,8.0,,899.0,60
1226,"Crackers, melba toast, wheat",Other,374.0,12.9,2.3,76.4,7.4,,837.0,60
1227,"Crackers, rusk toast",Other,407.0,13.5,7.2,72.3,,,253.0,60
1228,"Crackers, toast thins, low sodium",Other,1850.0,6.45,16.1,67.7,9.7,12.9,177.0,60
1229,"Crackers, wheat, sandwich, with peanut butter filling",Other,495.0,13.5,26.7,53.8,4.4,,807.0,60
1230,"Crackers, whole grain, sandwich-type, with peanut butter filling",Other,465.0,14.1,21.2,54.6,9.4,9.41,635.0,60
1231,"Crackers, whole-wheat",Other,427.0,10.6,14.1,69.6,10.3,1.19,800.0,60
1232,"Crackers, whole-wheat, low salt",Other,443.0,8.8,17.2,68.6,10.5,0.37,186.0,60
1233,"Crackers, whole-wheat, reduced fat",Other,416.0,11.3,7.59,75.5,10.9,1.22,745.0,60
1234,"Cranberries, raw",Fruits,191.0,0.46,0.13,12.0,3.6,4.27,2.0,65
1235,"Cranberries, wild, bush, raw (Alaska Native)",Other,232.0,1.1,0.2,12.3,6.7,,26.0,65
1236,"Croutons, plain",Other,407.0,11.9,6.6,73.5,5.1,,698.0,60
1237,"Crunchmaster, Multi-Grain Crisps, Snack Crackers, Gluten-Free",Other,456.0,10.9,15.9,67.2,7.5,0.8,370.0,70
1238,"Crustaceans, crab, blue swimming, lump, pasteurized, refrigerated",Other,86.0,18.6,0.808,0.0,,,331.0,60
1239,"Crustaceans, crab, blue, cooked, moist heat",Other,83.0,17.9,0.74,0.0,0.0,0.0,395.0,60
1240,"Crustaceans, crab, blue, crab cakes, home recipe",Other,155.0,20.2,7.52,0.48,0.0,,330.0,60
1241,"Crustaceans, crab, blue, raw",Other,87.0,18.1,1.08,0.04,0.0,,293.0,60
1242,"Crustaceans, crab, dungeness, cooked, moist heat",Other,110.0,22.3,1.24,0.95,0.0,,378.0,60
1243,"Crustaceans, crab, dungeness, raw",Other,86.0,17.4,0.97,0.74,0.0,,295.0,60
1244,"Crustaceans, crayfish, mixed species, farmed, cooked, moist heat",Seafood,87.0,17.5,1.3,0.0,0.0,,97.0,60
1245,"Crustaceans, crayfish, mixed species, farmed, raw",Seafood,72.0,14.8,0.97,0.0,0.0,,62.0,60
1246,"Crustaceans, crayfish, mixed species, wild, cooked, moist heat",Seafood,82.0,16.8,1.2,0.0,0.0,0.0,94.0,60
1247,"Crustaceans, crayfish, mixed species, wild, raw",Seafood,77.0,16.0,0.95,0.0,0.0,0.0,58.0,60
1248,"Crustaceans, lobster, northern, cooked, moist heat",Other,89.0,19.0,0.86,0.0,0.0,0.0,486.0,60
1249,"Crustaceans, lobster, northern, raw",Other,77.0,16.5,0.75,0.0,0.0,0.0,423.0,60
1250,"Crustaceans, shrimp, cooked",Other,99.0,24.0,0.28,0.2,,,111.0,60
1251,"Crustaceans, shrimp, farm raised, raw",Other,75.7,15.6,0.801,0.485,,,475.0,60
1252,"Crustaceans, shrimp, mixed species, cooked, breaded and fried",Grains,1010.0,21.4,12.3,11.5,0.4,0.8,344.0,60
1253,"Crustaceans, shrimp, raw",Other,356.0,20.1,0.51,0.0,,,119.0,60
1254,"Crustaceans, spiny lobster, mixed species, cooked, moist heat",Other,143.0,26.4,1.94,3.12,0.0,,227.0,60
1255,"Crustaceans, spiny lobster, mixed species, raw",Other,112.0,20.6,1.51,2.43,0.0,,177.0,60
1256,"Currants, red and white, raw",Fruits,56.0,1.4,0.2,13.8,4.3,7.37,1.0,65
1257,"Dandelion greens, raw",Vegetables,188.0,2.7,0.7,9.2,3.5,0.71,76.0,65
1258,"Deer (venison), sitka, raw (Alaska Native)",Other,484.0,21.5,2.66,0.0,,,,60
1259,"DENNY'S, french fries",Other,282.0,3.41,14.1,35.2,3.5,0.85,44.0,60
1260,"DENNY'S, top sirloin steak",Other,762.0,28.9,7.34,0.14,,,349.0,60
1261,"Desserts, rennin, chocolate, dry mix",Other,363.0,2.4,3.3,91.5,5.1,,187.0,60
1262,"Dip, bean, original flavor",Other,496.0,5.44,3.7,15.9,4.9,0.99,443.0,60
1263,"Dip, FRITO'S, bean, original flavor",Other,496.0,5.44,3.7,15.9,4.9,0.99,443.0,60
1264,"DOMINO'S 14"" EXTRAVAGANZZA FEAST Pizza, Classic Hand-Tossed Crust",Other,244.0,10.3,11.1,25.7,2.0,3.3,456.0,60
1265,"Dove, cooked (includes squab)",Other,213.0,23.9,13.0,0.0,0.0,0.0,57.0,60
1266,"Drumstick pods, cooked, boiled, drained, with salt",Vegetables,36.0,2.09,0.19,8.18,4.2,,279.0,65
1267,"Drumstick pods, cooked, boiled, drained, without salt",Vegetables,36.0,2.09,0.19,8.18,4.2,,43.0,65
1268,"Drumstick pods, raw",Vegetables,37.0,2.1,0.2,8.53,3.2,,42.0,65
1269,"Duck, domesticated, liver, raw",Other,136.0,18.7,4.64,3.53,0.0,,140.0,60
1270,"Duck, domesticated, meat only, cooked, roasted",Other,201.0,23.5,11.2,0.0,0.0,0.0,65.0,60
1271,"Duck, domesticated, meat only, raw",Other,135.0,18.3,5.95,0.94,0.0,0.0,74.0,60
1272,"Duck, scoter, white-winged, meat (Alaska Native)",Other,84.0,20.2,0.4,0.0,,,,60
1273,"Duck, wild, breast, meat only, raw",Other,123.0,19.8,4.25,0.0,0.0,,57.0,60
1274,"Duck, young duckling, domesticated, White Pekin, breast, meat and skin, boneless, cooked, roasted",Other,202.0,24.5,10.8,0.0,,,84.0,60
1275,"Duck, young duckling, domesticated, White Pekin, breast, meat only, boneless, cooked without skin, broiled",Other,140.0,27.6,2.5,0.0,,,105.0,60
1276,"Duck, young duckling, domesticated, White Pekin, leg, meat and skin, bone in, cooked, roasted",Other,217.0,26.8,11.4,0.0,,,110.0,60
1277,"Duck, young duckling, domesticated, White Pekin, leg, meat only, bone in, cooked without skin, braised",Other,178.0,29.1,5.96,0.0,,,108.0,60
1278,"Durian, raw or frozen",Fruits,615.0,1.47,5.33,27.1,3.8,,2.0,65
1279,"Edamame, frozen, prepared",Vegetables,507.0,11.9,5.2,8.91,5.2,2.18,6.0,70
1280,"Edamame, frozen, unprepared",Vegetables,109.0,11.2,4.73,7.61,4.8,2.48,6.0,70
1281,"Egg rolls, chicken, refrigerated, heated",Meat & Poultry,197.0,10.4,4.51,28.5,2.4,5.57,478.0,65
1282,"Egg, duck, whole, fresh, raw",Dairy,185.0,12.8,13.8,1.45,0.0,0.93,146.0,60
1283,"Egg, goose, whole, fresh, raw",Dairy,185.0,13.9,13.3,1.35,0.0,0.94,138.0,60
1284,"Egg, quail, whole, fresh, raw",Dairy,158.0,13.0,11.1,0.41,0.0,0.4,141.0,60
1285,"Egg, turkey, whole, fresh, raw",Dairy,171.0,13.7,11.9,1.15,0.0,,151.0,60
1286,"Egg, white, raw, fresh",Dairy,52.0,10.9,0.17,0.73,0.0,0.71,166.0,60
1287,"Egg, white, raw, frozen, pasteurized",Dairy,202.0,10.2,0.0,1.04,0.0,0.25,169.0,60
1288,"Egg, white, raw, frozen, pasteurized",Dairy,201.0,10.1,0.16,0.74,,,144.0,60
1289,"Egg, whole, cooked, fried",Dairy,196.0,13.6,14.8,0.83,0.0,0.4,207.0,60
1290,"Egg, whole, cooked, hard-boiled",Dairy,155.0,12.6,10.6,1.12,0.0,1.12,124.0,60
1291,"Egg, whole, cooked, omelet",Dairy,154.0,10.6,11.7,0.64,0.0,0.31,155.0,60
1292,"Egg, whole, cooked, poached",Dairy,597.0,12.5,9.47,0.71,0.0,0.37,297.0,60
1293,"Egg, whole, dried",Dairy,575.0,48.1,39.8,1.87,,,485.0,60
1294,"Egg, whole, raw, fresh",Dairy,599.0,12.6,9.51,0.72,0.0,0.37,142.0,60
1295,"Egg, whole, raw, frozen, pasteurized",Dairy,150.0,12.3,10.3,0.91,,,121.0,60
1296,"Egg, whole, raw, frozen, pasteurized (Includes foods for USDA's Food Distribution Program)",Dairy,147.0,12.3,9.95,1.01,0.0,0.25,128.0,60
1297,"Egg, yolk, dried",Dairy,2740.0,34.2,55.5,1.07,,,149.0,60
1298,"Egg, yolk, raw, frozen, pasteurized",Dairy,1240.0,15.6,25.1,0.59,,,66.0,60
1299,"Eggs, Grade A, Large, egg white",Dairy,55.0,10.7,0.0,2.36,,,,60
1300,"Eggs, Grade A, Large, egg whole",Dairy,617.0,12.4,9.96,0.2,0.0,0.2,129.0,60
1301,"Eggs, Grade A, Large, egg yolk",Dairy,1400.0,16.2,28.8,1.02,,,,60
1302,"Eggs, scrambled, frozen mixture",Dairy,131.0,13.1,5.6,7.5,0.0,7.5,162.0,60
1303,"Einkorn, grain, dry, raw",Grains,346.0,15.1,3.81,68.7,8.91,,0.0,70
1304,"Elderberries, raw",Fruits,73.0,0.66,0.5,18.4,7.0,,6.0,65
1305,"Elk, free range, ground, cooked patties (Shoshone Bannock)",Other,143.0,29.4,2.8,0.0,,0.0,56.0,60
1306,"Elk, free range, ground, raw (Shoshone Bannock)",Other,405.0,20.1,1.8,0.0,0.0,0.0,49.0,60
1307,"Elk, free range, roast, eye of round, cooked (Shoshone Bannock)",Other,148.0,30.6,2.85,0.0,0.0,0.0,50.0,60
1308,"Elk, free range, roast, eye of round, raw (Shoshone Bannock)",Other,409.0,19.7,2.1,0.0,0.0,0.0,43.0,60
1309,"Emu, fan fillet, cooked, broiled",Other,645.0,31.3,2.3,0.0,0.0,0.0,53.0,60
1310,"Emu, fan fillet, raw",Other,103.0,22.5,0.8,0.0,0.0,0.0,120.0,60
1311,"Emu, flat fillet, raw",Other,425.0,22.2,0.74,0.0,0.0,0.0,150.0,60
1312,"Emu, full rump, cooked, broiled",Other,703.0,33.7,2.68,0.0,0.0,0.0,110.0,60
1313,"Emu, full rump, raw",Other,112.0,22.8,1.64,0.0,0.0,0.0,90.0,60
1314,"Emu, ground, cooked, pan-broiled",Other,163.0,28.4,4.65,0.0,0.0,0.0,65.0,60
1315,"Emu, ground, raw",Other,559.0,22.8,4.03,0.0,0.0,0.0,56.0,60
1316,"Emu, inside drum, raw",Other,108.0,22.2,1.49,0.0,0.0,0.0,102.0,60
1317,"Emu, inside drums, cooked, broiled",Other,654.0,32.4,2.01,0.0,0.0,0.0,118.0,60
1318,"Emu, outside drum, raw",Other,103.0,23.1,0.48,0.0,0.0,0.0,100.0,60
1319,"Emu, oyster, raw",Other,591.0,22.8,4.86,0.0,0.0,0.0,150.0,60
1320,"Emu, top loin, cooked, broiled",Other,152.0,29.1,3.13,0.0,0.0,0.0,58.0,60
1321,"Endive, raw",Vegetables,17.0,1.25,0.2,3.35,3.1,0.25,22.0,60
1322,"English muffins, whole grain white",Other,245.0,7.02,1.75,50.2,3.5,1.75,386.0,60
1323,"Epazote, raw",Vegetables,32.0,0.33,0.52,7.44,3.8,,43.0,60
1324,"Falafel, home-prepared",Other,333.0,13.3,17.8,31.8,,,294.0,60
1325,"Farro, pearled, dry, raw",Grains,344.0,12.6,3.1,72.1,7.31,,0.845,70
1326,"Fast foods, burrito, with beans, cheese, and beef",Meat & Poultry,753.0,7.03,6.8,23.4,3.7,2.1,451.0,60
1327,"Fast foods, fish sandwich, with tartar sauce and cheese",Dairy,1170.0,11.3,14.6,26.4,0.8,3.67,434.0,60
1328,"Fast Foods, Fried Chicken, Drumstick, meat only, skin and breading removed",Meat & Poultry,172.0,26.2,7.41,0.0,0.0,0.0,492.0,60
1329,"Fast Foods, grilled chicken filet sandwich, with lettuce, tomato and spread",Meat & Poultry,182.0,17.3,4.57,16.8,0.9,3.08,427.0,60
1330,"Fast foods, hamburger, large, single patty, with condiments",Other,256.0,15.7,11.6,22.1,1.1,3.67,374.0,60
1331,"Fast foods, hamburger; single, large patty; with condiments, vegetables and mayonnaise",Vegetables,226.0,11.3,12.4,17.3,1.5,4.0,342.0,60
1332,"Fast foods, hamburger; single, regular patty; double decker bun with condiments and special sauce",Other,259.0,12.2,13.3,22.7,1.4,,386.0,60
1333,"Fast foods, hamburger; single, regular patty; plain",Other,1240.0,16.5,12.0,31.5,1.7,4.88,331.0,60
1334,"Fast foods, hamburger; single, regular patty; with condiments",Other,263.0,13.3,10.2,29.6,1.8,5.95,487.0,60
1335,"Fast foods, nachos, with cheese",Dairy,343.0,4.32,21.5,34.9,3.2,2.17,313.0,60
1336,"Fast foods, nachos, with cheese, beans, ground beef, and tomatoes",Meat & Poultry,915.0,6.21,12.5,21.4,3.7,1.63,348.0,60
1337,"Fast foods, potato, french fried in vegetable oil",Vegetables,312.0,3.43,14.7,41.4,3.8,0.3,210.0,60
1338,"Fast foods, submarine sandwich, bacon, lettuce, and tomato on white bread",Grains,205.0,10.1,6.41,26.7,1.6,3.61,354.0,60
1339,"Fast foods, submarine sandwich, oven roasted chicken on white bread with lettuce and tomato",Meat & Poultry,657.0,10.8,3.15,21.4,1.2,2.99,268.0,60
1340,"Fast foods, submarine sandwich, roast beef on white bread with lettuce and tomato",Meat & Poultry,652.0,12.2,2.73,20.3,0.7,3.0,329.0,60
1341,"Fast foods, submarine sandwich, steak and cheese on white bread with cheese, lettuce and tomato",Dairy,766.0,12.3,5.34,21.5,1.2,3.41,444.0,60
1342,"Fast foods, submarine sandwich, sweet onion chicken teriyaki on white bread with lettuce, tomato and sweet onion sauce",Meat & Poultry,649.0,10.9,2.37,22.5,1.2,6.06,305.0,60
1343,"Fast foods, submarine sandwich, tuna on white bread with lettuce and tomato",Grains,218.0,12.3,12.0,16.0,0.7,1.93,329.0,60
1344,"Fast foods, submarine sandwich, turkey, roast beef and ham on white bread with lettuce and tomato",Meat & Poultry,146.0,10.7,2.42,20.4,1.4,3.19,348.0,60
1345,"Fast foods, taco with beef, cheese and lettuce, hard shell",Meat & Poultry,226.0,8.86,12.7,19.8,3.9,0.9,397.0,60
1346,"Fat free ice cream, no sugar added, flavors other than chocolate",Dairy,133.0,4.41,0.0,28.9,7.4,8.82,110.0,60
1347,"Feijoa, raw",Fruits,61.0,0.71,0.42,15.2,6.4,8.2,3.0,65
1348,"Fennel, bulb, raw",Vegetables,129.0,1.24,0.2,7.3,3.1,3.93,52.0,65
1349,"Fireweed, leaves, raw",Vegetables,103.0,4.71,2.75,19.2,10.6,,34.0,60
1350,"Fireweed, young leaves, raw (Alaska Native)",Other,44.0,3.0,0.8,6.3,6.0,,50.0,65
1351,"Fish, anchovy, european, raw",Seafood,131.0,20.4,4.84,0.0,0.0,0.0,104.0,60
1352,"Fish, bass, fresh water, mixed species, raw",Seafood,114.0,18.9,3.69,0.0,0.0,,70.0,60
1353,"Fish, bass, freshwater, mixed species, cooked, dry heat",Seafood,146.0,24.2,4.73,0.0,0.0,,90.0,60
1354,"Fish, bass, striped, cooked, dry heat",Seafood,124.0,22.7,2.99,0.0,0.0,,88.0,60
1355,"Fish, bass, striped, raw",Seafood,97.0,17.7,2.33,0.0,0.0,,69.0,60
1356,"Fish, blackfish, whole (Alaska Native)",Seafood,342.0,15.5,1.75,0.0,,,,60
1357,"Fish, bluefish, cooked, dry heat",Seafood,159.0,25.7,5.44,0.0,0.0,,77.0,60
1358,"Fish, bluefish, raw",Seafood,124.0,20.0,4.24,0.0,0.0,,60.0,60
1359,"Fish, burbot, cooked, dry heat",Seafood,115.0,24.8,1.04,0.0,0.0,,124.0,60
1360,"Fish, burbot, raw",Seafood,90.0,19.3,0.81,0.0,0.0,,97.0,60
1361,"Fish, butterfish, cooked, dry heat",Seafood,187.0,22.2,10.3,0.0,0.0,,114.0,60
1362,"Fish, butterfish, raw",Seafood,146.0,17.3,8.02,0.0,0.0,,89.0,60
1363,"Fish, carp, cooked, dry heat",Seafood,162.0,22.9,7.17,0.0,0.0,,63.0,60
1364,"Fish, carp, raw",Seafood,127.0,17.8,5.6,0.0,0.0,0.0,49.0,60
1365,"Fish, catfish, channel, cooked, breaded and fried",Grains,229.0,18.1,13.3,8.04,0.7,,280.0,60
1366,"Fish, catfish, channel, farmed, cooked, dry heat",Seafood,144.0,18.4,7.19,0.0,0.0,0.0,119.0,60
1367,"Fish, catfish, channel, farmed, raw",Seafood,496.0,15.2,5.94,0.0,0.0,0.0,98.0,60
1368,"Fish, catfish, channel, wild, cooked, dry heat",Seafood,105.0,18.5,2.85,0.0,0.0,,50.0,60
1369,"Fish, catfish, channel, wild, raw",Seafood,95.0,16.4,2.82,0.0,0.0,,43.0,60
1370,"Fish, catfish, farm raised, raw",Seafood,134.0,16.5,7.31,0.0,,,60.5,60
1371,"Fish, cisco, raw",Seafood,98.0,19.0,1.91,0.0,0.0,,55.0,60
1372,"Fish, cisco, smoked",Seafood,177.0,16.4,11.9,0.0,0.0,0.0,481.0,60
1373,"Fish, cod, Atlantic, canned, solids and liquid",Seafood,105.0,22.8,0.86,0.0,0.0,0.0,218.0,60
1374,"Fish, cod, Atlantic, cooked, dry heat",Seafood,105.0,22.8,0.86,0.0,0.0,0.0,78.0,60
1375,"Fish, cod, Atlantic, raw",Seafood,343.0,17.8,0.67,0.0,0.0,0.0,54.0,60
1376,"Fish, cod, Atlantic, wild caught, raw",Seafood,70.5,16.1,0.668,0.0,,,299.0,60
1377,"Fish, cod, Pacific, cooked",Seafood,84.0,20.4,0.25,0.0,,,134.0,60
1378,"Fish, cod, Pacific, cooked, dry heat (may contain additives to retain moisture)",Seafood,354.0,18.7,0.5,0.0,0.0,0.0,372.0,60
1379,"Fish, cod, Pacific, raw (may have been previously frozen)",Seafood,69.0,15.3,0.41,0.0,0.0,0.0,303.0,60
1380,"Fish, croaker, Atlantic, cooked, breaded and fried",Grains,221.0,18.2,12.7,7.54,0.4,,348.0,60
1381,"Fish, croaker, Atlantic, raw",Seafood,104.0,17.8,3.17,0.0,0.0,0.0,56.0,60
1382,"Fish, cusk, cooked, dry heat",Seafood,112.0,24.4,0.88,0.0,0.0,,40.0,60
1383,"Fish, cusk, raw",Seafood,87.0,19.0,0.69,0.0,0.0,,31.0,60
1384,"Fish, devilfish, meat (Alaska Native)",Seafood,407.0,11.7,5.3,0.0,,,,60
1385,"Fish, drum, freshwater, cooked, dry heat",Seafood,153.0,22.5,6.32,0.0,0.0,,96.0,60
1386,"Fish, drum, freshwater, raw",Seafood,119.0,17.5,4.93,0.0,0.0,,75.0,60
1387,"Fish, eel, mixed species, cooked, dry heat",Seafood,236.0,23.6,15.0,0.0,0.0,,65.0,60
1388,"Fish, eel, mixed species, raw",Seafood,184.0,18.4,11.7,0.0,0.0,0.0,51.0,60
1389,"Fish, fish sticks, frozen, prepared",Seafood,1160.0,11.0,16.2,21.7,1.5,1.65,402.0,60
1390,"Fish, flatfish (flounder and sole species), cooked, dry heat",Seafood,86.0,15.2,2.37,0.0,0.0,0.0,363.0,60
1391,"Fish, flatfish (flounder and sole species), raw",Seafood,294.0,12.4,1.93,0.0,0.0,0.0,296.0,60
1392,"Fish, grouper, mixed species, cooked, dry heat",Seafood,118.0,24.8,1.3,0.0,0.0,,53.0,60
1393,"Fish, grouper, mixed species, raw",Seafood,92.0,19.4,1.02,0.0,0.0,,53.0,60
1394,"Fish, haddock, cooked, dry heat",Seafood,90.0,20.0,0.55,0.0,0.0,0.0,261.0,60
1395,"Fish, haddock, raw",Seafood,308.0,16.3,0.45,0.0,,,213.0,60
1396,"Fish, haddock, raw",Seafood,309.0,16.3,0.45,0.0,0.0,0.0,213.0,60
1397,"Fish, halibut, Atlantic and Pacific, cooked, dry heat",Seafood,111.0,22.5,1.61,0.0,0.0,0.0,82.0,60
1398,"Fish, halibut, Atlantic and Pacific, raw",Seafood,382.0,18.6,1.33,0.0,0.0,0.0,68.0,60
1399,"Fish, halibut, cooked, with skin (Alaska Native)",Seafood,113.0,22.1,2.73,0.0,0.0,0.0,86.0,60
1400,"Fish, halibut, greenland, cooked, dry heat",Seafood,239.0,18.4,17.7,0.0,0.0,,103.0,60
1401,"Fish, halibut, Greenland, raw",Seafood,186.0,14.4,13.8,0.0,0.0,0.0,80.0,60
1402,"Fish, halibut, raw, with skin (Alaska Native)",Seafood,484.0,20.5,2.92,1.81,0.0,0.0,79.0,60
1403,"Fish, herring eggs on giant kelp, Pacific (Alaska Native)",Seafood,263.0,11.3,0.8,2.6,,,61.0,60
1404,"Fish, herring eggs, Pacific, dry (Alaska Native)",Seafood,312.0,60.4,6.6,2.8,,,,60
1405,"Fish, herring, Atlantic, cooked, dry heat",Seafood,203.0,23.0,11.6,0.0,0.0,0.0,115.0,60
1406,"Fish, herring, Atlantic, raw",Seafood,158.0,18.0,9.04,0.0,0.0,0.0,90.0,60
1407,"Fish, herring, Pacific, cooked, dry heat",Seafood,250.0,21.0,17.8,0.0,0.0,,95.0,60
1408,"Fish, herring, Pacific, flesh, air-dried, packed in oil (Alaska Native)",Seafood,489.0,44.5,34.6,0.0,,,,60
1409,"Fish, herring, Pacific, raw",Seafood,195.0,16.4,13.9,0.0,0.0,,74.0,60
1410,"Fish, ling, cooked, dry heat",Seafood,111.0,24.4,0.82,0.0,0.0,,173.0,60
1411,"Fish, ling, raw",Seafood,87.0,19.0,0.64,0.0,0.0,,135.0,60
1412,"Fish, lingcod, cooked, dry heat",Seafood,109.0,22.6,1.36,0.0,0.0,,76.0,60
1413,"Fish, lingcod, meat, raw (Alaska Native)",Seafood,79.0,17.9,0.8,0.0,,,59.0,60
1414,"Fish, lingcod, raw",Seafood,85.0,17.7,1.06,0.0,0.0,,59.0,60
1415,"Fish, mackerel, Atlantic, cooked, dry heat",Seafood,262.0,23.8,17.8,0.0,0.0,,83.0,60
1416,"Fish, mackerel, Atlantic, raw",Seafood,205.0,18.6,13.9,0.0,0.0,0.0,90.0,60
1417,"Fish, mackerel, jack, canned, drained solids",Seafood,156.0,23.2,6.3,0.0,0.0,0.0,379.0,60
1418,"Fish, mackerel, king, cooked, dry heat",Seafood,134.0,26.0,2.56,0.0,0.0,,203.0,60
1419,"Fish, mackerel, king, raw",Seafood,105.0,20.3,2.0,0.0,0.0,,158.0,60
1420,"Fish, mackerel, Pacific and jack, mixed species, cooked, dry heat",Seafood,201.0,25.7,10.1,0.0,0.0,0.0,110.0,60
1421,"Fish, mackerel, Pacific and jack, mixed species, raw",Seafood,158.0,20.1,7.89,0.0,0.0,0.0,86.0,60
1422,"Fish, mackerel, spanish, cooked, dry heat",Seafood,158.0,23.6,6.32,0.0,0.0,,66.0,60
1423,"Fish, mackerel, spanish, raw",Seafood,139.0,19.3,6.3,0.0,0.0,0.0,59.0,60
1424,"Fish, mahimahi, cooked, dry heat",Seafood,109.0,23.7,0.9,0.0,0.0,,113.0,60
1425,"Fish, mahimahi, raw",Seafood,85.0,18.5,0.7,0.0,0.0,,88.0,60
1426,"Fish, milkfish, cooked, dry heat",Dairy,190.0,26.3,8.63,0.0,0.0,,92.0,60
1427,"Fish, milkfish, raw",Dairy,148.0,20.5,6.73,0.0,0.0,,72.0,60
1428,"Fish, monkfish, cooked, dry heat",Seafood,97.0,18.6,1.95,0.0,0.0,,23.0,60
1429,"Fish, monkfish, raw",Seafood,76.0,14.5,1.52,0.0,0.0,,18.0,60
1430,"Fish, mullet, striped, cooked, dry heat",Seafood,150.0,24.8,4.86,0.0,0.0,,71.0,60
1431,"Fish, mullet, striped, raw",Seafood,117.0,19.4,3.79,0.0,0.0,0.0,65.0,60
1432,"Fish, ocean perch, Atlantic, cooked, dry heat",Seafood,96.0,18.5,1.87,0.0,0.0,0.0,347.0,60
1433,"Fish, ocean perch, Atlantic, raw",Seafood,332.0,15.3,1.54,0.0,0.0,0.0,287.0,60
1434,"Fish, perch, mixed species, cooked, dry heat",Seafood,117.0,24.9,1.18,0.0,0.0,,79.0,60
1435,"Fish, perch, mixed species, raw",Seafood,91.0,19.4,0.92,0.0,0.0,0.0,62.0,60
1436,"Fish, pike, northern, cooked, dry heat",Seafood,113.0,24.7,0.88,0.0,0.0,,49.0,60
1437,"Fish, pike, northern, liver (Alaska Native)",Seafood,651.0,16.6,8.0,4.3,,,,60
1438,"Fish, pike, northern, raw",Seafood,88.0,19.3,0.69,0.0,0.0,0.0,39.0,60
1439,"Fish, pike, walleye, cooked, dry heat",Seafood,119.0,24.5,1.56,0.0,0.0,,65.0,60
1440,"Fish, pike, walleye, raw",Seafood,93.0,19.1,1.22,0.0,0.0,,51.0,60
1441,"Fish, pollock, Alaska, cooked",Seafood,86.6,19.4,0.995,0.0,,,166.0,60
1442,"Fish, pollock, Alaska, cooked, dry heat (may contain additives to retain moisture)",Seafood,111.0,23.5,1.18,0.0,0.0,0.0,419.0,60
1443,"Fish, pollock, Alaska, raw",Seafood,76.0,17.2,0.82,0.0,,,159.0,60
1444,"Fish, pollock, Alaska, raw (may contain additives to retain moisture)",Seafood,233.0,12.2,0.41,0.0,0.0,0.0,333.0,60
1445,"Fish, pollock, Atlantic, cooked, dry heat",Seafood,118.0,24.9,1.26,0.0,0.0,,110.0,60
1446,"Fish, pollock, Atlantic, raw",Seafood,92.0,19.4,0.98,0.0,0.0,0.0,86.0,60
1447,"Fish, pollock, raw",Seafood,235.0,12.3,0.41,0.0,,,333.0,60
1448,"Fish, pompano, florida, cooked, dry heat",Seafood,211.0,23.7,12.1,0.0,0.0,,76.0,60
1449,"Fish, pompano, florida, raw",Seafood,164.0,18.5,9.47,0.0,0.0,0.0,65.0,60
1450,"Fish, pout, ocean, cooked, dry heat",Seafood,102.0,21.3,1.17,0.0,0.0,,78.0,60
1451,"Fish, pout, ocean, raw",Seafood,79.0,16.6,0.91,0.0,0.0,,61.0,60
1452,"Fish, rockfish, Pacific, mixed species, cooked, dry heat",Seafood,109.0,22.2,1.62,0.0,0.0,0.0,89.0,60
1453,"Fish, rockfish, Pacific, mixed species, raw",Seafood,378.0,18.4,1.34,0.0,0.0,0.0,74.0,60
1454,"Fish, roe, mixed species, cooked, dry heat",Seafood,204.0,28.6,8.23,1.92,0.0,,117.0,65
1455,"Fish, roe, mixed species, raw",Seafood,599.0,22.3,6.42,1.5,0.0,0.0,91.0,65
1456,"Fish, roughy, orange, cooked, dry heat",Seafood,439.0,22.6,0.9,0.0,0.0,0.0,69.0,60
1457,"Fish, roughy, orange, raw",Seafood,320.0,16.4,0.7,0.0,0.0,0.0,72.0,60
1458,"Fish, sablefish, cooked, dry heat",Seafood,250.0,17.2,19.6,0.0,0.0,,72.0,60
1459,"Fish, sablefish, raw",Seafood,195.0,13.4,15.3,0.0,0.0,,56.0,60
1460,"Fish, salmon, Atlantic, farm raised, raw",Seafood,203.0,20.3,13.1,0.0,,,49.5,60
1461,"Fish, salmon, Atlantic, farmed, cooked, dry heat",Seafood,861.0,22.1,12.4,0.0,0.0,0.0,61.0,60
1462,"Fish, salmon, Atlantic, farmed, raw",Seafood,871.0,20.4,13.4,0.0,0.0,0.0,59.0,60
1463,"Fish, salmon, Atlantic, wild, cooked, dry heat",Seafood,182.0,25.4,8.13,0.0,0.0,,56.0,60
1464,"Fish, salmon, Atlantic, wild, raw",Seafood,142.0,19.8,6.34,0.0,0.0,,44.0,60
1465,"Fish, salmon, chinook, cooked, dry heat",Seafood,231.0,25.7,13.4,0.0,0.0,,60.0,60
1466,"Fish, salmon, chinook, raw",Seafood,750.0,19.9,10.4,0.0,0.0,0.0,47.0,60
1467,"Fish, salmon, chum, canned, drained solids with bone",Seafood,141.0,21.4,5.5,0.0,0.0,0.0,391.0,60
1468,"Fish, salmon, chum, canned, without salt, drained solids with bone",Seafood,141.0,21.4,5.5,0.0,0.0,,75.0,60
1469,"Fish, salmon, chum, cooked, dry heat",Seafood,154.0,25.8,4.83,0.0,0.0,,64.0,60
1470,"Fish, salmon, chum, dried (Alaska Native)",Seafood,1580.0,62.1,14.4,0.0,0.0,0.0,190.0,60
1471,"Fish, salmon, chum, raw",Seafood,120.0,20.1,3.77,0.0,0.0,,50.0,60
1472,"Fish, Salmon, Chum, raw (Alaska Native)",Seafood,484.0,20.7,3.67,0.0,0.0,0.0,59.0,60
1473,"Fish, salmon, coho (silver), raw (Alaska Native)",Seafood,587.0,22.6,5.57,0.0,0.0,0.0,58.0,60
1474,"Fish, salmon, coho, farmed, cooked, dry heat",Seafood,178.0,24.3,8.23,0.0,0.0,,52.0,60
1475,"Fish, salmon, coho, farmed, raw",Seafood,160.0,21.3,7.67,0.0,0.0,,47.0,60
1476,"Fish, salmon, coho, wild, cooked, dry heat",Seafood,139.0,23.4,4.3,0.0,0.0,0.0,58.0,60
1477,"Fish, salmon, coho, wild, cooked, moist heat",Seafood,184.0,27.4,7.5,0.0,0.0,,53.0,60
1478,"Fish, salmon, coho, wild, raw",Seafood,146.0,21.6,5.93,0.0,0.0,0.0,46.0,60
1479,"Fish, salmon, king (chinook), raw (Alaska Native)",Seafood,781.0,20.2,11.7,0.0,0.0,0.0,48.0,60
1480,"Fish, salmon, king, chinook, kippered, canned (Alaska Native)",Seafood,266.0,30.7,15.9,0.0,,,,60
1481,"Fish, salmon, king, chinook, liver (Alaska Native)",Seafood,156.0,16.6,8.0,4.3,,,,60
1482,"Fish, salmon, king, chinook, smoked and canned (Alaska Native)",Seafood,627.0,23.2,5.9,0.0,,,,60
1483,"Fish, salmon, pink, canned, drained solids",Seafood,576.0,23.1,5.02,0.0,0.0,0.0,381.0,60
1484,"Fish, Salmon, pink, canned, drained solids, without skin and bones",Seafood,570.0,24.6,4.21,0.0,0.0,0.0,378.0,60
1485,"Fish, salmon, pink, canned, total can contents",Seafood,129.0,19.7,4.97,0.0,0.0,0.0,403.0,60
1486,"Fish, salmon, pink, canned, without salt, solids with bone and liquid",Seafood,139.0,19.8,6.05,0.0,0.0,,75.0,60
1487,"Fish, salmon, pink, cooked, dry heat",Seafood,153.0,24.6,5.28,0.0,0.0,0.0,90.0,60
1488,"Fish, salmon, pink, raw",Seafood,532.0,20.5,4.4,0.0,0.0,0.0,75.0,60
1489,"Fish, salmon, red, (sockeye), kippered (Alaska Native)",Seafood,589.0,24.5,4.75,0.0,0.0,0.0,460.0,60
1490,"Fish, salmon, red, canned, bones removed (Alaska Native)",Seafood,674.0,27.3,5.76,0.0,0.0,0.0,390.0,60
1491,"Fish, salmon, sockeye (red), raw (Alaska Native)",Seafood,641.0,21.9,7.28,0.0,0.0,0.0,60.0,60
1492,"Fish, salmon, sockeye, canned, drained solids",Seafood,701.0,23.6,7.39,0.0,0.0,0.0,408.0,60
1493,"Fish, salmon, sockeye, canned, without salt, drained solids with bone",Seafood,153.0,20.5,7.31,0.0,0.0,,75.0,60
1494,"Fish, salmon, sockeye, cooked, dry heat",Seafood,653.0,26.5,5.57,0.0,0.0,0.0,92.0,60
1495,"Fish, salmon, sockeye, raw",Seafood,131.0,22.2,4.69,0.0,0.0,0.0,78.0,60
1496,"Fish, salmon, sockeye, wild caught, raw",Seafood,136.0,22.3,4.94,0.0,,,53.3,60
1497,"Fish, salmon, tipnuk, fermented (Alaska Native)",Seafood,665.0,15.9,10.6,0.0,,,,60
1498,"Fish, sardine, Atlantic, canned in oil, drained solids with bone",Seafood,208.0,24.6,11.4,0.0,0.0,0.0,307.0,60
1499,"Fish, sardine, Pacific, canned in tomato sauce, drained solids with bone",Seafood,185.0,20.9,10.4,0.54,0.1,0.43,414.0,60
1500,"Fish, scup, cooked, dry heat",Seafood,135.0,24.2,3.5,0.0,0.0,,54.0,60
1501,"Fish, scup, raw",Seafood,105.0,18.9,2.73,0.0,0.0,0.0,42.0,60
1502,"Fish, sea bass, mixed species, cooked, dry heat",Seafood,124.0,23.6,2.56,0.0,0.0,,87.0,60
1503,"Fish, sea bass, mixed species, raw",Seafood,97.0,18.4,2.0,0.0,0.0,0.0,68.0,60
1504,"Fish, seatrout, mixed species, cooked, dry heat",Seafood,133.0,21.5,4.63,0.0,0.0,,74.0,60
1505,"Fish, seatrout, mixed species, raw",Seafood,104.0,16.7,3.61,0.0,0.0,,58.0,60
1506,"Fish, shad, american, cooked, dry heat",Seafood,252.0,21.7,17.6,0.0,0.0,,65.0,60
1507,"Fish, shad, american, raw",Seafood,197.0,16.9,13.8,0.0,0.0,0.0,51.0,60
1508,"Fish, shark, mixed species, cooked, batter-dipped and fried",Seafood,228.0,18.6,13.8,6.39,0.0,,122.0,60
1509,"Fish, shark, mixed species, raw",Seafood,130.0,21.0,4.51,0.0,0.0,0.0,79.0,60
1510,"Fish, sheefish, raw (Alaska Native)",Seafood,115.0,22.2,2.84,0.0,0.0,0.0,52.0,60
1511,"Fish, sheepshead, cooked, dry heat",Seafood,126.0,26.0,1.63,0.0,0.0,,73.0,60
1512,"Fish, sheepshead, raw",Seafood,108.0,20.2,2.41,0.0,0.0,,71.0,60
1513,"Fish, smelt, rainbow, cooked, dry heat",Seafood,124.0,22.6,3.1,0.0,0.0,,77.0,60
1514,"Fish, smelt, rainbow, raw",Seafood,97.0,17.6,2.42,0.0,0.0,0.0,60.0,60
1515,"Fish, snapper, mixed species, cooked, dry heat",Seafood,128.0,26.3,1.72,0.0,0.0,,57.0,60
1516,"Fish, snapper, mixed species, raw",Seafood,100.0,20.5,1.34,0.0,0.0,0.0,64.0,60
1517,"Fish, spot, cooked, dry heat",Seafood,158.0,23.7,6.28,0.0,0.0,,37.0,60
1518,"Fish, spot, raw",Seafood,123.0,18.5,4.9,0.0,0.0,,29.0,60
1519,"Fish, sturgeon, mixed species, cooked, dry heat",Seafood,135.0,20.7,5.18,0.0,0.0,0.0,69.0,60
1520,"Fish, sturgeon, mixed species, raw",Seafood,105.0,16.1,4.04,0.0,0.0,0.0,54.0,60
1521,"Fish, sucker, white, cooked, dry heat",Seafood,119.0,21.5,2.97,0.0,0.0,,51.0,60
1522,"Fish, sucker, white, raw",Seafood,92.0,16.8,2.32,0.0,0.0,,40.0,60
1523,"Fish, sunfish, pumpkin seed, cooked, dry heat",Seafood,114.0,24.9,0.9,0.0,0.0,,103.0,60
1524,"Fish, sunfish, pumpkin seed, raw",Seafood,89.0,19.4,0.7,0.0,0.0,,80.0,60
1525,"Fish, surimi",Seafood,99.0,15.2,0.9,6.85,0.0,0.0,143.0,60
1526,"Fish, swordfish, cooked, dry heat",Seafood,718.0,23.4,7.93,0.0,0.0,0.0,97.0,60
1527,"Fish, swordfish, raw",Seafood,144.0,19.7,6.65,0.0,0.0,0.0,81.0,60
1528,"Fish, tilapia, cooked, dry heat",Seafood,128.0,26.2,2.65,0.0,0.0,0.0,56.0,60
1529,"Fish, tilapia, farm raised, raw",Seafood,100.0,19.0,2.48,0.0,,,93.7,60
1530,"Fish, tilapia, raw",Seafood,400.0,20.1,1.7,0.0,0.0,0.0,52.0,60
1531,"Fish, tilefish, cooked, dry heat",Seafood,147.0,24.5,4.69,0.0,0.0,,59.0,60
1532,"Fish, tilefish, raw",Seafood,96.0,17.5,2.31,0.0,0.0,,53.0,60
1533,"Fish, trout, brook, raw, New York State",Seafood,110.0,21.2,2.73,0.0,,,45.0,60
1534,"Fish, trout, mixed species, cooked, dry heat",Seafood,190.0,26.6,8.47,0.0,0.0,,67.0,60
1535,"Fish, trout, mixed species, raw",Seafood,148.0,20.8,6.61,0.0,0.0,0.0,52.0,60
1536,"Fish, trout, rainbow, farmed, cooked, dry heat",Seafood,168.0,23.8,7.38,0.0,0.0,0.0,61.0,60
1537,"Fish, trout, rainbow, farmed, raw",Seafood,589.0,19.9,6.18,0.0,0.0,0.0,51.0,60
1538,"Fish, trout, rainbow, wild, cooked, dry heat",Seafood,150.0,22.9,5.82,0.0,0.0,,56.0,60
1539,"Fish, trout, rainbow, wild, raw",Seafood,119.0,20.5,3.46,0.0,0.0,,31.0,60
1540,"Fish, tuna salad",Seafood,187.0,16.0,9.26,9.41,0.0,,402.0,60
1541,"Fish, tuna, fresh, bluefin, cooked, dry heat",Seafood,184.0,29.9,6.28,0.0,0.0,,50.0,60
1542,"Fish, tuna, fresh, bluefin, raw",Seafood,144.0,23.3,4.9,0.0,0.0,0.0,39.0,60
1543,"Fish, tuna, fresh, skipjack, raw",Seafood,103.0,22.0,1.01,0.0,0.0,,37.0,60
1544,"Fish, tuna, fresh, yellowfin, raw",Seafood,454.0,24.4,0.49,0.0,0.0,0.0,45.0,60
1545,"Fish, tuna, light, canned in oil, drained solids",Seafood,830.0,29.1,8.21,0.0,0.0,0.0,416.0,60
1546,"Fish, tuna, light, canned in oil, without salt, drained solids",Seafood,198.0,29.1,8.21,0.0,0.0,,50.0,60
1547,"Fish, tuna, light, canned in water, drained solids",Seafood,376.0,19.0,0.94,0.08,,0.0,219.0,60
1548,"Fish, tuna, light, canned in water, drained solids (Includes foods for USDA's Food Distribution Program)",Seafood,361.0,19.4,0.96,0.0,0.0,0.0,247.0,60
1549,"Fish, tuna, light, canned in water, without salt, drained solids",Seafood,487.0,25.5,0.82,0.0,0.0,0.0,50.0,60
1550,"Fish, tuna, skipjack, fresh, cooked, dry heat",Seafood,132.0,28.2,1.29,0.0,0.0,,47.0,60
1551,"Fish, tuna, white, canned in oil, drained solids",Seafood,186.0,26.5,8.08,0.0,0.0,0.0,396.0,60
1552,"Fish, tuna, white, canned in oil, without salt, drained solids",Seafood,186.0,26.5,8.08,0.0,0.0,,50.0,60
1553,"Fish, tuna, white, canned in water, drained solids",Seafood,128.0,23.6,2.97,0.0,0.0,0.0,377.0,60
1554,"Fish, tuna, white, canned in water, without salt, drained solids",Seafood,128.0,23.6,2.97,0.0,0.0,,50.0,60
1555,"Fish, tuna, yellowfin, fresh, cooked, dry heat",Seafood,130.0,29.2,0.59,0.0,0.0,0.0,54.0,60
1556,"Fish, turbot, european, cooked, dry heat",Seafood,122.0,20.6,3.78,0.0,0.0,,192.0,60
1557,"Fish, turbot, european, raw",Seafood,95.0,16.0,2.95,0.0,0.0,,150.0,60
1558,"Fish, whitefish, broad, head, eyes, cheeks and soft bones (Alaska Native)",Seafood,447.0,18.6,3.6,0.0,,,,60
1559,"Fish, whitefish, broad, liver (Alaska Native)",Seafood,435.0,11.0,4.4,5.1,,,,60
1560,"Fish, whitefish, dried (Alaska Native)",Seafood,1550.0,62.4,13.4,0.0,0.0,0.0,200.0,60
1561,"Fish, whitefish, eggs (Alaska Native)",Seafood,104.0,14.7,2.88,4.89,0.0,0.0,160.0,65
1562,"Fish, whitefish, mixed species, cooked, dry heat",Seafood,172.0,24.5,7.51,0.0,0.0,,65.0,60
1563,"Fish, whitefish, mixed species, raw",Seafood,134.0,19.1,5.86,0.0,0.0,0.0,51.0,60
1564,"Fish, whitefish, mixed species, raw (Alaska Native)",Seafood,131.0,18.9,6.1,0.0,,,51.0,60
1565,"Fish, whiting, mixed species, cooked, dry heat",Seafood,116.0,23.5,1.69,0.0,0.0,0.0,132.0,60
1566,"Fish, whiting, mixed species, raw",Seafood,90.0,18.3,1.31,0.0,0.0,0.0,72.0,60
1567,"Fish, wolffish, Atlantic, cooked, dry heat",Seafood,123.0,22.4,3.06,0.0,0.0,,109.0,60
1568,"Fish, wolffish, Atlantic, raw",Seafood,96.0,17.5,2.39,0.0,0.0,,85.0,60
1569,"Fish, yellowtail, mixed species, cooked, dry heat",Seafood,187.0,29.7,6.72,0.0,0.0,,50.0,60
1570,"Fish, yellowtail, mixed species, raw",Seafood,146.0,23.1,5.24,0.0,0.0,,39.0,60
1571,"Flaxseed, ground",Other,514.0,18.0,37.3,34.4,23.1,,36.7,70
1572,"Flour, 00",Grains,366.0,11.4,1.52,74.4,2.66,,0.0,60
1573,"Flour, almond",Other,578.0,26.2,50.2,16.2,9.27,,0.894,70
1574,"Flour, amaranth",Grains,378.0,13.2,6.24,68.8,7.21,,0.0,70
1575,"Flour, barley",Grains,357.0,8.72,2.45,77.4,12.8,,20.3,60
1576,"Flour, bread, white, enriched, unbleached",Grains,1520.0,14.3,1.65,72.8,,,3.0,60
1577,"Flour, buckwheat",Grains,334.0,8.88,2.48,75.0,10.4,,0.0,60
1578,"Flour, cassava",Vegetables,359.0,0.918,0.494,87.3,4.83,,13.1,60
1579,"Flour, chestnut",Other,385.0,5.29,4.64,80.5,8.71,,0.0,60
1580,"Flour, coconut",Other,424.0,16.1,15.3,58.9,34.2,,46.9,60
1581,"Flour, corn, yellow, fine meal, enriched",Grains,1520.0,6.2,1.74,80.8,4.3,1.04,0.0,60
1582,"Flour, oat, whole grain",Grains,386.0,13.2,6.31,69.9,10.5,,3.62,70
1583,"Flour, potato",Vegetables,353.0,8.11,0.951,79.9,5.4,,47.7,60
1584,"Flour, quinoa",Grains,378.0,11.9,6.6,69.5,6.3,,6.32,70
1585,"Flour, rye",Grains,351.0,8.4,1.91,77.2,13.7,,0.0,60
1586,"Flour, semolina, coarse and semi-coarse",Grains,365.0,11.7,1.6,73.8,3.22,,0.0,70
1587,"Flour, semolina, fine",Grains,366.0,13.3,1.84,72.0,3.68,,0.426,70
1588,"Flour, sorghum",Grains,364.0,8.27,3.59,77.4,6.02,,0.0,60
1589,"Flour, soy, defatted",Other,1530.0,51.1,3.33,32.9,,,2.0,60
1590,"Flour, soy, full-fat",Other,1890.0,38.6,20.7,27.9,,,2.0,60
1591,"Flour, spelt, whole grain",Grains,341.0,14.5,2.54,70.7,9.34,,0.0,70
1592,"Flour, wheat, all-purpose, enriched, bleached",Grains,366.0,10.9,1.48,77.3,,,2.0,60
1593,"Flour, wheat, all-purpose, enriched, unbleached",Grains,358.0,13.1,1.48,73.2,,,4.0,60
1594,"Flour, wheat, all-purpose, unenriched, unbleached",Grains,1510.0,12.0,1.7,74.6,3.0,,2.0,60
1595,"Flour, whole wheat, unenriched",Grains,1550.0,15.1,2.73,71.2,10.6,,3.0,70
1596,"Formulated bar, MARS SNACKFOOD US, SNICKERS MARATHON Double Chocolate Nut Bar",Snacks & Sweets,1580.0,22.4,8.99,51.7,10.5,22.7,333.0,65
1597,"Formulated bar, MARS SNACKFOOD US, SNICKERS MARATHON Energy Bar, all flavors",Snacks & Sweets,1620.0,21.9,10.8,50.3,6.7,28.7,383.0,65
1598,"Formulated bar, MARS SNACKFOOD US, SNICKERS MARATHON Honey Nut Oat Bar",Snacks & Sweets,381.0,22.5,7.87,55.1,11.0,26.3,318.0,65
1599,"Formulated bar, POWER BAR, chocolate",Snacks & Sweets,1520.0,14.2,3.11,69.6,5.7,30.1,308.0,65
1600,"Formulated Bar, SOUTH BEACH protein bar",Snacks & Sweets,1720.0,30.3,15.2,38.4,7.3,15.2,436.0,65
1601,"Frankfurter, meatless",Other,233.0,19.6,13.7,7.7,3.9,0.0,471.0,70
1602,"Frijoles rojos volteados (Refried beans, red, canned)",Other,144.0,5.0,6.93,15.5,4.7,,375.0,60
1603,"Frog legs, raw",Other,73.0,16.4,0.3,0.0,0.0,0.0,58.0,60
1604,"Frozen novelties, KLONDIKE, SLIM-A-BEAR Fudge Bar, 98% fat free, no sugar added",Other,517.0,4.31,1.88,30.1,6.0,7.1,120.0,60
1605,"Frozen novelties, No Sugar Added CREAMSICLE Pops",Other,72.0,3.69,0.61,12.9,3.6,2.75,41.0,60
1606,"Frozen novelties, Sugar Free, CREAMSICLE Pops",Other,204.0,1.37,2.33,12.0,7.5,0.43,6.0,60
1607,"Fungi, Cloud ears, dried",Vegetables,284.0,9.25,0.73,73.0,70.1,,35.0,60
1608,"Game meat , bison, top sirloin, separable lean only, 1"" steak, cooked, broiled",Other,714.0,28.0,5.65,0.0,0.0,0.0,53.0,60
1609,"Game meat, antelope, cooked, roasted",Other,150.0,29.4,2.67,0.0,0.0,,54.0,60
1610,"Game meat, antelope, raw",Other,114.0,22.4,2.03,0.0,0.0,,51.0,60
1611,"Game meat, bear, cooked, simmered",Other,259.0,32.4,13.4,0.0,0.0,0.0,71.0,60
1612,"Game meat, bear, raw",Other,161.0,20.1,8.3,0.0,0.0,,,60
1613,"Game meat, beaver, cooked, roasted",Other,212.0,34.8,6.96,0.0,0.0,0.0,59.0,60
1614,"Game meat, beaver, raw",Other,146.0,24.0,4.8,0.0,0.0,,51.0,60
1615,"Game meat, beefalo, composite of cuts, cooked, roasted",Meat & Poultry,188.0,30.7,6.32,0.0,0.0,,82.0,60
1616,"Game meat, beefalo, composite of cuts, raw",Meat & Poultry,143.0,23.3,4.8,0.0,0.0,,78.0,60
1617,"Game meat, bison, chuck, shoulder clod, separable lean only, cooked, braised",Other,193.0,33.8,5.43,0.0,0.0,0.0,57.0,60
1618,"Game meat, bison, chuck, shoulder clod, separable lean only, raw",Other,496.0,21.1,3.15,0.0,0.0,0.0,62.0,60
1619,"Game meat, bison, ribeye, separable lean only, 1"" steak, cooked, broiled",Other,177.0,29.4,5.67,0.0,0.0,0.0,52.0,60
1620,"Game meat, bison, ribeye, separable lean only, trimmed to 0"" fat, raw",Other,116.0,22.1,2.4,0.0,,,48.0,60
1621,"Game meat, bison, separable lean only, cooked, roasted",Other,143.0,28.4,2.42,0.0,0.0,0.0,57.0,60
1622,"Game meat, bison, separable lean only, raw",Other,109.0,21.6,1.84,0.0,0.0,,54.0,60
1623,"Game meat, bison, shoulder clod, separable lean only, trimmed to 0"" fat, raw",Other,109.0,21.1,2.1,0.0,,,59.0,60
1624,"Game meat, bison, top round, separable lean only, 1"" steak, cooked, broiled",Other,726.0,30.2,4.96,0.0,0.0,0.0,41.0,60
1625,"Game meat, bison, top round, separable lean only, 1"" steak, raw",Other,508.0,23.3,2.43,0.0,0.0,0.0,47.0,60
1626,"Game meat, bison, top sirloin, separable lean only, trimmed to 0"" fat, raw",Other,113.0,21.4,2.4,0.0,,,51.0,60
1627,"Game meat, boar, wild, cooked, roasted",Other,160.0,28.3,4.38,0.0,0.0,0.0,60.0,60
1628,"Game meat, boar, wild, raw",Other,122.0,21.5,3.33,0.0,0.0,,,60
1629,"Game meat, buffalo, water, cooked, roasted",Other,131.0,26.8,1.8,0.0,0.0,,56.0,60
1630,"Game meat, buffalo, water, raw",Other,99.0,20.4,1.37,0.0,0.0,,53.0,60
1631,"Game meat, caribou, cooked, roasted",Other,167.0,29.8,4.42,0.0,0.0,0.0,60.0,60
1632,"Game meat, caribou, raw",Other,127.0,22.6,3.36,0.0,0.0,,57.0,60
1633,"Game meat, deer, cooked, roasted",Other,158.0,30.2,3.19,0.0,0.0,,54.0,60
1634,"Game meat, deer, ground, cooked, pan-broiled",Other,187.0,26.4,8.22,0.0,0.0,0.0,78.0,60
1635,"Game meat, deer, ground, raw",Other,658.0,21.8,7.13,0.0,0.0,0.0,75.0,60
1636,"Game meat, deer, loin, separable lean only, 1"" steak, cooked, broiled",Other,629.0,30.2,2.38,0.0,0.0,0.0,57.0,60
1637,"Game meat, deer, raw",Other,120.0,23.0,2.42,0.0,0.0,0.0,51.0,60
1638,"Game meat, deer, shoulder clod, separable lean only, cooked, braised",Other,191.0,36.3,3.95,0.0,0.0,0.0,52.0,60
1639,"Game meat, deer, tenderloin, separable lean only, cooked, broiled",Other,623.0,29.9,2.35,0.0,0.0,0.0,57.0,60
1640,"Game meat, deer, top round, separable lean only, 1"" steak, cooked, broiled",Other,152.0,31.5,1.92,0.0,0.0,0.0,45.0,60
1641,"Game meat, elk, cooked, roasted",Other,146.0,30.2,1.9,0.0,0.0,,61.0,60
1642,"Game meat, elk, ground, cooked, pan-broiled",Other,806.0,26.6,8.74,0.0,0.0,0.0,85.0,60
1643,"Game meat, elk, ground, raw",Other,172.0,21.8,8.82,0.0,0.0,0.0,79.0,60
1644,"Game meat, elk, loin, separable lean only, cooked, broiled",Other,167.0,31.0,3.84,0.0,0.0,0.0,54.0,60
1645,"Game meat, elk, raw",Other,111.0,23.0,1.45,0.0,0.0,,58.0,60
1646,"Game meat, elk, round, separable lean only, cooked, broiled",Other,652.0,30.9,2.64,0.0,0.0,0.0,51.0,60
1647,"Game meat, elk, tenderloin, separable lean only, cooked, broiled",Other,162.0,30.8,3.41,0.0,0.0,0.0,50.0,60
1648,"Game meat, goat, cooked, roasted",Other,599.0,27.1,3.03,0.0,0.0,0.0,86.0,60
1649,"Game meat, goat, raw",Other,109.0,20.6,2.31,0.0,0.0,,82.0,60
1650,"Game meat, horse, cooked, roasted",Other,175.0,28.1,6.05,0.0,0.0,,55.0,60
1651,"Game meat, horse, raw",Other,133.0,21.4,4.6,0.0,0.0,,53.0,60
1652,"Game meat, moose, cooked, roasted",Other,134.0,29.3,0.97,0.0,0.0,0.0,69.0,60
1653,"Game meat, moose, raw",Other,102.0,22.2,0.74,0.0,0.0,,65.0,60
1654,"Game meat, muskrat, cooked, roasted",Other,234.0,30.1,11.7,0.0,0.0,,95.0,60
1655,"Game meat, muskrat, raw",Other,162.0,20.8,8.1,0.0,0.0,,82.0,60
1656,"Game meat, opossum, cooked, roasted",Other,221.0,30.2,10.2,0.0,0.0,0.0,58.0,60
1657,"Game meat, rabbit, domesticated, composite of cuts, cooked, roasted",Other,197.0,29.1,8.05,0.0,0.0,,47.0,60
1658,"Game meat, rabbit, domesticated, composite of cuts, cooked, stewed",Other,206.0,30.4,8.41,0.0,0.0,0.0,37.0,60
1659,"Game meat, rabbit, domesticated, composite of cuts, raw",Other,136.0,20.0,5.55,0.0,0.0,,41.0,60
1660,"Game meat, rabbit, wild, cooked, stewed",Other,173.0,33.0,3.51,0.0,0.0,0.0,45.0,60
1661,"Game meat, rabbit, wild, raw",Other,114.0,21.8,2.32,0.0,0.0,,50.0,60
1662,"Game meat, raccoon, cooked, roasted",Other,1070.0,29.2,14.5,0.0,0.0,0.0,79.0,60
1663,"Game meat, squirrel, cooked, roasted",Other,173.0,30.8,4.69,0.0,0.0,0.0,119.0,60
1664,"Game meat, squirrel, raw",Other,120.0,21.2,3.21,0.0,0.0,,103.0,60
1665,"Gelatin desserts, dry mix, reduced calorie, with aspartame, no added sodium",Other,345.0,55.3,0.0,33.3,0.0,,158.0,60
1666,"Gelatins, dry powder, unsweetened",Other,1400.0,85.6,0.1,0.0,0.0,0.0,196.0,60
1667,"George Weston Bakeries, Brownberry Sage and Onion Stuffing Mix, dry",Other,1630.0,13.3,5.1,72.7,5.4,,1680.0,60
1668,"Goji berries, dried",Fruits,349.0,14.3,0.39,77.1,13.0,45.6,298.0,65
1669,"Goose, domesticated, meat only, cooked, roasted",Other,238.0,29.0,12.7,0.0,0.0,,76.0,60
1670,"Goose, domesticated, meat only, raw",Other,161.0,22.8,7.13,0.0,0.0,,87.0,60
1671,"Goose, liver, raw",Other,133.0,16.4,4.28,6.32,0.0,,140.0,60
1672,"Gooseberries, raw",Fruits,44.0,0.88,0.58,10.2,4.3,,1.0,65
1673,"Grape leaves, raw",Vegetables,93.0,5.6,2.12,17.3,11.0,6.3,9.0,65
1674,"Grapes, muscadine, raw",Fruits,57.0,0.81,0.47,13.9,3.9,,1.0,60
1675,"Gravy, instant turkey, dry",Other,1710.0,11.7,14.7,57.6,3.8,7.6,4090.0,60
1676,"Guava sauce, cooked",Fruits,36.0,0.32,0.14,9.48,3.6,5.88,4.0,65
1677,"Guavas, common, raw",Fruits,68.0,2.55,0.95,14.3,5.4,8.92,2.0,65
1678,"Guavas, strawberry, raw",Fruits,69.0,0.58,0.6,17.4,5.4,,37.0,65
1679,"Guinea hen, meat and skin, raw",Other,158.0,23.4,6.45,0.0,0.0,,67.0,60
1680,"Guinea hen, meat only, raw",Other,110.0,20.6,2.47,0.0,0.0,,69.0,60
1681,"Gums, seed gums (includes locust bean, guar)",Other,1390.0,4.6,0.5,77.3,77.3,0.0,125.0,60
1682,"Halibut, frozen, wild caught",Other,81.3,19.1,0.592,-0.0602,,,108.0,60
1683,"Hazelnuts, beaked (Northern Plains Indians)",Other,2630.0,14.9,53.0,23.0,9.8,,2.0,70
1684,"HORMEL ALWAYS TENDER, Boneless Pork Loin, Fresh Pork",Meat & Poultry,145.0,19.0,7.18,0.76,,0.08,358.0,60
1685,"HORMEL ALWAYS TENDER, Center Cut Chops, Fresh Pork",Meat & Poultry,167.0,18.7,9.62,0.84,,0.28,378.0,60
1686,"HORMEL ALWAYS TENDER, Pork Tenderloin, Teriyaki-Flavored",Meat & Poultry,119.0,18.2,3.07,4.63,,3.33,413.0,60
1687,"Horseradish, prepared",Other,201.0,1.18,0.69,11.3,3.3,7.99,420.0,65
1688,HOUSE FOODS Premium Firm Tofu,Other,85.0,10.9,4.19,0.97,0.9,0.4,33.0,60
1689,"Hummus, commercial",Other,237.0,7.78,17.8,15.0,5.5,0.62,426.0,60
1690,"Hummus, commercial",Other,229.0,7.35,17.1,13.9,5.4,0.34,438.0,60
1691,"Hummus, home prepared",Other,177.0,4.86,8.59,20.1,4.0,0.27,242.0,60
1692,"Hyacinth beans, mature seeds, raw",Other,344.0,23.9,1.69,60.7,25.6,,21.0,70
1693,"Hyacinth-beans, immature seeds, raw",Vegetables,46.0,2.1,0.2,9.19,3.3,4.08,2.0,65
1694,"Ice cream sandwich, vanilla, light, no sugar added",Dairy,837.0,5.71,2.86,42.9,7.1,6.58,164.0,60
1695,"Incaparina, dry mix (corn and soy flours), unprepared",Other,1590.0,21.8,5.58,60.5,9.9,,4.0,70
1696,"Jujube, Chinese, fresh, dried",Fruits,281.0,4.72,0.5,72.5,6.0,,5.0,65
1697,"Kale, cooked, boiled, drained, without salt",Vegetables,151.0,2.94,1.21,5.3,4.0,1.21,16.0,65
1698,"Kale, raw",Vegetables,35.0,2.92,1.49,4.42,4.1,0.99,53.0,65
1699,"Kale, raw",Vegetables,35.0,2.92,1.49,4.42,4.1,0.8,53.0,65
1700,"Kanpyo, (dried gourd strips)",Vegetables,258.0,8.58,0.56,65.0,9.8,,15.0,60
1701,"KFC, Fried Chicken, EXTRA CRISPY, Breast, meat only, skin and breading removed",Meat & Poultry,642.0,27.2,4.82,0.25,,,477.0,60
1702,"KFC, Fried Chicken, ORIGINAL RECIPE, Breast, meat only, skin and breading removed",Meat & Poultry,622.0,26.9,4.56,0.0,,,499.0,60
1703,"Khorasan, grain, dry, raw",Grains,348.0,14.8,2.8,71.8,10.5,,3.94,70
1704,"Kohlrabi, raw",Vegetables,27.0,1.7,0.1,6.2,3.6,2.6,20.0,65
1705,"Kumquats, raw",Fruits,296.0,1.88,0.86,15.9,6.5,9.36,10.0,65
1706,"Lamb, Australian, imported, fresh, composite of trimmed retail cuts, separable lean only, trimmed to 1/8"" fat, cooked",Other,201.0,26.7,9.63,0.0,,,80.0,60
1707,"Lamb, Australian, imported, fresh, composite of trimmed retail cuts, separable lean only, trimmed to 1/8"" fat, raw",Other,142.0,20.2,6.18,0.0,,,83.0,60
1708,"Lamb, Australian, imported, fresh, foreshank, separable lean only, trimmed to 1/8"" fat, cooked, braised",Other,165.0,27.5,5.22,0.0,,,100.0,60
1709,"Lamb, Australian, imported, fresh, foreshank, separable lean only, trimmed to 1/8"" fat, raw",Other,123.0,20.8,3.81,0.0,,,106.0,60
1710,"Lamb, Australian, imported, fresh, leg, bottom, boneless, separable lean only, trimmed to 1/8"" fat, cooked, roasted",Other,190.0,28.6,8.35,0.0,0.0,0.0,70.0,60
1711,"Lamb, Australian, imported, fresh, leg, bottom, boneless, separable lean only, trimmed to 1/8"" fat, raw",Other,570.0,22.3,5.24,0.0,0.0,0.0,83.0,60
1712,"Lamb, Australian, imported, fresh, leg, center slice, bone-in, separable lean only, trimmed to 1/8"" fat, cooked, broiled",Other,183.0,26.8,7.68,0.0,,,66.0,60
1713,"Lamb, Australian, imported, fresh, leg, center slice, bone-in, separable lean only, trimmed to 1/8"" fat, raw",Other,143.0,20.6,6.08,0.0,,,64.0,60
1714,"Lamb, Australian, imported, fresh, leg, hindshank, heel on, bone-in, separable lean and fat, trimmed to 1/8"" fat, cooked, braised",Other,204.0,29.5,9.5,0.0,0.0,0.0,84.0,60
1715,"Lamb, Australian, imported, fresh, leg, hindshank, heel on, bone-in, separable lean only, trimmed to 1/8"" fat, cooked, braised",Other,726.0,30.7,5.63,0.0,0.0,0.0,86.0,60
1716,"Lamb, Australian, imported, fresh, leg, hindshank, heel on, bone-in, separable lean only, trimmed to 1/8"" fat, raw",Other,122.0,22.5,3.53,0.0,0.0,0.0,93.0,60
1717,"Lamb, Australian, imported, fresh, leg, shank half, separable lean only, trimmed to 1/8"" fat, cooked, roasted",Other,182.0,27.2,7.27,0.0,,,69.0,60
1718,"Lamb, Australian, imported, fresh, leg, shank half, separable lean only, trimmed to 1/8"" fat, raw",Other,133.0,20.4,5.1,0.0,,,81.0,60
1719,"Lamb, Australian, imported, fresh, leg, sirloin chops, boneless, separable lean only, trimmed to 1/8"" fat, cooked, broiled",Other,188.0,27.6,7.8,0.0,,,66.0,60
1720,"Lamb, Australian, imported, fresh, leg, sirloin chops, boneless, separable lean only, trimmed to 1/8"" fat, raw",Other,132.0,20.4,4.91,0.0,,,64.0,60
1721,"Lamb, Australian, imported, fresh, leg, sirloin half, boneless, separable lean only, trimmed to 1/8"" fat, cooked, roasted",Other,215.0,27.8,10.6,0.0,,,83.0,60
1722,"Lamb, Australian, imported, fresh, leg, sirloin half, boneless, separable lean only, trimmed to 1/8"" fat, raw",Other,138.0,20.5,5.64,0.0,,,80.0,60
1723,"Lamb, Australian, imported, fresh, leg, trotter off, bone-in, separable lean and fat, trimmed to 1/8"" fat, raw",Other,734.0,22.0,9.73,0.0,0.0,0.0,75.0,60
1724,"Lamb, Australian, imported, fresh, leg, trotter off, bone-in, separable lean only, trimmed to 1/8"" fat, cooked, roasted",Other,215.0,32.1,9.59,0.0,0.0,0.0,80.0,60
1725,"Lamb, Australian, imported, fresh, leg, trotter off, bone-in, separable lean only, trimmed to 1/8"" fat, raw",Other,550.0,23.1,4.33,0.0,0.0,0.0,77.0,60
1726,"Lamb, Australian, imported, fresh, leg, whole (shank and sirloin), separable lean only, trimmed to 1/8"" fat, cooked, roasted",Other,190.0,27.3,8.1,0.0,,,72.0,60
1727,"Lamb, Australian, imported, fresh, leg, whole (shank and sirloin), separable lean only, trimmed to 1/8"" fat, raw",Other,135.0,20.5,5.23,0.0,,,81.0,60
1728,"Lamb, Australian, imported, fresh, loin, separable lean only, trimmed to 1/8"" fat, cooked, broiled",Other,192.0,26.5,8.75,0.0,,,80.0,60
1729,"Lamb, Australian, imported, fresh, loin, separable lean only, trimmed to 1/8"" fat, raw",Other,146.0,21.0,6.24,0.0,,,75.0,60
1730,"Lamb, Australian, imported, fresh, rack, roast, frenched, denuded, bone-in, separable lean and fat, trimmed to 0"" fat, cooked, roasted",Other,809.0,26.0,9.91,0.0,0.0,0.0,71.0,60
1731,"Lamb, Australian, imported, fresh, rack, roast, frenched, denuded, bone-in, separable lean only, trimmed to 0"" fat, cooked, roasted",Other,175.0,26.5,7.63,0.0,0.0,0.0,72.0,60
1732,"Lamb, Australian, imported, fresh, rib chop/rack roast, frenched, bone-in, separable lean only, trimmed to 1/8"" fat, raw",Other,613.0,24.1,5.59,0.0,0.0,0.0,71.0,60
1733,"Lamb, Australian, imported, fresh, shoulder, arm, separable lean only,   trimmed to 1/8"" fat, cooked, braised",Other,238.0,34.2,10.2,0.0,,,78.0,60
1734,"Lamb, Australian, imported, fresh, shoulder, arm, separable lean only, trimmed to 1/8"" fat, raw",Other,137.0,19.9,5.81,0.0,,,83.0,60
1735,"Lamb, Australian, imported, fresh, shoulder, blade, separable lean only, trimmed to 1/8"" fat, raw",Other,164.0,19.1,9.09,0.0,,,90.0,60
1736,"Lamb, Australian, imported, fresh, shoulder, whole (arm and blade), separable lean only,   trimmed to 1/8"" fat, raw",Other,155.0,19.4,8.01,0.0,,,88.0,60
1737,"Lamb, Australian, imported, fresh, tenderloin, boneless, separable lean and fat, trimmed to 1/8"" fat, cooked, roasted",Other,187.0,30.9,7.02,0.0,0.0,0.0,61.0,60
1738,"Lamb, Australian, imported, fresh, tenderloin, boneless, separable lean and fat, trimmed to 1/8"" fat, raw",Other,597.0,23.2,5.52,0.0,0.0,0.0,73.0,60
1739,"Lamb, Australian, imported, fresh, tenderloin, boneless, separable lean only, trimmed to 1/8"" fat, cooked, roasted",Other,771.0,31.0,6.71,0.0,0.0,0.0,61.0,60
1740,"Lamb, Australian, imported, fresh, tenderloin, boneless, separable lean only, trimmed to 1/8"" fat, raw",Other,136.0,23.4,4.73,0.0,0.0,0.0,73.0,60
1741,"Lamb, composite of trimmed retail cuts, separable lean only, trimmed to 1/4"" fat, choice, cooked",Other,206.0,28.2,9.52,0.0,0.0,,76.0,60
1742,"Lamb, composite of trimmed retail cuts, separable lean only, trimmed to 1/4"" fat, choice, raw",Other,134.0,20.3,5.25,0.0,0.0,,66.0,60
1743,"Lamb, cubed for stew or kabob (leg and shoulder), separable lean only, trimmed to 1/4"" fat, cooked, braised",Other,933.0,33.7,8.8,0.0,0.0,0.0,70.0,60
1744,"Lamb, cubed for stew or kabob (leg and shoulder), separable lean only, trimmed to 1/4"" fat, cooked, broiled",Other,186.0,28.1,7.33,0.0,0.0,,76.0,60
1745,"Lamb, cubed for stew or kabob (leg and shoulder), separable lean only, trimmed to 1/4"" fat, raw",Other,134.0,20.2,5.28,0.0,0.0,,65.0,60
1746,"Lamb, foreshank, separable lean only, trimmed to 1/4"" fat, choice, cooked, braised",Other,187.0,31.0,6.02,0.0,0.0,,74.0,60
1747,"Lamb, foreshank, separable lean only, trimmed to 1/4"" fat, choice, raw",Other,120.0,21.1,3.29,0.0,0.0,,79.0,60
1748,"Lamb, ground, raw",Other,242.0,17.5,18.6,-0.251,,,53.4,60
1749,"Lamb, leg, shank half, separable lean and fat, trimmed to 1/8"" fat, choice, cooked, roasted",Other,217.0,26.7,11.4,0.0,0.0,,65.0,60
1750,"Lamb, leg, shank half, separable lean and fat, trimmed to 1/8"" fat, choice, raw",Other,185.0,19.0,11.5,0.0,0.0,,58.0,60
1751,"Lamb, leg, shank half, separable lean only, trimmed to 1/4"" fat, choice, cooked, roasted",Other,180.0,28.2,6.67,0.0,0.0,,66.0,60
1752,"Lamb, leg, shank half, separable lean only, trimmed to 1/4"" fat, choice, raw",Other,125.0,20.5,4.19,0.0,0.0,,61.0,60
1753,"Lamb, leg, sirloin half, separable lean only, trimmed to 1/4"" fat, choice, cooked, roasted",Other,204.0,28.4,9.17,0.0,0.0,,71.0,60
1754,"Lamb, leg, sirloin half, separable lean only, trimmed to 1/4"" fat, choice, raw",Other,134.0,20.6,5.08,0.0,0.0,,64.0,60
1755,"Lamb, leg, whole (shank and sirloin), separable lean only, trimmed to 1/4"" fat, choice, cooked, roasted",Other,799.0,28.3,7.74,0.0,0.0,0.0,68.0,60
1756,"Lamb, leg, whole (shank and sirloin), separable lean only, trimmed to 1/4"" fat, choice, raw",Other,128.0,20.6,4.51,0.0,0.0,,62.0,60
1757,"Lamb, loin, separable lean only, trimmed to 1/4"" fat, choice, cooked, broiled",Other,904.0,30.0,9.73,0.0,0.0,0.0,84.0,60
1758,"Lamb, loin, separable lean only, trimmed to 1/4"" fat, choice, cooked, roasted",Other,202.0,26.6,9.76,0.0,0.0,,66.0,60
1759,"Lamb, loin, separable lean only, trimmed to 1/4"" fat, choice, raw",Other,143.0,20.9,5.94,0.0,0.0,,68.0,60
1760,"Lamb, New Zealand, imported, brains, cooked, soaked and fried",Other,154.0,14.0,10.9,0.0,0.0,0.0,101.0,60
1761,"Lamb, New Zealand, imported, brains, raw",Other,492.0,11.3,8.03,0.0,0.0,0.0,117.0,60
1762,"Lamb, New Zealand, imported, breast, separable lean only, raw",Other,624.0,18.3,7.98,1.02,0.0,0.0,107.0,60
1763,"Lamb, New Zealand, imported, chump, boneless, separable lean only, cooked, fast roasted",Other,142.0,23.7,5.27,0.0,0.0,0.0,61.0,60
1764,"Lamb, New Zealand, imported, chump, boneless, separable lean only, raw",Other,121.0,21.7,3.83,0.0,0.0,0.0,62.0,60
1765,"Lamb, New Zealand, imported, flap, boneless, separable lean only, raw",Other,180.0,21.7,10.3,0.0,0.0,0.0,87.0,60
1766,"Lamb, New Zealand, imported, fore-shank, separable lean and fat, raw",Other,766.0,20.1,11.4,0.09,0.0,0.0,76.0,60
1767,"Lamb, New Zealand, imported, fore-shank, separable lean only, cooked, braised",Other,209.0,33.3,8.4,0.0,0.0,0.0,77.0,60
1768,"Lamb, New Zealand, imported, fore-shank, separable lean only, raw",Other,511.0,22.0,3.77,0.0,0.0,0.0,82.0,60
1769,"Lamb, New Zealand, imported, frozen, composite of trimmed retail cuts, separable lean only, cooked",Other,206.0,29.6,8.86,0.0,0.0,,50.0,60
1770,"Lamb, New Zealand, imported, frozen, composite of trimmed retail cuts, separable lean only, raw",Other,128.0,20.8,4.41,0.0,0.0,,46.0,60
1771,"Lamb, New Zealand, imported, frozen, leg, whole (shank and sirloin), separable lean only, cooked, roasted",Other,181.0,27.7,7.01,0.0,0.0,,45.0,60
1772,"Lamb, New Zealand, imported, frozen, loin, separable lean only, cooked, broiled",Other,199.0,29.3,8.24,0.0,0.0,,55.0,60
1773,"Lamb, New Zealand, imported, ground lamb, cooked, braised",Other,192.0,22.6,11.3,0.0,0.0,0.0,34.0,60
1774,"Lamb, New Zealand, imported, ground lamb, raw",Other,807.0,20.3,12.4,0.0,0.0,0.0,57.0,60
1775,"Lamb, New Zealand, imported, heart, cooked, soaked and simmered",Other,161.0,26.3,6.21,0.0,0.0,0.0,67.0,60
1776,"Lamb, New Zealand, imported, heart, raw",Other,441.0,18.1,3.68,0.0,0.0,0.0,94.0,60
1777,"Lamb, New Zealand, imported, hind-shank, separable lean and fat, raw",Other,776.0,18.4,12.1,0.73,0.0,0.0,76.0,60
1778,"Lamb, New Zealand, imported, hind-shank, separable lean only, cooked, braised",Other,821.0,32.5,7.37,0.0,0.0,0.0,72.0,60
1779,"Lamb, New Zealand, imported, hind-shank, separable lean only, raw",Other,115.0,20.4,3.35,0.73,0.0,0.0,82.0,60
1780,"Lamb, New Zealand, imported, kidney, cooked, soaked and fried",Other,112.0,19.8,3.56,0.18,0.0,0.0,199.0,60
1781,"Lamb, New Zealand, imported, kidney, raw",Other,351.0,15.2,2.54,0.03,0.0,0.0,168.0,60
1782,"Lamb, New Zealand, imported, leg chop/steak, bone-in, separable lean and fat, cooked, fast fried",Other,212.0,24.3,12.8,0.04,0.0,0.0,65.0,60
1783,"Lamb, New Zealand, imported, leg chop/steak, bone-in, separable lean only, cooked, fast fried",Other,679.0,26.3,6.35,0.0,0.0,0.0,67.0,60
1784,"Lamb, New Zealand, imported, leg chop/steak, bone-in, separable lean only, raw",Other,126.0,21.1,4.64,0.0,0.0,0.0,64.0,60
1785,"Lamb, New Zealand, imported, liver, cooked, soaked and fried",Other,168.0,25.8,6.56,1.48,0.0,0.0,59.0,60
1786,"Lamb, New Zealand, imported, liver, raw",Other,569.0,20.7,4.92,2.22,0.0,0.0,59.0,60
1787,"Lamb, New Zealand, imported, loin chop, separable lean only, cooked, fast fried",Other,869.0,27.4,10.7,0.41,0.0,0.0,84.0,60
1788,"Lamb, New Zealand, imported, loin chop, separable lean only, raw",Other,142.0,20.0,6.88,0.0,0.0,0.0,77.0,60
1789,"Lamb, New Zealand, imported, loin saddle, separable lean only, cooked, fast roasted",Other,679.0,25.5,6.7,0.0,0.0,0.0,76.0,60
1790,"Lamb, New Zealand, imported, loin saddle, separable lean only, raw",Other,131.0,20.9,5.32,0.0,0.0,0.0,75.0,60
1791,"Lamb, New Zealand, imported, loin, boneless, separable lean and fat, cooked, fast roasted",Other,157.0,29.0,4.57,0.0,0.0,0.0,57.0,60
1792,"Lamb, New Zealand, imported, loin, boneless, separable lean and fat, raw",Other,509.0,21.4,3.99,0.0,0.0,0.0,60.0,60
1793,"Lamb, New Zealand, imported, loin, boneless, separable lean only, cooked, fast roasted",Other,654.0,29.0,4.49,0.0,0.0,0.0,57.0,60
1794,"Lamb, New Zealand, imported, loin, boneless, separable lean only, raw",Other,120.0,21.5,3.77,0.0,0.0,0.0,60.0,60
1795,"Lamb, New Zealand, imported, neck chops, separable lean only, raw",Other,632.0,19.8,7.97,0.0,0.0,0.0,81.0,60
1796,"Lamb, New Zealand, imported, netted shoulder, rolled, boneless, separable lean only, cooked, slow roasted",Other,831.0,25.1,10.9,0.0,0.0,0.0,65.0,60
1797,"Lamb, New Zealand, imported, netted shoulder, rolled, boneless, separable lean only, raw",Other,143.0,20.2,6.88,0.0,0.0,0.0,65.0,60
1798,"Lamb, New Zealand, imported, rack - fully frenched, separable lean and fat, cooked, fast roasted",Other,195.0,23.6,11.2,0.01,0.0,0.0,67.0,60
1799,"Lamb, New Zealand, imported, rack - fully frenched, separable lean and fat, raw",Other,709.0,19.9,9.96,0.05,0.0,0.0,62.0,60
1800,"Lamb, New Zealand, imported, rack - fully frenched, separable lean only, cooked, fast roasted",Other,724.0,24.4,8.38,0.0,0.0,0.0,67.0,60
1801,"Lamb, New Zealand, imported, rack - fully frenched, separable lean only, raw",Other,147.0,20.6,7.12,0.0,0.0,0.0,63.0,60
1802,"Lamb, New Zealand, imported, rack - partly frenched, separable lean only, cooked, fast roasted",Other,809.0,24.4,10.6,0.0,0.0,0.0,72.0,60
1803,"Lamb, New Zealand, imported, rack - partly frenched, separable lean only, raw",Other,160.0,20.6,8.61,0.0,0.0,0.0,67.0,60
1804,"Lamb, New Zealand, imported, square-cut shoulder chops, separable lean only, raw",Other,687.0,20.6,9.08,0.0,0.0,0.0,82.0,60
1805,"Lamb, New Zealand, imported, square-cut shoulder, separable lean only, cooked, slow roasted",Other,192.0,25.1,10.1,0.0,0.0,0.0,80.0,60
1806,"Lamb, New Zealand, imported, square-cut shoulder, separable lean only, raw",Other,643.0,19.7,8.3,0.0,0.0,0.0,73.0,60
1807,"Lamb, New Zealand, imported, sweetbread, cooked, soaked and simmered",Grains,144.0,21.1,6.61,0.0,0.0,0.0,52.0,60
1808,"Lamb, New Zealand, imported, sweetbread, raw",Grains,303.0,11.0,3.16,0.0,0.0,0.0,39.0,60
1809,"Lamb, New Zealand, imported, tenderloin, separable lean and fat, cooked, fast fried",Other,655.0,27.9,5.0,0.0,0.0,0.0,59.0,60
1810,"Lamb, New Zealand, imported, tenderloin, separable lean and fat, raw",Other,120.0,20.4,4.22,0.01,0.0,0.0,49.0,60
1811,"Lamb, New Zealand, imported, tenderloin, separable lean only, cooked, fast fried",Other,155.0,27.9,4.81,0.0,0.0,0.0,59.0,60
1812,"Lamb, New Zealand, imported, tenderloin, separable lean only, raw",Other,487.0,20.5,3.81,0.0,0.0,0.0,49.0,60
1813,"Lamb, New Zealand, imported, testes, cooked, soaked and fried",Other,125.0,21.0,4.56,0.0,0.0,0.0,118.0,60
1814,"Lamb, New Zealand, imported, testes, raw",Other,283.0,11.4,2.38,0.14,0.0,0.0,119.0,60
1815,"Lamb, New Zealand, imported, tunnel-boned leg, chump off, shank off, separable lean and fat, cooked, slow roasted",Other,208.0,23.4,12.7,0.03,0.0,0.0,61.0,60
1816,"Lamb, New Zealand, imported, tunnel-boned leg, chump off, shank off, separable lean and fat, raw",Other,504.0,20.9,4.09,0.0,,,60.0,60
1817,"Lamb, New Zealand, imported, tunnel-boned leg, chump off, shank off, separable lean only, cooked, slow roasted",Other,159.0,25.3,6.44,0.0,0.0,0.0,62.0,60
1818,"Lamb, New Zealand, imported, tunnel-boned leg, chump off, shank off, separable lean only, raw",Other,504.0,20.9,4.09,0.0,0.0,0.0,60.0,60
1819,"Lamb, rib, separable lean only, trimmed to 1/4"" fat, choice, cooked, broiled",Other,983.0,27.7,13.0,0.0,0.0,0.0,85.0,60
1820,"Lamb, rib, separable lean only, trimmed to 1/4"" fat, choice, cooked, roasted",Other,232.0,26.2,13.3,0.0,0.0,,81.0,60
1821,"Lamb, rib, separable lean only, trimmed to 1/4"" fat, choice, raw",Other,169.0,20.0,9.23,0.0,0.0,,72.0,60
1822,"Lamb, shoulder, arm, separable lean only, trimmed to 1/4"" fat, choice, cooked, broiled",Other,200.0,27.7,9.02,0.0,0.0,,82.0,60
1823,"Lamb, shoulder, arm, separable lean only, trimmed to 1/4"" fat, choice, cooked, roasted",Other,192.0,25.5,9.26,0.0,0.0,,67.0,60
1824,"Lamb, shoulder, arm, separable lean only, trimmed to 1/4"" fat, choice, raw",Other,132.0,20.0,5.2,0.0,0.0,,69.0,60
1825,"Lamb, shoulder, blade, separable lean only, trimmed to 1/4"" fat, choice, cooked, broiled",Other,211.0,25.5,11.3,0.0,0.0,,88.0,60
1826,"Lamb, shoulder, blade, separable lean only, trimmed to 1/4"" fat, choice, cooked, roasted",Other,209.0,24.6,11.6,0.0,0.0,,68.0,60
1827,"Lamb, shoulder, blade, separable lean only, trimmed to 1/4"" fat, choice, raw",Other,151.0,19.3,7.63,0.0,0.0,,70.0,60
1828,"Lamb, shoulder, whole (arm and blade), separable lean only, trimmed to 1/4"" fat, choice, cooked, broiled",Other,879.0,27.1,10.5,0.0,0.0,0.0,83.0,60
1829,"Lamb, shoulder, whole (arm and blade), separable lean only, trimmed to 1/4"" fat, choice, cooked, roasted",Other,854.0,24.9,10.8,0.0,0.0,0.0,68.0,60
1830,"Lamb, shoulder, whole (arm and blade), separable lean only, trimmed to 1/4"" fat, choice, raw",Other,602.0,19.6,6.76,0.0,0.0,0.0,70.0,60
1831,"Lamb, variety meats and by-products, brain, cooked, braised",Other,145.0,12.6,10.2,0.0,0.0,,134.0,65
1832,"Lamb, variety meats and by-products, brain, raw",Other,122.0,10.4,8.58,0.0,0.0,,112.0,65
1833,"Lamb, variety meats and by-products, heart, cooked, braised",Other,185.0,25.0,7.91,1.93,0.0,,63.0,60
1834,"Lamb, variety meats and by-products, heart, raw",Other,122.0,16.5,5.68,0.21,0.0,,89.0,60
1835,"Lamb, variety meats and by-products, kidneys, cooked, braised",Other,137.0,23.6,3.62,0.99,0.0,,151.0,65
1836,"Lamb, variety meats and by-products, kidneys, raw",Other,97.0,15.7,2.95,0.82,0.0,,156.0,65
1837,"Lamb, variety meats and by-products, liver, cooked, braised",Other,220.0,30.6,8.81,2.53,0.0,,56.0,60
1838,"Lamb, variety meats and by-products, liver, cooked, pan-fried",Other,238.0,25.5,12.6,3.78,0.0,,124.0,65
1839,"Lamb, variety meats and by-products, liver, raw",Other,139.0,20.4,5.02,1.78,0.0,,70.0,60
1840,"Lamb, variety meats and by-products, lungs, cooked, braised",Other,113.0,19.9,3.1,0.0,0.0,,84.0,65
1841,"Lamb, variety meats and by-products, lungs, raw",Other,95.0,16.7,2.6,0.0,0.0,,157.0,65
1842,"Lamb, variety meats and by-products, pancreas, raw",Other,152.0,14.8,9.82,0.0,0.0,,75.0,65
1843,"Lamb, variety meats and by-products, spleen, cooked, braised",Other,156.0,26.5,4.77,0.0,0.0,,58.0,65
1844,"Lamb, variety meats and by-products, spleen, raw",Other,101.0,17.2,3.1,0.0,0.0,,84.0,65
1845,"Lambsquarters, raw",Vegetables,43.0,4.2,0.8,7.3,4.0,,43.0,65
1846,"Lambsquarters, raw (Northern Plains Indians)",Other,47.0,4.21,0.28,6.96,6.3,,7.0,60
1847,"Lambsquarters, steamed (Northern Plains Indians)",Other,199.0,4.06,0.16,7.47,5.2,,4.0,60
1848,"LEAN POCKETS, Ham N Cheddar",Other,962.0,10.3,6.53,32.5,1.7,7.6,423.0,60
1849,"Leavening agents, yeast, baker's, active dry",Other,1360.0,40.4,7.61,41.2,26.9,0.0,51.0,70
1850,"Leavening agents, yeast, baker's, compressed",Other,105.0,8.4,1.9,18.1,8.1,0.0,30.0,60
1851,"Leeks, (bulb and lower-leaf portion), freeze-dried",Vegetables,321.0,15.2,2.1,74.6,10.4,,35.0,75
1852,"Lemon peel, raw",Fruits,47.0,1.5,0.3,16.0,10.6,4.17,6.0,65
1853,"Lentils, dry",Other,351.0,23.6,1.92,62.2,,,0.0,60
1854,"Lentils, mature seeds, cooked, boiled, with salt",Other,477.0,9.02,0.38,19.5,7.9,1.8,238.0,60
1855,"Lentils, mature seeds, cooked, boiled, without salt",Other,116.0,9.02,0.38,20.1,7.9,1.8,2.0,60
1856,"Lentils, pink or red, raw",Other,1500.0,23.9,2.17,63.1,10.8,,7.0,70
1857,"Lentils, raw",Other,352.0,24.6,1.06,63.4,10.7,2.03,6.0,70
1858,"Lima beans, immature seeds, canned, no salt added, solids and liquids",Vegetables,71.0,4.07,0.29,13.3,3.6,0.93,4.0,60
1859,"Lima beans, immature seeds, canned, regular pack, solids and liquids",Vegetables,71.0,4.07,0.29,13.3,3.6,,252.0,60
1860,"Lima beans, immature seeds, cooked, boiled, drained, with salt",Vegetables,123.0,6.81,0.32,23.6,5.3,1.63,253.0,65
1861,"Lima beans, immature seeds, cooked, boiled, drained, without salt",Vegetables,123.0,6.81,0.32,23.6,5.4,1.63,17.0,65
1862,"Lima beans, immature seeds, frozen, baby, cooked, boiled, drained, with salt",Vegetables,105.0,6.65,0.3,19.4,4.8,1.37,265.0,60
1863,"Lima beans, immature seeds, frozen, baby, cooked, boiled, drained, without salt",Vegetables,105.0,6.65,0.3,19.4,4.8,1.37,29.0,60
1864,"Lima beans, immature seeds, frozen, baby, unprepared",Vegetables,554.0,7.59,0.44,25.1,6.0,,52.0,60
1865,"Lima beans, immature seeds, frozen, fordhook, cooked, boiled, drained, with salt",Vegetables,429.0,6.07,0.34,19.3,5.3,1.34,289.0,65
1866,"Lima beans, immature seeds, frozen, fordhook, cooked, boiled, drained, without salt",Vegetables,429.0,6.07,0.34,19.3,5.3,1.34,69.0,65
1867,"Lima beans, immature seeds, frozen, fordhook, unprepared",Vegetables,106.0,6.4,0.35,19.8,5.5,1.39,58.0,65
1868,"Lima beans, immature seeds, raw",Vegetables,113.0,6.84,0.86,20.2,4.9,1.48,8.0,65
1869,"Lima beans, large, mature seeds, canned",Other,79.0,4.93,0.17,14.9,4.8,,336.0,60
1870,"Lima beans, large, mature seeds, cooked, boiled, with salt",Other,115.0,7.8,0.38,20.9,7.0,2.9,238.0,60
1871,"Lima beans, large, mature seeds, cooked, boiled, without salt",Other,115.0,7.8,0.38,20.9,7.0,2.9,2.0,60
1872,"Lima beans, large, mature seeds, raw",Other,1410.0,21.5,0.69,63.4,19.0,8.5,18.0,70
1873,"Lima beans, thin seeded (baby), mature seeds, cooked, boiled, with salt",Other,126.0,8.04,0.38,23.3,7.7,,239.0,60
1874,"Lima beans, thin seeded (baby), mature seeds, cooked, boiled, without salt",Other,126.0,8.04,0.38,23.3,7.7,,3.0,60
1875,"Lima beans, thin seeded (baby), mature seeds, raw",Other,335.0,20.6,0.93,62.8,20.6,8.32,13.0,70
1876,"LITTLE CAESARS 14"" Cheese Pizza, Large Deep Dish Crust",Dairy,1100.0,12.6,10.2,30.1,1.3,3.66,432.0,60
1877,"LITTLE CAESARS 14"" Original Round Cheese Pizza, Regular Crust",Dairy,265.0,13.4,9.54,31.5,1.7,4.02,454.0,60
1878,"LITTLE CAESARS 14"" Pepperoni Pizza, Large Deep Dish Crust",Other,265.0,12.9,10.8,29.0,1.5,3.39,492.0,60
1879,"Loganberries, frozen",Fruits,55.0,1.52,0.31,13.0,5.3,7.7,1.0,65
1880,"Lotus root, cooked, boiled, drained, with salt",Vegetables,278.0,1.58,0.07,16.0,3.1,,281.0,65
1881,"Lotus root, cooked, boiled, drained, without salt",Vegetables,278.0,1.58,0.07,16.0,3.1,0.5,45.0,65
1882,"Lotus root, raw",Vegetables,311.0,2.6,0.1,17.2,4.9,,40.0,65
1883,"Lupins, mature seeds, cooked, boiled, with salt",Other,487.0,15.6,2.92,9.29,2.8,,240.0,60
1884,"Lupins, mature seeds, cooked, boiled, without salt",Other,497.0,15.6,2.92,9.88,2.8,,4.0,60
1885,"Lupins, mature seeds, raw",Other,371.0,36.2,9.74,40.4,18.9,,15.0,70
1886,"Macaroni and cheese dinner with dry sauce mix, boxed, uncooked",Dairy,379.0,13.9,4.82,70.1,3.2,9.61,680.0,60
1887,"Macaroni, vegetable, enriched, cooked",Vegetables,128.0,4.53,0.11,26.6,4.3,1.15,6.0,60
1888,"Macaroni, vegetable, enriched, dry",Vegetables,367.0,13.1,1.04,74.9,4.3,,43.0,70
1889,"Mahi mahi, frozen, wild caught",Other,83.7,19.8,0.377,0.287,,,51.9,60
1890,"Mary's Gone Crackers, Original Crackers, Organic Gluten Free",Other,1870.0,12.1,15.6,64.3,16.2,1.0,587.0,60
1891,"McDONALD'S, Bacon Ranch Salad with Grilled Chicken",Meat & Poultry,81.0,10.3,3.14,3.64,1.0,1.73,230.0,65
1892,"McDONALD'S, BIG MAC",Other,1080.0,11.8,15.0,20.1,1.6,3.97,460.0,60
1893,"McDONALD'S, BIG MAC (without Big Mac Sauce)",Other,234.0,12.8,11.6,21.0,1.7,3.7,454.0,60
1894,"McDONALD'S, FILET-O-FISH",Seafood,1180.0,11.3,14.6,26.4,1.4,3.67,434.0,60
1895,"McDONALD'S, FILET-O-FISH (without tartar sauce)",Seafood,1020.0,12.5,7.62,31.1,1.0,4.27,464.0,60
1896,"McDONALD'S, french fries",Other,323.0,3.41,15.5,42.6,3.9,0.21,189.0,60
1897,"McDONALD'S, Hamburger",Other,1100.0,12.9,10.1,30.3,1.3,6.03,494.0,60
1898,"McDONALD'S, QUARTER POUNDER",Other,1020.0,14.1,11.6,22.2,1.6,5.13,427.0,60
1899,Meat extender,Other,1300.0,41.7,2.97,34.7,17.5,,10.0,70
1900,"Meatballs, meatless",Other,197.0,21.0,9.0,8.0,4.6,1.25,550.0,60
1901,Millet flour,Grains,1600.0,10.8,4.25,75.1,3.5,1.66,4.0,70
1902,"Millet, puffed",Other,1480.0,13.0,3.4,80.0,2.7,0.55,5.0,60
1903,"Millet, raw",Grains,378.0,11.0,4.22,72.8,8.5,,5.0,70
1904,Miso,Other,198.0,12.8,6.01,25.4,5.4,6.2,3730.0,60
1905,"Mollusks, abalone, mixed species, raw",Other,105.0,17.1,0.76,6.01,0.0,0.0,301.0,60
1906,"Mollusks, clam, mixed species, canned, drained solids",Other,142.0,24.2,1.59,5.9,0.0,0.0,112.0,60
1907,"Mollusks, clam, mixed species, cooked, breaded and fried",Grains,202.0,14.2,11.2,10.3,,,364.0,60
1908,"Mollusks, conch, baked or broiled",Other,544.0,26.3,1.2,1.7,0.0,0.0,153.0,60
1909,"Mollusks, cuttlefish, mixed species, raw",Seafood,79.0,16.2,0.7,0.82,0.0,,372.0,60
1910,"Mollusks, mussel, blue, cooked, moist heat",Other,172.0,23.8,4.48,7.39,0.0,,369.0,65
1911,"Mollusks, mussel, blue, raw",Other,86.0,11.9,2.24,3.69,0.0,0.0,286.0,60
1912,"Mollusks, octopus, common, cooked, moist heat",Other,164.0,29.8,2.08,4.4,0.0,0.0,460.0,60
1913,"Mollusks, octopus, common, raw",Other,82.0,14.9,1.04,2.2,0.0,0.0,230.0,60
1914,"Mollusks, oyster, eastern, wild, cooked, moist heat",Other,427.0,11.4,3.42,5.45,0.0,1.23,166.0,60
1915,"Mollusks, oyster, Pacific, cooked, moist heat",Other,163.0,18.9,4.6,9.9,0.0,0.0,212.0,65
1916,"Mollusks, scallop, mixed species, cooked, breaded and fried",Grains,902.0,18.1,10.9,10.1,,,464.0,60
1917,"Mollusks, scallop, mixed species, raw",Other,69.0,12.1,0.49,3.18,0.0,0.0,392.0,60
1918,"Mollusks, snail, raw",Other,90.0,16.1,1.4,2.0,0.0,0.0,70.0,60
1919,"Mollusks, squid, mixed species, cooked, fried",Other,175.0,17.9,7.48,7.79,0.0,,306.0,60
1920,"Mollusks, squid, mixed species, raw",Other,92.0,15.6,1.38,3.08,0.0,0.0,44.0,60
1921,"Mollusks, whelk, unspecified, cooked, moist heat",Other,275.0,47.7,0.8,15.5,0.0,,412.0,60
1922,"Mollusks, whelk, unspecified, raw",Other,137.0,23.8,0.4,7.76,0.0,0.0,206.0,60
1923,"Moose, liver, braised (Alaska Native)",Other,650.0,24.4,4.89,3.43,,,70.0,65
1924,"Moose, meat, raw (Alaska Native)",Other,430.0,22.3,1.5,0.0,0.0,0.0,65.0,60
1925,"Mothbeans, mature seeds, raw",Other,343.0,22.9,1.61,61.5,,,30.0,60
1926,"Muffins, English, plain, enriched, with ca prop (includes sourdough)",Other,951.0,8.87,1.69,44.2,3.5,3.53,425.0,60
1927,"Muffins, English, plain, toasted, enriched, with calcium propionate (includes sourdough)",Other,270.0,10.3,2.02,52.6,2.8,3.47,477.0,60
1928,"Muffins, English, wheat",Other,223.0,8.7,2.0,44.8,4.6,1.56,353.0,60
1929,"Muffins, English, whole-wheat",Other,203.0,8.8,2.1,40.4,6.7,8.09,364.0,60
1930,"Muffins, oat bran",Other,270.0,7.0,7.4,48.3,4.6,8.22,393.0,60
1931,"Mung beans, mature seeds, cooked, boiled, with salt",Other,441.0,7.02,0.38,19.2,7.6,2.0,238.0,60
1932,"Mung beans, mature seeds, cooked, boiled, without salt",Other,105.0,7.02,0.38,19.2,7.6,2.0,2.0,60
1933,"Mung beans, mature seeds, raw",Other,1450.0,23.9,1.15,62.6,16.3,6.6,15.0,70
1934,"Mungo beans, mature seeds, cooked, boiled, with salt",Other,105.0,7.54,0.55,18.3,6.4,2.01,243.0,60
1935,"Mungo beans, mature seeds, cooked, boiled, without salt",Other,105.0,7.54,0.55,18.3,6.4,2.01,7.0,60
1936,"Mungo beans, mature seeds, raw",Other,341.0,25.2,1.64,59.0,18.3,,38.0,70
1937,"Mushroom, beech",Vegetables,33.0,2.18,0.449,6.76,3.14,,0.891,60
1938,"Mushroom, king oyster",Vegetables,38.5,2.41,0.308,8.5,3.01,,0.771,60
1939,"Mushroom, lion's mane",Vegetables,35.1,2.5,0.256,7.59,4.38,,0.336,60
1940,"Mushroom, maitake",Vegetables,31.0,2.2,0.265,6.6,3.07,,0.345,60
1941,"Mushrooms, Chanterelle, raw",Vegetables,32.0,1.49,0.53,6.86,3.8,1.16,9.0,60
1942,"Mushrooms, shiitake",Vegetables,36.4,2.41,0.195,8.17,4.17,,0.936,60
1943,"Mushrooms, shiitake, dried",Vegetables,296.0,9.58,0.99,75.4,11.5,2.21,13.0,60
1944,"Mushrooms, shiitake, stir-fried",Vegetables,162.0,3.45,0.35,7.68,3.6,0.3,5.0,60
1945,"Mustard greens, frozen, unprepared",Vegetables,20.0,2.49,0.27,3.41,3.3,,29.0,65
1946,"Mustard greens, raw",Vegetables,27.0,2.86,0.42,4.67,3.2,1.32,20.0,65
1947,"Nance, frozen, unsweetened",Fruits,73.0,0.66,1.16,17.0,7.5,8.31,3.0,65
1948,Natto,Other,883.0,19.4,11.0,12.7,5.4,4.89,7.0,75
1949,"Noodles, egg, dry, enriched",Grains,1610.0,14.2,4.44,71.3,3.3,1.88,21.0,70
1950,"Noodles, egg, dry, unenriched",Grains,384.0,14.2,4.44,71.3,3.3,1.88,21.0,70
1951,"Noodles, egg, spinach, enriched, dry",Grains,382.0,14.6,4.55,70.3,6.8,,72.0,70
1952,"Noodles, flat, crunchy, Chinese restaurant",Grains,521.0,10.3,31.7,51.9,1.9,0.25,378.0,60
1953,"Noodles, japanese, somen, dry",Grains,356.0,11.4,0.81,74.1,4.3,,1840.0,60
1954,"Nuts, almond butter, plain, with salt added",Other,2570.0,21.0,55.5,18.8,10.3,6.27,227.0,60
1955,"Nuts, almond butter, plain, without salt added",Other,2570.0,21.0,55.5,18.8,10.3,4.43,7.0,70
1956,"Nuts, almonds",Other,579.0,21.2,49.9,21.6,12.5,4.35,1.0,70
1957,"Nuts, almonds, blanched",Other,590.0,21.4,52.5,18.7,9.9,4.63,19.0,70
1958,"Nuts, almonds, dry roasted, with salt added",Other,2500.0,21.0,52.5,21.0,10.9,4.86,234.0,70
1959,"Nuts, almonds, dry roasted, with salt added",Other,2590.0,20.4,57.8,16.2,11.0,4.17,256.0,70
1960,"Nuts, almonds, dry roasted, without salt added",Other,2500.0,21.0,52.5,21.0,10.9,4.86,3.0,70
1961,"Nuts, almonds, honey roasted, unblanched",Other,594.0,18.2,49.9,27.9,13.7,,130.0,70
1962,"Nuts, almonds, oil roasted, lightly salted",Other,607.0,21.2,55.2,17.7,10.5,4.55,143.0,70
1963,"Nuts, almonds, oil roasted, with salt added",Other,607.0,21.2,55.2,17.7,10.5,4.55,339.0,70
1964,"Nuts, almonds, oil roasted, with salt added, smoke flavor",Other,2540.0,21.4,55.9,17.9,10.7,3.57,548.0,60
1965,"Nuts, almonds, oil roasted, without salt added",Other,2540.0,21.2,55.2,17.7,10.5,4.55,1.0,70
1966,"Nuts, almonds, whole, raw",Other,584.0,21.5,51.1,20.0,10.8,,0.0,70
1967,"Nuts, brazilnuts, dried, unblanched",Other,2760.0,14.3,67.1,11.7,7.5,2.33,3.0,60
1968,"Nuts, brazilnuts, raw",Other,621.0,15.0,57.4,21.6,5.98,,0.0,70
1969,"Nuts, butternuts, dried",Other,612.0,24.9,57.0,12.0,4.7,,1.0,70
1970,"Nuts, cashew nuts, oil roasted, with salt added",Other,581.0,16.8,47.8,30.2,3.3,5.01,308.0,60
1971,"Nuts, cashew nuts, oil roasted, without salt added",Other,2430.0,16.8,47.8,29.9,3.3,5.01,13.0,60
1972,"Nuts, cashew nuts, raw",Other,533.0,17.4,38.9,36.3,4.1,,4.76,70
1973,"Nuts, cashew nuts, raw",Other,553.0,18.2,43.8,30.2,3.3,5.91,12.0,60
1974,"Nuts, chestnuts, european, dried, unpeeled",Other,374.0,6.39,4.45,77.3,11.7,,37.0,65
1975,"Nuts, chestnuts, european, raw, unpeeled",Other,213.0,2.42,2.26,45.5,8.1,,3.0,65
1976,"Nuts, chestnuts, european, roasted",Other,1020.0,3.17,2.2,53.0,5.1,10.6,2.0,65
1977,"Nuts, formulated, wheat-based, all flavors except macadamia, without salt",Other,647.0,13.1,62.3,20.8,5.2,,91.0,60
1978,"Nuts, ginkgo nuts, canned",Other,111.0,2.29,1.62,22.1,9.3,,307.0,60
1979,"Nuts, ginkgo nuts, dried",Other,348.0,10.4,2.0,72.4,,,13.0,65
1980,"Nuts, hazelnuts or filberts",Other,2630.0,15.0,60.8,16.7,9.7,4.34,0.0,70
1981,"Nuts, hazelnuts or filberts, blanched",Other,629.0,13.7,61.2,17.0,11.0,3.49,0.0,70
1982,"Nuts, hazelnuts or filberts, dry roasted, without salt added",Other,646.0,15.0,62.4,17.6,9.4,4.89,0.0,70
1983,"Nuts, hazelnuts or filberts, raw",Other,602.0,13.5,53.5,26.5,8.41,,0.0,70
1984,"Nuts, hickorynuts, dried",Other,657.0,12.7,64.4,18.2,6.4,,1.0,60
1985,"Nuts, macadamia nuts, raw",Other,669.0,7.79,64.9,24.1,7.56,,0.0,60
1986,"Nuts, mixed nuts, dry roasted, with peanuts, salt added, CHOSEN ROASTER",Other,2540.0,18.0,53.2,24.6,7.1,3.9,113.0,60
1987,"Nuts, mixed nuts, dry roasted, with peanuts, salt added, PLANTERS pistachio blend",Other,572.0,23.3,47.5,23.1,8.1,4.45,232.0,60
1988,"Nuts, mixed nuts, dry roasted, with peanuts, with salt added",Other,594.0,17.3,51.4,25.4,9.0,4.8,345.0,60
1989,"Nuts, mixed nuts, dry roasted, with peanuts, without salt added",Other,607.0,19.5,53.5,22.4,6.4,5.0,4.0,60
1990,"Nuts, mixed nuts, oil roasted, with peanuts, lightly salted",Other,607.0,20.0,54.0,21.0,7.0,4.15,161.0,60
1991,"Nuts, mixed nuts, oil roasted, with peanuts, with salt added",Other,607.0,20.0,54.0,21.0,7.0,4.15,273.0,60
1992,"Nuts, mixed nuts, oil roasted, with peanuts, without salt added",Other,607.0,20.0,54.0,21.0,7.0,4.15,5.0,60
1993,"Nuts, mixed nuts, oil roasted, without peanuts, lightly salted",Other,2540.0,17.9,50.0,25.0,7.1,5.21,143.0,60
1994,"Nuts, mixed nuts, oil roasted, without peanuts, with salt added",Other,615.0,15.5,56.2,22.3,5.5,4.38,306.0,60
1995,"Nuts, mixed nuts, oil roasted, without peanuts, without salt added",Other,615.0,15.5,56.2,22.3,5.5,,11.0,60
1996,"Nuts, pine nuts, dried",Other,673.0,13.7,68.4,13.1,3.7,3.59,2.0,70
1997,"Nuts, pine nuts, pinyon, dried",Other,629.0,11.6,61.0,19.3,10.7,,72.0,60
1998,"Nuts, pine nuts, raw",Other,643.0,15.7,61.3,18.6,3.94,,0.0,70
1999,"Nuts, pistachio nuts, dry roasted, with salt added",Other,2380.0,21.0,45.8,27.6,10.3,7.74,428.0,60
2000,"Nuts, pistachio nuts, dry roasted, without salt added",Other,572.0,21.0,45.8,28.3,10.3,7.74,6.0,60
2001,"Nuts, pistachio nuts, raw",Other,2340.0,20.2,45.3,27.2,10.6,7.66,1.0,60
2002,"Nuts, pistachio nuts, raw",Other,561.0,20.5,45.0,27.7,6.97,,0.0,70
2003,"Nuts, walnuts, black, dried",Other,619.0,24.1,59.3,9.58,6.8,1.1,2.0,70
2004,"Nuts, walnuts, english",Other,2740.0,15.2,65.2,13.7,6.7,2.61,2.0,60
2005,"Nuts, walnuts, English, halves, raw",Other,679.0,14.6,69.7,10.9,5.21,,0.0,60
2006,"Oat bran, raw",Grains,246.0,17.3,7.03,66.2,15.4,1.45,4.0,70
2007,"Oat flour, partially debranned",Grains,1690.0,14.7,9.12,65.7,6.5,0.8,19.0,70
2008,Oats (Includes foods for USDA's Food Distribution Program),Grains,389.0,16.9,6.9,66.3,10.6,,2.0,70
2009,"Oats, whole grain, rolled, old fashioned",Grains,379.0,13.5,5.89,68.7,9.7,,0.668,70
2010,"Oats, whole grain, steel cut",Grains,379.0,12.5,5.8,69.8,11.2,,0.311,70
2011,Octopus (Alaska Native),Other,236.0,12.3,0.8,0.0,,,,60
2012,"Okra, raw",Vegetables,33.0,1.93,0.19,7.45,3.2,1.48,7.0,65
2013,"ON THE BORDER, refried beans",Other,604.0,7.3,5.0,17.5,8.2,0.84,378.0,60
2014,"Oopah (tunicate), whole animal (Alaska Native)",Other,67.0,11.7,2.2,0.0,,,,60
2015,"Orange peel, raw",Fruits,97.0,1.5,0.2,25.0,10.6,,3.0,65
2016,"Oranges, raw, with peel",Fruits,63.0,1.3,0.3,15.5,4.5,,2.0,65
2017,"Ostrich, fan, raw",Other,117.0,21.8,2.65,0.0,0.0,0.0,75.0,60
2018,"Ostrich, ground, cooked, pan-broiled",Other,734.0,26.2,7.07,0.0,0.0,0.0,80.0,60
2019,"Ostrich, ground, raw",Other,165.0,20.2,8.7,0.0,0.0,0.0,72.0,60
2020,"Ostrich, inside leg, cooked",Other,141.0,29.0,1.94,0.0,0.0,0.0,83.0,60
2021,"Ostrich, inside leg, raw",Other,465.0,22.4,1.72,0.0,0.0,0.0,72.0,60
2022,"Ostrich, inside strip, cooked",Other,685.0,29.4,4.26,0.0,0.0,0.0,73.0,60
2023,"Ostrich, inside strip, raw",Other,127.0,23.7,2.87,0.0,0.0,0.0,76.0,60
2024,"Ostrich, outside leg, raw",Other,115.0,22.9,1.96,0.0,0.0,0.0,90.0,60
2025,"Ostrich, outside strip, cooked",Other,156.0,28.6,3.83,0.0,0.0,0.0,72.0,60
2026,"Ostrich, outside strip, raw",Other,501.0,23.4,2.21,0.0,0.0,0.0,70.0,60
2027,"Ostrich, oyster, cooked",Other,159.0,28.8,3.97,0.0,0.0,0.0,81.0,60
2028,"Ostrich, oyster, raw",Other,524.0,21.6,3.67,0.0,0.0,0.0,83.0,60
2029,"Ostrich, round, raw",Other,483.0,22.0,2.4,0.0,0.0,0.0,72.0,60
2030,"Ostrich, tenderloin, raw",Other,123.0,22.1,3.19,0.0,0.0,0.0,86.0,60
2031,"Ostrich, tip trimmed, cooked",Other,145.0,28.5,2.57,0.0,0.0,0.0,80.0,60
2032,"Ostrich, tip trimmed, raw",Other,477.0,21.8,2.3,0.0,0.0,0.0,67.0,60
2033,"Ostrich, top loin, cooked",Other,648.0,28.1,3.87,0.0,0.0,0.0,77.0,60
2034,"Ostrich, top loin, raw",Other,498.0,21.7,2.95,0.0,0.0,0.0,81.0,60
2035,"Owl, horned, flesh, raw (Alaska Native)",Other,136.0,22.7,5.0,0.0,,,,60
2036,"Pancakes, buckwheat, dry mix, incomplete",Other,340.0,10.9,2.7,71.3,8.5,7.21,684.0,60
2037,"Pancakes, whole wheat, dry mix, incomplete",Other,350.0,10.5,1.32,74.1,7.9,10.5,1630.0,60
2038,Papad,Other,371.0,25.6,3.25,59.9,18.6,0.0,1740.0,60
2039,"Parsley, freeze-dried",Vegetables,1130.0,31.3,5.2,42.4,32.7,,391.0,75
2040,"Parsley, fresh",Vegetables,151.0,2.97,0.79,6.33,3.3,0.85,56.0,65
2041,"Parsnips, cooked, boiled, drained, with salt",Vegetables,71.0,1.32,0.3,17.0,4.0,4.8,246.0,65
2042,"Parsnips, cooked, boiled, drained, without salt",Vegetables,71.0,1.32,0.3,17.0,3.6,4.8,10.0,65
2043,"Parsnips, raw",Vegetables,314.0,1.2,0.3,18.0,4.9,4.8,10.0,65
2044,"Parsnips, raw",Vegetables,87.1,1.27,0.538,19.3,5.35,10.5,0.491,65
2045,"Passion-fruit, (granadilla), purple, raw",Fruits,97.0,2.2,0.7,23.4,10.4,11.2,28.0,65
2046,"Pasta, dry, enriched",Grains,371.0,13.0,1.51,74.7,3.2,2.67,6.0,70
2047,"Pasta, dry, unenriched",Grains,371.0,13.0,1.51,74.7,3.2,2.67,6.0,70
2048,"Pasta, fresh-refrigerated, plain, as purchased",Grains,288.0,11.3,2.3,54.7,,,26.0,60
2049,"Pasta, fresh-refrigerated, spinach, as purchased",Grains,289.0,11.3,2.1,55.7,,,27.0,60
2050,"Pasta, gluten-free, corn flour and quinoa flour, cooked, ANCIENT HARVEST",Grains,152.0,3.23,2.07,31.1,3.3,0.3,4.0,60
2051,"Pasta, gluten-free, corn, cooked",Grains,126.0,2.63,0.73,27.9,4.8,,0.0,60
2052,"Pasta, gluten-free, corn, dry",Grains,357.0,7.46,2.08,79.3,11.0,,3.0,60
2053,"Pasta, whole grain, 51% whole wheat, remaining enriched semolina, cooked (Includes foods for USDA's Food Distribution Program)",Grains,652.0,5.67,1.48,30.9,4.5,0.65,4.0,60
2054,"Pasta, whole grain, 51% whole wheat, remaining enriched semolina, dry (Includes foods for USDA's Food Distribution Program)",Grains,361.0,13.2,2.55,73.3,11.3,2.2,12.0,70
2055,"Pasta, whole grain, 51% whole wheat, remaining unenriched semolina, cooked",Grains,159.0,5.82,1.5,31.5,4.6,0.85,6.0,60
2056,"Pasta, whole grain, 51% whole wheat, remaining unenriched semolina, dry",Grains,1520.0,13.5,2.68,73.1,10.1,2.6,11.0,70
2057,"Pasta, whole-wheat, cooked (Includes foods for USDA's Food Distribution Program)",Grains,625.0,5.99,1.71,30.1,3.9,0.75,4.0,60
2058,"Pasta, whole-wheat, dry (Includes foods for USDA's Food Distribution Program)",Grains,352.0,13.9,2.93,73.4,9.2,2.74,6.0,70
2059,"Pate, chicken liver, canned",Meat & Poultry,201.0,13.4,13.1,6.55,0.0,0.0,386.0,60
2060,"Peanut butter with omega-3, creamy",Other,608.0,24.5,54.2,17.0,6.1,3.11,356.0,60
2061,"Peanut butter, chunk style, with salt",Other,2460.0,24.1,49.9,21.6,8.0,8.41,486.0,60
2062,"Peanut butter, chunk style, without salt",Other,2460.0,24.1,49.9,21.6,8.0,8.41,17.0,60
2063,"Peanut butter, chunky, vitamin and mineral fortified",Other,593.0,26.1,51.5,17.7,5.7,10.9,366.0,60
2064,"Peanut butter, creamy",Other,589.0,24.0,49.4,22.7,6.32,,221.0,60
2065,"Peanut butter, reduced sodium",Other,590.0,24.0,49.9,21.8,6.6,9.29,203.0,60
2066,"Peanut Butter, smooth (Includes foods for USDA's Food Distribution Program)",Other,2460.0,21.9,49.5,24.0,5.7,6.5,476.0,60
2067,"Peanut butter, smooth style, with salt (Includes foods for USDA's Food Distribution Program)",Other,598.0,22.2,51.4,22.3,5.0,10.5,426.0,60
2068,"Peanut butter, smooth style, without salt",Other,598.0,22.2,51.4,22.3,5.0,10.5,17.0,60
2069,"Peanut butter, smooth, vitamin and mineral fortified",Other,2470.0,25.7,50.8,18.8,5.6,10.5,420.0,60
2070,"Peanut flour, defatted",Other,1370.0,52.2,0.55,34.7,15.8,8.22,180.0,70
2071,"Peanut flour, low fat",Other,1790.0,33.8,21.9,31.3,15.8,,1.0,70
2072,"Peanut spread, reduced sugar",Other,650.0,24.8,54.9,14.2,7.8,6.35,292.0,60
2073,"Peanuts, all types, cooked, boiled, with salt",Other,1330.0,13.5,22.0,21.3,8.8,2.47,751.0,60
2074,"Peanuts, all types, dry-roasted, with salt",Other,2460.0,24.4,49.7,21.3,8.4,4.9,410.0,60
2075,"Peanuts, all types, dry-roasted, without salt",Other,587.0,24.4,49.7,21.3,8.4,4.9,6.0,60
2076,"Peanuts, all types, oil-roasted, with salt",Other,599.0,28.0,52.5,15.3,9.4,4.18,320.0,60
2077,"Peanuts, all types, oil-roasted, without salt",Other,599.0,28.0,52.5,15.3,9.4,4.18,6.0,60
2078,"Peanuts, all types, raw",Other,567.0,25.8,49.2,16.1,8.5,4.72,18.0,60
2079,"Peanuts, raw",Other,551.0,23.2,43.3,26.5,8.01,,1.49,70
2080,"Peanuts, spanish, oil-roasted, with salt",Other,579.0,28.0,49.0,17.4,8.9,,433.0,60
2081,"Peanuts, spanish, oil-roasted, without salt",Other,579.0,28.0,49.0,17.4,8.9,,6.0,60
2082,"Peanuts, spanish, raw",Other,2390.0,26.2,49.6,15.8,9.5,,22.0,60
2083,"Peanuts, valencia, oil-roasted, without salt",Other,589.0,27.0,51.2,16.3,8.9,,6.0,60
2084,"Peanuts, valencia, raw",Other,570.0,25.1,47.6,20.9,8.7,,1.0,60
2085,"Peanuts, virginia, oil-roasted, with salt",Other,578.0,25.9,48.6,19.9,8.9,,433.0,60
2086,"Peanuts, virginia, oil-roasted, without salt",Other,578.0,25.9,48.6,19.9,8.9,,6.0,60
2087,"Peanuts, virginia, raw",Other,563.0,25.2,48.8,16.5,8.5,3.95,10.0,60
2088,"Pears, asian, raw",Fruits,42.0,0.5,0.23,10.6,3.6,7.05,0.0,60
2089,"Pears, dried, sulfured, stewed, with added sugar",Fruits,140.0,0.86,0.29,37.1,5.8,,3.0,60
2090,"Pears, raw",Fruits,239.0,0.36,0.14,15.2,3.1,9.75,1.0,60
2091,"Pears, raw, bartlett (Includes foods for USDA's Food Distribution Program)",Fruits,63.0,0.39,0.16,15.0,3.1,9.69,1.0,60
2092,"Pears, raw, bosc (Includes foods for USDA's Food Distribution Program)",Fruits,67.0,0.36,0.09,16.1,3.1,10.2,1.0,60
2093,"Pears, raw, green anjou (Includes foods for USDA's Food Distribution Program)",Fruits,275.0,0.44,0.1,15.8,3.1,9.73,1.0,60
2094,"Peas and carrots, canned, no salt added, solids and liquids",Vegetables,38.0,2.17,0.27,8.48,3.3,2.83,4.0,60
2095,"Peas and carrots, frozen, cooked, boiled, drained, with salt",Vegetables,201.0,3.09,0.42,10.1,3.1,4.36,304.0,60
2096,"Peas and carrots, frozen, cooked, boiled, drained, without salt",Vegetables,48.0,3.09,0.42,10.1,3.1,4.36,68.0,60
2097,"Peas and carrots, frozen, unprepared",Vegetables,53.0,3.4,0.47,11.2,3.4,,79.0,65
2098,"Peas and onions, frozen, unprepared",Vegetables,70.0,3.98,0.32,13.5,3.5,,61.0,65
2099,"Peas, edible-podded, frozen, cooked, boiled, drained, with salt",Vegetables,208.0,3.5,0.38,8.43,3.1,4.82,241.0,65
2100,"Peas, edible-podded, frozen, cooked, boiled, drained, without salt",Vegetables,218.0,3.5,0.38,9.02,3.1,4.82,5.0,65
2101,"Peas, edible-podded, frozen, unprepared",Vegetables,42.0,2.8,0.3,7.2,3.1,,4.0,65
2102,"Peas, green (includes baby and lesuer types), canned, drained solids, unprepared",Vegetables,68.0,4.47,0.8,11.4,4.9,2.99,273.0,60
2103,"Peas, green, canned, no salt added, drained solids",Vegetables,69.0,4.42,0.35,12.6,4.1,4.16,2.0,60
2104,"Peas, green, canned, no salt added, solids and liquids",Vegetables,222.0,3.19,0.3,9.75,3.3,3.2,9.0,60
2105,"Peas, green, canned, regular pack, solids and liquids",Vegetables,241.0,3.01,0.48,10.6,3.3,3.2,185.0,60
2106,"Peas, green, cooked, boiled, drained, with salt",Vegetables,84.0,5.36,0.22,15.6,5.5,5.93,239.0,65
2107,"Peas, green, cooked, boiled, drained, without salt",Vegetables,352.0,5.36,0.22,15.6,5.5,5.93,3.0,65
2108,"Peas, green, frozen, cooked, boiled, drained, with salt",Vegetables,326.0,5.15,0.27,14.3,4.5,4.4,323.0,60
2109,"Peas, green, frozen, cooked, boiled, drained, without salt",Vegetables,326.0,5.15,0.27,14.3,4.5,4.4,72.0,60
2110,"Peas, green, frozen, unprepared (Includes foods for USDA's Food Distribution Program)",Vegetables,322.0,5.22,0.4,13.6,4.5,5.0,108.0,65
2111,"Peas, green, raw",Vegetables,81.0,5.42,0.4,14.4,5.7,5.67,5.0,65
2112,"Peas, green, split, mature seeds, raw",Other,364.0,23.1,3.89,61.6,22.2,3.14,5.0,70
2113,"Peas, split, mature seeds, cooked, boiled, with salt",Other,484.0,8.34,0.39,20.5,8.3,2.9,238.0,60
2114,"Peas, split, mature seeds, cooked, boiled, without salt",Other,118.0,8.34,0.39,21.1,8.3,2.9,2.0,60
2115,"Pectin, unsweetened, dry mix",Other,325.0,0.3,0.3,90.4,8.6,,200.0,60
2116,"Pepper, banana, raw",Vegetables,113.0,1.66,0.45,5.35,3.4,1.95,13.0,65
2117,"Pepperidge Farm, Goldfish, Baked Snack Crackers, Parmesan",Seafood,1920.0,11.2,17.3,64.7,3.5,0.83,1190.0,60
2118,"Peppermint, fresh",Other,70.0,3.75,0.94,14.9,8.0,,31.0,65
2119,"Peppers, ancho, dried",Vegetables,1180.0,11.9,8.2,51.4,21.6,,43.0,70
2120,"Peppers, hot chile, sun-dried",Vegetables,1360.0,10.6,5.81,69.9,28.7,41.1,91.0,65
2121,"Peppers, pasilla, dried",Vegetables,345.0,12.4,15.8,51.1,26.8,,89.0,70
2122,"Peppers, serrano, raw",Vegetables,134.0,1.74,0.44,6.7,3.7,3.83,10.0,65
2123,"Peppers, sweet, red, freeze-dried",Vegetables,1310.0,17.9,3.0,68.7,21.3,40.8,193.0,65
2124,"Persimmons, japanese, dried",Fruits,274.0,1.38,0.59,73.4,14.5,,2.0,60
2125,"Persimmons, japanese, raw",Fruits,70.0,0.58,0.19,18.6,3.6,12.5,1.0,60
2126,"Pheasant, breast, meat only, raw",Other,133.0,24.4,3.25,0.0,0.0,,33.0,60
2127,"Pheasant, cooked, total edible",Other,998.0,32.4,12.1,0.0,0.0,0.0,43.0,60
2128,"Pheasant, leg, meat only, raw",Other,134.0,22.2,4.3,0.0,0.0,,45.0,60
2129,"Pheasant, raw, meat and skin",Other,181.0,22.7,9.29,0.0,0.0,,40.0,60
2130,"Pheasant, raw, meat only",Other,133.0,23.6,3.64,0.0,0.0,,37.0,60
2131,"Pigeon peas (red gram), mature seeds, cooked, boiled, with salt",Other,121.0,6.76,0.38,23.2,6.7,,241.0,60
2132,"Pigeon peas (red gram), mature seeds, cooked, boiled, without salt",Other,121.0,6.76,0.38,23.2,6.7,,5.0,60
2133,"Pigeon peas (red gram), mature seeds, raw",Other,343.0,21.7,1.49,62.8,15.0,,17.0,70
2134,"Pigeonpeas, immature seeds, cooked, boiled, drained, with salt",Vegetables,111.0,5.96,1.36,19.5,4.2,2.48,240.0,65
2135,"Pigeonpeas, immature seeds, cooked, boiled, drained, without salt",Vegetables,464.0,5.96,1.36,19.5,4.2,2.48,5.0,65
2136,"Pigeonpeas, immature seeds, raw",Vegetables,136.0,7.2,1.64,23.9,5.1,3.0,5.0,65
2137,"Piki bread, made from blue cornmeal (Hopi)",Grains,390.0,9.06,7.16,72.2,9.2,1.6,60.0,60
2138,"Pinon Nuts, roasted (Navajo)",Other,2260.0,7.41,34.1,51.1,43.4,,310.0,60
2139,"Pizza, cheese topping, regular crust, frozen, cooked",Dairy,1120.0,10.4,12.3,29.0,2.2,3.57,447.0,60
2140,"Plantains, green, fried",Fruits,309.0,1.5,11.8,49.2,3.5,3.63,2.0,60
2141,"Plums, dried (prunes), stewed, with added sugar",Fruits,124.0,1.09,0.22,32.9,3.8,,2.0,60
2142,"Plums, wild (Northern Plains Indians)",Other,91.0,0.43,0.17,22.0,6.0,10.6,4.0,65
2143,"Pomegranates, raw",Fruits,83.0,1.67,1.17,18.7,4.0,13.7,3.0,65
2144,"Popcorn, microwave, low fat and sodium",Snacks & Sweets,429.0,12.6,9.5,73.4,14.2,0.54,490.0,70
2145,"POPEYES, Fried Chicken, Mild, Drumstick, meat only, skin and breading removed",Meat & Poultry,170.0,26.5,7.14,0.04,,,478.0,60
2146,"Pork loin, fresh, backribs, bone-in, raw, lean only",Meat & Poultry,172.0,20.8,9.84,0.0,0.0,0.0,95.0,60
2147,"Pork, belly, with skin, raw",Meat & Poultry,385.0,15.2,35.8,-0.705,,,49.7,60
2148,"Pork, chop, center cut, raw",Meat & Poultry,145.0,22.8,5.48,-0.562,,,39.3,60
2149,"Pork, fresh, blade, (chops), boneless, separable lean and fat, cooked, broiled",Meat & Poultry,202.0,24.7,11.1,0.83,0.0,0.0,58.0,60
2150,"Pork, fresh, composite of trimmed leg, loin, shoulder, and spareribs, (includes cuts to be cured), separable lean and fat, raw",Meat & Poultry,211.0,18.2,14.8,0.0,0.0,0.0,57.0,60
2151,"Pork, fresh, composite of trimmed retail cuts (leg, loin, and shoulder), separable lean only, cooked",Meat & Poultry,201.0,27.5,9.21,0.0,0.0,0.0,55.0,60
2152,"Pork, fresh, composite of trimmed retail cuts (leg, loin, shoulder), separable lean only, raw",Meat & Poultry,562.0,21.2,4.86,0.0,0.0,0.0,59.0,60
2153,"Pork, fresh, composite of trimmed retail cuts (leg, loin, shoulder, and spareribs), separable lean and fat, cooked",Meat & Poultry,238.0,26.4,13.9,0.0,0.0,0.0,57.0,60
2154,"Pork, fresh, composite of trimmed retail cuts (loin and shoulder blade), separable lean and fat, cooked",Meat & Poultry,981.0,26.1,13.7,0.0,0.0,0.0,55.0,60
2155,"Pork, fresh, composite of trimmed retail cuts (loin and shoulder blade), separable lean and fat, raw",Meat & Poultry,177.0,20.1,10.1,0.0,0.0,0.0,54.0,60
2156,"Pork, fresh, composite of trimmed retail cuts (loin and shoulder blade), separable lean only, cooked",Meat & Poultry,211.0,29.5,9.44,0.0,0.0,,57.0,60
2157,"Pork, fresh, composite of trimmed retail cuts (loin and shoulder blade), separable lean only, raw",Meat & Poultry,144.0,21.2,5.88,0.0,0.0,,54.0,60
2158,"Pork, fresh, enhanced, loin, tenderloin, separable lean only, raw",Meat & Poultry,443.0,20.4,2.09,0.0,0.0,0.0,243.0,60
2159,"Pork, fresh, leg (ham), rump half, separable lean and fat, cooked, roasted",Meat & Poultry,873.0,27.0,10.3,0.0,0.0,0.0,77.0,60
2160,"Pork, fresh, leg (ham), rump half, separable lean and fat, raw",Meat & Poultry,763.0,20.3,10.6,0.0,0.0,0.0,73.0,60
2161,"Pork, fresh, leg (ham), rump half, separable lean only, cooked, roasted",Meat & Poultry,690.0,28.9,4.62,0.0,0.0,0.0,80.0,60
2162,"Pork, fresh, leg (ham), rump half, separable lean only, raw (Includes foods for USDA's Food Distribution Program)",Meat & Poultry,120.0,21.8,2.93,0.0,0.0,0.0,76.0,60
2163,"Pork, fresh, leg (ham), shank half, separable lean and fat, cooked, roasted",Meat & Poultry,970.0,26.0,13.4,0.0,0.0,0.0,81.0,60
2164,"Pork, fresh, leg (ham), shank half, separable lean and fat, raw",Meat & Poultry,193.0,19.9,12.0,0.0,0.0,0.0,84.0,60
2165,"Pork, fresh, leg (ham), shank half, separable lean only, cooked, roasted",Meat & Poultry,733.0,28.7,5.83,0.0,0.0,0.0,84.0,60
2166,"Pork, fresh, leg (ham), shank half, separable lean only, raw",Meat & Poultry,119.0,21.7,2.95,0.0,0.0,0.0,90.0,60
2167,"Pork, fresh, leg (ham), whole, separable lean only, cooked, roasted",Meat & Poultry,211.0,29.4,9.44,0.0,0.0,0.0,64.0,60
2168,"Pork, fresh, leg (ham), whole, separable lean only, raw",Meat & Poultry,136.0,20.5,5.41,0.0,0.0,0.0,55.0,60
2169,"Pork, fresh, loin, blade (chops or roasts), bone-in, separable lean and fat, raw",Meat & Poultry,194.0,19.6,12.3,0.0,0.0,0.0,69.0,60
2170,"Pork, fresh, loin, blade (chops or roasts), bone-in, separable lean only, raw",Meat & Poultry,143.0,21.2,5.84,0.0,0.0,0.0,73.0,60
2171,"Pork, fresh, loin, blade (chops or roasts), boneless, separable lean and fat only, raw",Meat & Poultry,656.0,20.5,7.94,0.76,0.0,0.0,64.0,60
2172,"Pork, fresh, loin, blade (chops or roasts), boneless, separable lean only, raw",Meat & Poultry,513.0,21.4,3.78,0.82,0.0,0.0,65.0,60
2173,"Pork, fresh, loin, blade (chops), bone-in, separable lean and fat, cooked, braised",Meat & Poultry,1070.0,26.5,15.7,0.0,0.0,0.0,69.0,60
2174,"Pork, fresh, loin, blade (chops), bone-in, separable lean and fat, cooked, broiled",Meat & Poultry,231.0,23.7,14.4,0.0,0.0,0.0,74.0,60
2175,"Pork, fresh, loin, blade (chops), bone-in, separable lean and fat, cooked, pan-fried",Meat & Poultry,256.0,25.0,16.6,0.0,0.0,0.0,85.0,60
2176,"Pork, fresh, loin, blade (chops), bone-in, separable lean only, cooked, braised",Meat & Poultry,927.0,28.0,11.3,0.0,0.0,0.0,70.0,60
2177,"Pork, fresh, loin, blade (chops), bone-in, separable lean only, cooked, broiled",Meat & Poultry,193.0,25.0,9.56,0.0,0.0,0.0,76.0,60
2178,"Pork, fresh, loin, blade (chops), bone-in, separable lean only, cooked, pan-fried",Meat & Poultry,929.0,26.4,12.1,0.0,0.0,0.0,88.0,60
2179,"Pork, fresh, loin, blade (chops), boneless, separable lean only, boneless, cooked, broiled",Meat & Poultry,706.0,26.1,6.74,0.89,0.0,0.0,58.0,60
2180,"Pork, fresh, loin, blade (roasts), bone-in, separable lean only, cooked, roasted",Meat & Poultry,908.0,25.7,11.9,0.0,0.0,0.0,78.0,60
2181,"Pork, fresh, loin, blade (roasts), boneless, separable lean and fat, cooked, roasted",Meat & Poultry,199.0,26.5,10.3,0.0,0.0,0.0,67.0,60
2182,"Pork, fresh, loin, blade (roasts), boneless, separable lean only, cooked, roasted",Meat & Poultry,175.0,27.6,7.14,0.0,0.0,0.0,68.0,60
2183,"Pork, fresh, loin, center loin (chops), bone-in, separable lean and fat, cooked, braised",Meat & Poultry,242.0,28.2,13.5,0.0,0.0,0.0,73.0,60
2184,"Pork, fresh, loin, center loin (chops), bone-in, separable lean and fat, cooked, broiled",Meat & Poultry,209.0,25.6,11.1,0.0,0.0,0.0,55.0,60
2185,"Pork, fresh, loin, center loin (chops), bone-in, separable lean and fat, cooked, pan-fried",Meat & Poultry,997.0,27.6,13.3,0.0,0.0,0.0,94.0,60
2186,"Pork, fresh, loin, center loin (chops), bone-in, separable lean and fat, raw",Meat & Poultry,711.0,20.7,9.03,0.0,0.0,0.0,55.0,60
2187,"Pork, fresh, loin, center loin (chops), bone-in, separable lean only, cooked, braised",Meat & Poultry,836.0,30.2,7.86,0.0,0.0,0.0,75.0,60
2188,"Pork, fresh, loin, center loin (chops), bone-in, separable lean only, cooked, broiled",Meat & Poultry,753.0,26.8,7.29,0.0,0.0,0.0,56.0,60
2189,"Pork, fresh, loin, center loin (chops), bone-in, separable lean only, cooked, pan-fried",Meat & Poultry,195.0,29.6,7.66,0.0,0.0,0.0,99.0,60
2190,"Pork, fresh, loin, center loin (chops), bone-in, separable lean only, raw",Meat & Poultry,127.0,22.0,3.71,0.0,0.0,0.0,58.0,60
2191,"Pork, fresh, loin, center loin (chops), boneless, separable lean and fat, cooked, pan-broiled",Meat & Poultry,958.0,26.7,13.6,0.0,0.0,0.0,86.0,60
2192,"Pork, fresh, loin, center loin (chops), boneless, separable lean and fat, raw",Meat & Poultry,201.0,21.1,13.0,0.0,0.0,0.0,82.0,60
2193,"Pork, fresh, loin, center loin (chops), boneless, separable lean only, cooked, pan-broiled",Meat & Poultry,677.0,30.0,4.65,0.0,0.0,0.0,91.0,60
2194,"Pork, fresh, loin, center loin (chops), boneless, separable lean only, raw",Meat & Poultry,123.0,23.8,3.09,0.0,0.0,0.0,87.0,60
2195,"Pork, fresh, loin, center loin (roasts), bone-in, separable lean and fat, cooked, roasted",Meat & Poultry,966.0,27.0,12.8,0.0,0.0,0.0,83.0,60
2196,"Pork, fresh, loin, center loin (roasts), bone-in, separable lean only, cooked, roasted",Meat & Poultry,194.0,28.6,7.95,0.0,0.0,0.0,86.0,60
2197,"Pork, fresh, loin, center rib (chops or roasts), bone-in, separable lean and fat, raw",Meat & Poultry,186.0,20.3,11.0,0.0,0.0,0.0,56.0,60
2198,"Pork, fresh, loin, center rib (chops or roasts), bone-in, separable lean only, raw",Meat & Poultry,570.0,21.8,4.8,0.0,0.0,0.0,60.0,60
2199,"Pork, fresh, loin, center rib (chops or roasts), boneless, separable lean and fat, raw",Meat & Poultry,211.0,19.9,14.0,0.0,0.0,0.0,42.0,60
2200,"Pork, fresh, loin, center rib (chops or roasts), boneless, separable lean only, raw",Meat & Poultry,152.0,21.8,6.48,0.0,0.0,0.0,45.0,60
2201,"Pork, fresh, loin, center rib (chops), bone-in, separable lean and fat, cooked, broiled",Meat & Poultry,929.0,24.4,13.0,0.0,0.0,0.0,55.0,60
2202,"Pork, fresh, loin, center rib (chops), bone-in, separable lean only, cooked, braised",Meat & Poultry,208.0,29.0,9.32,0.0,0.0,0.0,72.0,60
2203,"Pork, fresh, loin, center rib (chops), bone-in, separable lean only, cooked, broiled",Meat & Poultry,776.0,25.8,8.36,0.0,0.0,0.0,57.0,60
2204,"Pork, fresh, loin, center rib (chops), bone-in, separable lean only, cooked, pan-fried",Meat & Poultry,882.0,28.8,9.73,0.0,0.0,0.0,88.0,60
2205,"Pork, fresh, loin, center rib (chops), boneless, separable lean only, cooked, braised",Meat & Poultry,211.0,28.0,10.1,0.0,0.0,0.0,41.0,60
2206,"Pork, fresh, loin, center rib (chops), boneless, separable lean only, cooked, broiled",Meat & Poultry,216.0,29.5,10.0,0.0,0.0,,65.0,60
2207,"Pork, fresh, loin, center rib (chops), boneless, separable lean only, cooked, pan-fried",Meat & Poultry,224.0,27.7,11.8,0.0,0.0,0.0,52.0,60
2208,"Pork, fresh, loin, center rib (roasts), bone-in, separable lean only, cooked, roasted",Meat & Poultry,206.0,28.8,9.21,0.0,0.0,0.0,95.0,60
2209,"Pork, fresh, loin, center rib (roasts), boneless, separable lean only, cooked, roasted",Meat & Poultry,214.0,28.8,10.1,0.0,0.0,,50.0,60
2210,"Pork, fresh, loin, country-style ribs, separable lean and fat, boneless, cooked, broiled",Meat & Poultry,1030.0,26.3,15.7,0.0,0.0,0.0,58.0,60
2211,"Pork, fresh, loin, country-style ribs, separable lean and fat, raw",Meat & Poultry,792.0,19.3,11.8,0.0,0.0,0.0,63.0,60
2212,"Pork, fresh, loin, country-style ribs, separable lean only, bone-in, cooked, broiled",Meat & Poultry,216.0,27.8,11.6,0.0,0.0,0.0,84.0,60
2213,"Pork, fresh, loin, country-style ribs, separable lean only, bone-in, cooked, roasted",Meat & Poultry,951.0,29.2,11.4,0.0,0.0,0.0,91.0,60
2214,"Pork, fresh, loin, country-style ribs, separable lean only, boneless, cooked, broiled",Meat & Poultry,905.0,27.8,11.6,0.0,0.0,0.0,58.0,60
2215,"Pork, fresh, loin, country-style ribs, separable lean only, boneless, cooked, roasted",Meat & Poultry,917.0,29.2,11.4,0.0,0.0,0.0,72.0,60
2216,"Pork, fresh, loin, country-style ribs, separable lean only, raw",Meat & Poultry,584.0,20.8,5.64,0.0,0.0,0.0,67.0,60
2217,"Pork, fresh, loin, sirloin (chops or roasts), bone-in, separable lean and fat, raw",Meat & Poultry,168.0,20.5,8.96,0.0,0.0,0.0,57.0,60
2218,"Pork, fresh, loin, sirloin (chops or roasts), bone-in, separable lean only, raw",Meat & Poultry,129.0,21.6,4.02,0.0,0.0,0.0,59.0,60
2219,"Pork, fresh, loin, sirloin (chops or roasts), boneless, separable lean and fat, raw",Meat & Poultry,133.0,22.5,4.05,0.0,0.0,0.0,63.0,60
2220,"Pork, fresh, loin, sirloin (chops or roasts), boneless, separable lean only, raw",Meat & Poultry,121.0,22.8,2.59,0.0,0.0,0.0,63.0,60
2221,"Pork, fresh, loin, sirloin (chops), bone-in, separable lean and fat, cooked, braised",Meat & Poultry,234.0,28.8,12.3,0.0,0.0,0.0,58.0,60
2222,"Pork, fresh, loin, sirloin (chops), bone-in, separable lean and fat, cooked, broiled",Meat & Poultry,928.0,27.0,11.8,0.0,0.0,0.0,86.0,60
2223,"Pork, fresh, loin, sirloin (chops), bone-in, separable lean only, cooked, braised",Meat & Poultry,195.0,31.0,6.9,0.0,0.0,0.0,58.0,60
2224,"Pork, fresh, loin, sirloin (chops), bone-in, separable lean only, cooked, broiled",Meat & Poultry,729.0,29.3,5.45,0.0,0.0,0.0,89.0,60
2225,"Pork, fresh, loin, sirloin (chops), boneless, separable lean and fat, cooked, braised",Meat & Poultry,714.0,28.4,5.47,0.0,0.0,0.0,56.0,60
2226,"Pork, fresh, loin, sirloin (chops), boneless, separable lean and fat, cooked, broiled",Meat & Poultry,170.0,28.2,5.53,0.0,0.0,0.0,65.0,60
2227,"Pork, fresh, loin, sirloin (chops), boneless, separable lean only, cooked, braised",Meat & Poultry,163.0,28.8,4.5,0.0,0.0,0.0,56.0,60
2228,"Pork, fresh, loin, sirloin (chops), boneless, separable lean only, cooked, broiled",Meat & Poultry,676.0,28.6,4.36,0.0,0.0,0.0,66.0,60
2229,"Pork, fresh, loin, sirloin (roasts), bone-in, separable lean and fat, cooked, roasted",Meat & Poultry,961.0,26.6,12.9,0.0,0.0,0.0,57.0,60
2230,"Pork, fresh, loin, sirloin (roasts), bone-in, separable lean only, cooked, roasted",Meat & Poultry,852.0,27.8,9.44,0.0,0.0,0.0,59.0,60
2231,"Pork, fresh, loin, sirloin (roasts), boneless, separable lean and fat, cooked, roasted",Meat & Poultry,805.0,29.6,7.32,0.0,0.0,0.0,66.0,60
2232,"Pork, fresh, loin, sirloin (roasts), boneless, separable lean only, cooked, roasted",Meat & Poultry,178.0,30.4,5.31,0.0,0.0,0.0,66.0,60
2233,"Pork, fresh, loin, tenderloin, separable lean and fat, cooked, broiled",Meat & Poultry,201.0,29.9,8.11,0.0,0.0,,64.0,60
2234,"Pork, fresh, loin, tenderloin, separable lean and fat, cooked, roasted",Meat & Poultry,615.0,26.0,3.96,0.0,0.0,0.0,57.0,60
2235,"Pork, fresh, loin, tenderloin, separable lean and fat, raw",Meat & Poultry,120.0,20.6,3.53,0.0,0.0,0.0,52.0,60
2236,"Pork, fresh, loin, tenderloin, separable lean and fat, with added solution, cooked, roasted",Meat & Poultry,504.0,21.5,3.7,0.31,0.0,0.0,230.0,60
2237,"Pork, fresh, loin, tenderloin, separable lean and fat, with added solution, raw",Meat & Poultry,478.0,20.2,3.14,0.0,0.0,0.0,239.0,60
2238,"Pork, fresh, loin, tenderloin, separable lean only, cooked, broiled",Meat & Poultry,187.0,30.4,6.33,0.0,0.0,,65.0,60
2239,"Pork, fresh, loin, tenderloin, separable lean only, cooked, roasted",Meat & Poultry,143.0,26.2,3.51,0.0,0.0,0.0,57.0,60
2240,"Pork, fresh, loin, tenderloin, separable lean only, raw",Meat & Poultry,456.0,21.0,2.17,0.0,0.0,0.0,53.0,60
2241,"Pork, fresh, loin, tenderloin, separable lean only, with added solution, cooked, roasted",Meat & Poultry,116.0,21.6,3.15,0.31,0.0,0.0,231.0,60
2242,"Pork, fresh, loin, top loin (chops), boneless, separable lean and fat, cooked, braised",Meat & Poultry,835.0,29.2,8.31,0.0,0.0,0.0,66.0,60
2243,"Pork, fresh, loin, top loin (chops), boneless, separable lean and fat, cooked, broiled",Meat & Poultry,820.0,26.6,9.14,0.0,0.0,0.0,44.0,60
2244,"Pork, fresh, loin, top loin (chops), boneless, separable lean and fat, cooked, pan-fried",Meat & Poultry,196.0,29.4,7.86,0.0,0.0,0.0,86.0,60
2245,"Pork, fresh, loin, top loin (chops), boneless, separable lean and fat, raw",Meat & Poultry,155.0,21.6,6.94,0.0,0.0,0.0,48.0,60
2246,"Pork, fresh, loin, top loin (chops), boneless, separable lean and fat, with added solution, cooked, broiled",Meat & Poultry,198.0,28.3,9.42,0.02,0.0,0.0,302.0,60
2247,"Pork, fresh, loin, top loin (chops), boneless, separable lean and fat, with added solution, cooked, pan-broiled",Meat & Poultry,796.0,28.4,7.66,0.0,0.0,0.0,205.0,60
2248,"Pork, fresh, loin, top loin (chops), boneless, separable lean and fat, with added solution, raw",Meat & Poultry,715.0,19.4,10.3,0.0,0.0,0.0,251.0,60
2249,"Pork, fresh, loin, top loin (chops), boneless, separable lean only, cooked, braised",Meat & Poultry,170.0,30.5,4.34,0.0,0.0,0.0,67.0,60
2250,"Pork, fresh, loin, top loin (chops), boneless, separable lean only, cooked, broiled",Meat & Poultry,173.0,27.6,6.08,0.0,0.0,0.0,45.0,60
2251,"Pork, fresh, loin, top loin (chops), boneless, separable lean only, cooked, pan-fried",Meat & Poultry,718.0,30.5,4.62,0.0,0.0,0.0,87.0,60
2252,"Pork, fresh, loin, top loin (chops), boneless, separable lean only, raw",Meat & Poultry,530.0,22.4,3.42,0.0,0.0,0.0,49.0,60
2253,"Pork, fresh, loin, top loin (chops), boneless, separable lean only, with added solution, cooked, broiled",Meat & Poultry,712.0,29.6,5.73,0.0,0.0,0.0,315.0,60
2254,"Pork, fresh, loin, top loin (chops), boneless, separable lean only, with added solution, cooked, pan-broiled",Meat & Poultry,169.0,29.0,5.0,0.0,0.0,0.0,209.0,60
2255,"Pork, fresh, loin, top loin (chops), boneless, separable lean only, with added solution, raw",Meat & Poultry,117.0,21.1,3.48,0.22,0.0,0.0,278.0,60
2256,"Pork, fresh, loin, top loin (roasts), boneless, separable lean and fat, cooked, roasted",Meat & Poultry,192.0,26.4,8.82,0.0,0.0,0.0,46.0,60
2257,"Pork, fresh, loin, top loin (roasts), boneless, separable lean and fat, raw",Meat & Poultry,696.0,21.3,8.33,0.0,0.0,0.0,47.0,60
2258,"Pork, fresh, loin, top loin (roasts), boneless, separable lean only, cooked, roasted",Meat & Poultry,723.0,27.2,6.28,0.0,0.0,0.0,47.0,60
2259,"Pork, fresh, loin, top loin (roasts), boneless, separable lean only, raw",Meat & Poultry,132.0,22.4,4.06,0.0,0.0,0.0,49.0,60
2260,"Pork, fresh, loin, whole, separable lean and fat, raw",Meat & Poultry,198.0,19.7,12.6,0.0,0.0,0.0,50.0,60
2261,"Pork, fresh, loin, whole, separable lean only, cooked, braised",Meat & Poultry,204.0,28.6,9.12,0.0,0.0,0.0,50.0,60
2262,"Pork, fresh, loin, whole, separable lean only, cooked, broiled",Meat & Poultry,210.0,28.6,9.8,0.0,0.0,0.0,64.0,60
2263,"Pork, fresh, loin, whole, separable lean only, cooked, roasted",Meat & Poultry,209.0,28.6,9.63,0.0,0.0,0.0,58.0,60
2264,"Pork, fresh, loin, whole, separable lean only, raw",Meat & Poultry,143.0,21.4,5.66,0.0,0.0,0.0,52.0,60
2265,"Pork, fresh, shoulder, (Boston butt), blade (steaks), separable lean and fat, raw",Meat & Poultry,778.0,17.4,12.4,0.0,0.0,0.0,61.0,60
2266,"Pork, fresh, shoulder, (Boston butt), blade (steaks), separable lean and fat,with added solution, raw",Meat & Poultry,709.0,17.2,11.1,0.16,0.0,0.0,155.0,60
2267,"Pork, fresh, shoulder, (Boston butt), blade (steaks), separable lean only, raw",Meat & Poultry,132.0,18.7,5.71,0.0,0.0,0.0,65.0,60
2268,"Pork, fresh, shoulder, (Boston butt), blade (steaks), separable lean only, with added solution cooked, braised",Meat & Poultry,227.0,27.6,12.1,0.0,0.0,0.0,154.0,60
2269,"Pork, fresh, shoulder, (Boston butt), blade (steaks), separable lean only, with added solution, raw",Meat & Poultry,511.0,18.3,5.36,0.18,0.0,0.0,165.0,60
2270,"Pork, fresh, shoulder, arm picnic, separable lean and fat, cooked, braised",Meat & Poultry,985.0,24.9,14.3,0.0,0.0,0.0,96.0,60
2271,"Pork, fresh, shoulder, arm picnic, separable lean and fat, raw",Meat & Poultry,193.0,18.7,12.5,0.0,0.0,0.0,84.0,60
2272,"Pork, fresh, shoulder, arm picnic, separable lean only, cooked, braised",Meat & Poultry,813.0,26.8,8.87,0.0,0.0,0.0,100.0,60
2273,"Pork, fresh, shoulder, arm picnic, separable lean only, cooked, roasted",Meat & Poultry,228.0,26.7,12.6,0.0,0.0,,80.0,60
2274,"Pork, fresh, shoulder, arm picnic, separable lean only, raw",Meat & Poultry,120.0,20.3,3.77,0.0,0.0,0.0,90.0,60
2275,"Pork, fresh, shoulder, blade, boston (steaks), separable lean only, cooked, broiled",Meat & Poultry,227.0,26.7,12.5,0.0,0.0,0.0,74.0,60
2276,"Pork, fresh, shoulder, whole, separable lean only, cooked, roasted",Meat & Poultry,230.0,25.3,13.5,0.0,0.0,0.0,75.0,60
2277,"Pork, fresh, shoulder, whole, separable lean only, raw",Meat & Poultry,148.0,19.6,7.14,0.0,0.0,,76.0,60
2278,"Pork, fresh, variety meats and by-products, brain, cooked, braised",Meat & Poultry,138.0,12.1,9.51,0.0,0.0,,91.0,65
2279,"Pork, fresh, variety meats and by-products, brain, raw",Meat & Poultry,127.0,10.3,9.21,0.0,0.0,,120.0,65
2280,"Pork, fresh, variety meats and by-products, ears, frozen, cooked, simmered",Meat & Poultry,166.0,16.0,10.8,0.2,0.0,,167.0,60
2281,"Pork, fresh, variety meats and by-products, feet, cooked, simmered",Meat & Poultry,238.0,21.9,16.0,0.0,0.0,0.0,73.0,60
2282,"Pork, fresh, variety meats and by-products, feet, raw",Meat & Poultry,889.0,23.2,12.6,0.0,0.0,0.0,132.0,60
2283,"Pork, fresh, variety meats and by-products, heart, cooked, braised",Meat & Poultry,148.0,23.6,5.05,0.4,0.0,,35.0,60
2284,"Pork, fresh, variety meats and by-products, heart, raw",Meat & Poultry,118.0,17.3,4.36,1.33,0.0,0.0,56.0,60
2285,"Pork, fresh, variety meats and by-products, kidneys, cooked, braised",Meat & Poultry,151.0,25.4,4.7,0.0,0.0,,80.0,65
2286,"Pork, fresh, variety meats and by-products, kidneys, raw",Meat & Poultry,100.0,16.5,3.25,0.0,0.0,,121.0,65
2287,"Pork, fresh, variety meats and by-products, liver, cooked, braised",Meat & Poultry,165.0,26.0,4.4,3.76,0.0,,49.0,65
2288,"Pork, fresh, variety meats and by-products, liver, raw",Meat & Poultry,134.0,21.4,3.65,2.47,0.0,,87.0,65
2289,"Pork, fresh, variety meats and by-products, lungs, cooked, braised",Meat & Poultry,99.0,16.6,3.1,0.0,0.0,,81.0,60
2290,"Pork, fresh, variety meats and by-products, lungs, raw",Meat & Poultry,85.0,14.1,2.72,0.0,0.0,,153.0,65
2291,"Pork, fresh, variety meats and by-products, pancreas, cooked, braised",Meat & Poultry,219.0,28.5,10.8,0.0,0.0,,42.0,60
2292,"Pork, fresh, variety meats and by-products, pancreas, raw",Meat & Poultry,199.0,18.6,13.2,0.0,0.0,,44.0,65
2293,"Pork, fresh, variety meats and by-products, spleen, cooked, braised",Meat & Poultry,149.0,28.2,3.2,0.0,0.0,,107.0,65
2294,"Pork, fresh, variety meats and by-products, spleen, raw",Meat & Poultry,100.0,17.9,2.59,0.0,0.0,,98.0,65
2295,"Pork, fresh, variety meats and by-products, stomach, cooked, simmered",Meat & Poultry,157.0,21.4,7.26,0.09,0.0,0.0,40.0,60
2296,"Pork, fresh, variety meats and by-products, stomach, raw",Meat & Poultry,159.0,16.8,10.1,0.0,0.0,0.0,75.0,60
2297,"Pork, ground, 84% lean / 16% fat, raw",Meat & Poultry,911.0,18.0,16.0,0.44,0.0,0.0,68.0,60
2298,"Pork, ground, 96% lean / 4% fat, cooked, crumbles",Meat & Poultry,781.0,30.6,7.15,0.0,0.0,0.0,84.0,60
2299,"Pork, ground, 96% lean / 4% fat, cooked, pan-broiled",Meat & Poultry,185.0,31.7,6.2,0.57,0.0,0.0,88.0,60
2300,"Pork, ground, 96% lean / 4% fat, raw",Meat & Poultry,121.0,21.1,4.0,0.21,0.0,0.0,67.0,60
2301,"Pork, Leg Cap Steak, boneless, separable lean and fat, raw",Meat & Poultry,123.0,21.6,3.39,0.0,0.0,0.0,73.0,60
2302,"Pork, Leg sirloin tip roast, boneless, separable lean and fat, cooked, braised",Meat & Poultry,156.0,31.1,2.56,0.0,0.0,0.0,43.0,60
2303,"Pork, Leg sirloin tip roast, boneless, separable lean and fat, raw",Meat & Poultry,474.0,22.9,1.71,0.0,0.0,0.0,50.0,60
2304,"Pork, loin, boneless, raw",Meat & Poultry,174.0,21.1,9.47,0.0,,,40.2,60
2305,"Pork, loin, leg cap steak, boneless, separable lean and fat, cooked, broiled",Meat & Poultry,659.0,27.6,4.41,0.0,0.0,0.0,76.0,60
2306,"Pork, loin, tenderloin, boneless, raw",Meat & Poultry,125.0,21.6,3.9,0.0,,,41.4,60
2307,"Pork, Shoulder breast, boneless, separable lean and fat, cooked, broiled",Meat & Poultry,678.0,28.5,4.49,0.0,0.0,0.0,54.0,60
2308,"Pork, Shoulder breast, boneless, separable lean and fat, raw",Meat & Poultry,127.0,22.5,3.4,0.0,0.0,0.0,54.0,60
2309,"Pork, Shoulder petite tender, boneless, separable lean and fat, raw",Meat & Poultry,535.0,21.6,3.91,0.0,0.0,0.0,50.0,60
2310,"Pork, shoulder, petite tender, boneless, separable lean and fat, cooked, broiled",Meat & Poultry,155.0,27.5,4.23,0.0,0.0,0.0,53.0,60
2311,"Potato chips, without salt, reduced fat",Snacks & Sweets,2040.0,7.1,20.8,67.8,6.1,0.22,8.0,65
2312,Potato flour,Vegetables,1490.0,6.9,0.34,83.1,5.9,3.52,55.0,60
2313,"Potatoes, baked, skin only, with salt",Vegetables,198.0,4.29,0.1,46.1,7.9,1.4,257.0,65
2314,"Potatoes, baked, skin, without salt",Vegetables,198.0,4.29,0.1,46.1,7.9,1.4,21.0,65
2315,"Potatoes, boiled, cooked in skin, skin, with salt",Vegetables,78.0,2.86,0.1,17.2,3.3,,250.0,60
2316,"Potatoes, boiled, cooked in skin, skin, without salt",Vegetables,78.0,2.86,0.1,17.2,3.3,,14.0,60
2317,"Potatoes, french fried, cottage-cut, salt not added in processing, frozen, oven-heated",Vegetables,218.0,3.44,8.2,34.0,3.2,,45.0,60
2318,"Potatoes, frozen, french fried, par fried, cottage-cut, prepared, heated in oven, with salt",Vegetables,912.0,3.44,8.2,34.0,3.2,,281.0,60
2319,"Potatoes, gold, without skin, raw",Vegetables,71.6,1.81,0.264,16.0,13.2,0.645,2.24,65
2320,"Potatoes, hash brown, frozen, plain, prepared, pan fried in canola oil",Vegetables,219.0,2.65,11.6,28.5,3.2,0.27,15.0,60
2321,"Potatoes, hash brown, frozen, with butter sauce, prepared",Vegetables,178.0,2.46,8.79,24.1,3.8,,101.0,60
2322,"Potatoes, hash brown, home-prepared",Vegetables,1110.0,3.0,12.5,35.1,3.2,1.49,342.0,65
2323,"Potatoes, hash brown, refrigerated, prepared, pan-fried in canola oil",Vegetables,242.0,3.24,10.3,34.0,3.6,1.16,77.0,60
2324,"Potatoes, mashed, dehydrated, flakes without milk, dry form",Vegetables,1480.0,8.34,0.41,81.2,6.6,3.36,77.0,65
2325,"Potatoes, mashed, dehydrated, granules with milk, dry form",Vegetables,1490.0,10.9,1.1,77.7,6.6,3.37,82.0,75
2326,"Potatoes, mashed, dehydrated, granules without milk, dry form",Vegetables,1560.0,8.22,0.54,85.5,7.1,3.47,67.0,65
2327,"Potatoes, microwaved, cooked in skin, skin, without salt",Vegetables,132.0,4.39,0.1,29.6,5.5,,16.0,65
2328,"Potatoes, microwaved, cooked, in skin, skin with salt",Vegetables,554.0,4.39,0.1,29.6,5.5,,252.0,65
2329,"Potatoes, red, without skin, raw",Vegetables,73.4,2.06,0.248,16.3,12.9,0.664,2.86,65
2330,"Potatoes, russet, without skin, raw",Vegetables,81.0,2.27,0.36,17.8,13.8,0.526,2.74,65
2331,"Poultry, mechanically deboned, from backs and necks without skin, raw",Other,199.0,13.8,15.5,0.0,0.0,,51.0,60
2332,"Poultry, mechanically deboned, from mature hens, raw",Other,243.0,14.7,20.0,0.0,0.0,,40.0,60
2333,"Prairie Turnips, boiled (Northern Plains Indians)",Other,541.0,1.64,0.32,30.0,7.2,4.74,4.0,60
2334,"Prairie Turnips, raw (Northern Plains Indians)",Other,156.0,2.62,0.36,35.7,8.0,0.82,5.0,60
2335,"Prickly pears, raw",Fruits,41.0,0.73,0.51,9.57,3.6,,5.0,65
2336,"Prickly pears, raw (Northern Plains Indians)",Other,42.0,0.12,0.11,10.2,5.3,1.02,4.0,65
2337,"Protein supplement, milk based, Muscle Milk Light, powder",Dairy,396.0,50.0,12.0,22.0,2.0,4.0,250.0,65
2338,"Protein supplement, milk based, Muscle Milk, powder",Dairy,1720.0,45.7,17.1,18.5,7.1,5.71,329.0,75
2339,"Prunes, canned, heavy syrup pack, solids and liquids",Fruits,105.0,0.87,0.2,27.8,3.8,,3.0,60
2340,"Puddings, chocolate flavor, low calorie, regular, dry mix",Other,365.0,10.1,3.0,74.4,10.1,0.7,3330.0,60
2341,"Pumpkin pie mix, canned",Vegetables,104.0,1.09,0.13,26.4,8.3,,208.0,60
2342,"Quail, breast, meat only, raw",Other,123.0,22.6,2.99,0.0,0.0,,55.0,60
2343,"Quail, cooked, total edible",Other,227.0,25.1,14.1,0.0,0.0,0.0,52.0,60
2344,"Quail, meat and skin, raw",Other,192.0,19.6,12.0,0.0,0.0,,53.0,60
2345,"Quail, meat only, raw",Other,134.0,21.8,4.53,0.0,0.0,,51.0,60
2346,"Quinoa, uncooked",Grains,1540.0,14.1,6.07,64.2,7.0,,5.0,70
2347,"Raisins, seeded",Fruits,296.0,2.52,0.54,78.5,6.8,,28.0,60
2348,"Raspberries, frozen, red, unsweetened",Fruits,56.0,1.15,0.81,12.6,4.3,6.54,4.0,65
2349,"Raspberries, puree, with seeds",Fruits,230.0,1.1,0.97,11.5,4.3,6.56,4.0,65
2350,"Raspberries, raw",Fruits,52.0,1.2,0.65,11.9,6.5,4.42,1.0,65
2351,"Raspberries, wild (Northern Plains Indians)",Other,62.0,1.12,0.28,13.8,7.5,5.54,4.0,65
2352,"Refried beans, canned, fat-free",Other,332.0,5.34,0.45,13.5,4.7,0.61,350.0,60
2353,"Refried beans, canned, traditional style",Other,90.0,4.98,2.01,13.6,3.7,0.54,370.0,60
2354,"Refried beans, canned, traditional, reduced sodium",Other,373.0,4.98,2.01,13.6,3.7,0.54,138.0,60
2355,"Refried beans, canned, vegetarian",Other,347.0,5.28,0.87,13.5,4.7,0.59,430.0,60
2356,"Restaurant, Chinese, general tso's chicken",Meat & Poultry,295.0,12.9,16.4,24.0,0.9,11.6,435.0,60
2357,"Restaurant, Chinese, lemon chicken",Meat & Poultry,1050.0,11.9,13.6,20.6,1.0,8.18,252.0,60
2358,"Restaurant, Chinese, sweet and sour chicken",Meat & Poultry,1040.0,10.1,12.6,23.9,1.0,11.5,246.0,60
2359,"Restaurant, family style, chili with meat and beans",Other,656.0,12.6,9.79,4.57,1.4,2.27,381.0,60
2360,"Restaurant, family style, french fries",Other,1210.0,3.49,14.0,37.2,3.9,0.28,357.0,60
2361,"Restaurant, family style, sirloin steak",Other,195.0,29.8,8.48,0.0,,0.55,339.0,60
2362,"Restaurant, Italian, lasagna with meat",Other,774.0,10.8,10.7,11.4,1.5,3.15,466.0,60
2363,"Restaurant, Latino, Arroz con frijoles negros (rice and black beans)",Grains,631.0,4.64,3.85,24.4,3.4,0.86,420.0,60
2364,"Restaurant, Latino, black bean soup",Other,430.0,5.1,2.57,14.8,4.9,0.89,311.0,60
2365,"Restaurant, Latino, pupusas con frijoles (pupusas, bean)",Other,229.0,5.59,9.01,31.5,5.8,1.3,305.0,60
2366,"Restaurant, Latino, pupusas con frijoles (pupusas, bean)",Other,229.0,5.59,9.01,30.7,5.8,1.3,305.0,60
2367,"Restaurant, Latino, pupusas del cerdo (pupusas, pork)",Meat & Poultry,232.0,11.5,10.4,23.0,2.6,1.45,426.0,60
2368,"Restaurant, Latino, tamale, corn",Other,776.0,3.48,7.21,26.7,3.2,7.42,277.0,60
2369,"Restaurant, Mexican, refried beans",Other,651.0,6.91,6.77,16.8,8.0,0.78,376.0,60
2370,"Rice bran, crude",Grains,316.0,13.4,20.8,49.7,21.0,0.9,5.0,70
2371,"Rice cake, cracker (include hain mini rice cakes)",Grains,1640.0,7.1,4.3,81.1,4.2,0.88,71.0,60
2372,"Rice flour, brown",Grains,363.0,7.23,2.78,76.5,4.6,0.66,8.0,60
2373,"Rice, black, unenriched, raw",Grains,361.0,7.57,3.44,77.2,4.18,,0.0,60
2374,"Rice, brown, long grain, unenriched, raw",Grains,368.0,7.25,3.31,76.7,3.02,,0.0,60
2375,"Rice, brown, long-grain, raw (Includes foods for USDA's Food Distribution Program)",Grains,1530.0,7.54,3.2,76.2,3.6,0.66,5.0,60
2376,"Rice, brown, medium-grain, raw (Includes foods for USDA's Food Distribution Program)",Grains,362.0,7.5,2.68,76.2,3.4,,4.0,60
2377,"Rice, brown, parboiled, dry, UNCLE BEN'S",Grains,370.0,7.6,2.75,78.7,3.5,0.5,6.0,60
2378,"Rice, red, unenriched, dry, raw",Grains,360.0,8.56,3.44,76.2,4.2,,0.438,60
2379,"Rolls, dinner, oat bran",Other,236.0,9.5,4.6,40.2,4.1,6.67,413.0,60
2380,"Rolls, dinner, plain, commercially prepared (includes brown-and-serve)",Other,1300.0,10.9,6.47,52.0,2.0,5.55,467.0,60
2381,"Rolls, dinner, rye",Other,286.0,10.3,3.4,53.1,4.9,1.17,650.0,60
2382,"Rolls, gluten-free, whole grain, made with tapioca starch and brown rice flour",Grains,1380.0,11.8,11.6,44.3,11.2,4.2,507.0,60
2383,"Rolls, hamburger or hot dog, wheat/cracked wheat",Other,1120.0,11.7,3.61,47.3,4.2,6.9,463.0,70
2384,"Rolls, hamburger or hot dog, whole wheat",Other,269.0,12.4,4.38,44.9,6.1,5.92,477.0,70
2385,"Rolls, hamburger or hotdog, mixed-grain",Other,263.0,9.6,6.0,44.6,3.8,6.25,458.0,60
2386,"Rolls, pumpernickel",Other,276.0,10.8,2.8,51.9,5.4,0.4,492.0,70
2387,"Rose Hips, wild (Northern Plains Indians)",Other,679.0,1.6,0.34,38.2,24.1,2.58,4.0,65
2388,"Rosemary, fresh",Other,131.0,3.31,5.86,20.7,14.1,,26.0,65
2389,"Rowal, raw",Fruits,111.0,2.3,2.0,23.9,6.2,14.1,4.0,65
2390,"Ruffed Grouse, breast meat, skinless, raw",Other,467.0,25.9,0.88,0.0,0.0,0.0,50.0,60
2391,"Rye flour, dark",Grains,1360.0,15.9,2.22,68.6,23.8,2.31,2.0,70
2392,"Rye flour, light",Grains,1490.0,9.82,1.33,76.7,8.0,0.93,2.0,60
2393,"Rye flour, medium",Grains,349.0,10.9,1.52,75.4,11.8,1.1,2.0,70
2394,Rye grain,Grains,338.0,10.3,1.63,75.9,15.1,0.98,2.0,70
2395,"Salmon nuggets, breaded, frozen, heated",Grains,212.0,12.7,11.7,14.0,0.0,,173.0,60
2396,"Salmon nuggets, cooked as purchased, unheated",Other,189.0,12.0,10.4,11.8,0.0,,167.0,60
2397,"Salmon, red (sockeye), filets with skin, smoked (Alaska Native)",Other,345.0,60.6,11.4,0.0,0.0,0.0,51.0,60
2398,"Salmon, sockeye, canned, drained solids, without skin and bones",Other,158.0,26.3,5.87,0.0,0.0,0.0,386.0,60
2399,"Salmon, sockeye, canned, total can contents",Other,153.0,20.6,7.17,0.0,0.0,0.0,433.0,60
2400,"Salsify, (vegetable oyster), raw",Vegetables,82.0,3.3,0.2,18.6,3.3,,20.0,60
2401,"Salsify, cooked, boiled, drained, with salt",Vegetables,68.0,2.73,0.17,15.4,3.1,2.9,252.0,60
2402,"Salsify, cooked, boiled, drained, without salt",Vegetables,284.0,2.73,0.17,15.4,3.1,2.9,16.0,60
2403,"Sapodilla, raw",Fruits,83.0,0.44,1.1,20.0,5.3,,12.0,65
2404,"Sausage, chicken or turkey, Italian style,  lower sodium",Meat & Poultry,183.0,21.4,4.46,14.2,0.0,0.81,446.0,60
2405,"Scallops, bay, Patagonian, frozen, wild caught",Other,78.5,16.4,0.419,2.28,,,252.0,60
2406,"Scallops, sea, frozen, wild caught",Other,66.4,13.5,0.493,1.97,,,313.0,60
2407,"Schar, Gluten-Free, Wheat-Free, Classic White Bread",Grains,240.0,3.81,4.47,46.1,5.1,3.34,441.0,60
2408,"School Lunch, chicken patty, whole grain breaded",Meat & Poultry,1030.0,17.6,13.9,12.5,2.3,0.55,467.0,60
2409,"School Lunch, pizza, BIG DADDY'S LS 16"" 51% Whole Grain Rolled Edge Cheese Pizza, frozen",Dairy,243.0,13.9,8.81,27.1,2.7,4.77,400.0,60
2410,"School Lunch, pizza, BIG DADDY'S LS 16"" 51% Whole Grain Rolled Edge Turkey Pepperoni Pizza, frozen",Other,1040.0,13.6,9.33,27.4,4.1,3.83,450.0,70
2411,"School Lunch, pizza, cheese topping, thick crust, whole grain, frozen, cooked",Dairy,254.0,14.6,9.27,28.1,2.9,5.02,421.0,60
2412,"School Lunch, pizza, cheese topping, thin crust, whole grain, frozen, cooked",Dairy,1040.0,12.7,7.91,31.3,4.0,7.12,421.0,70
2413,"School Lunch, pizza, pepperoni topping, thick crust, whole grain, frozen, cooked",Other,259.0,14.4,9.82,28.3,4.3,4.03,474.0,70
2414,"School Lunch, pizza, pepperoni topping, thin crust, whole grain, frozen, cooked",Other,1060.0,12.8,8.62,31.2,4.3,7.62,495.0,70
2415,"School Lunch, pizza, sausage topping, thick crust, whole grain, frozen, cooked",Other,257.0,13.3,9.07,30.6,4.0,3.72,433.0,70
2416,"School Lunch, pizza, sausage topping, thin crust, whole grain, frozen, cooked",Other,1050.0,12.6,7.83,32.2,3.9,7.53,457.0,70
2417,"School Lunch, pizza, TONY'S SMARTPIZZA Whole Grain 4x6 Cheese Pizza 50/50 Cheese, frozen",Dairy,233.0,12.1,7.51,29.3,3.8,6.76,400.0,70
2418,"School Lunch, pizza, TONY'S SMARTPIZZA Whole Grain 4x6 Pepperoni Pizza 50/50 Cheese, frozen",Dairy,994.0,12.1,8.19,28.8,4.1,7.24,470.0,70
2419,"Sea bass, Chilean, frozen, wild caught",Other,209.0,14.9,16.6,0.139,,,109.0,60
2420,"Sea cucumber, yane (Alaska Native)",Other,233.0,13.0,0.4,0.0,,,,60
2421,"Sea lion, Steller, heart (Alaska Native)",Other,102.0,17.0,3.3,1.0,,,115.0,60
2422,"Sea lion, Steller, kidney (Alaska Native)",Other,390.0,18.1,1.7,1.4,,,231.0,60
2423,"Sea lion, Steller, liver (Alaska Native)",Other,137.0,22.9,5.0,0.0,,,88.0,60
2424,"Sea lion, Steller, meat (Alaska Native)",Other,503.0,25.8,1.88,0.0,,,62.0,60
2425,"Sea lion, Steller, meat with fat (Alaska Native)",Other,242.0,22.1,14.6,5.55,,,80.0,60
2426,"Seal, bearded (Oogruk), meat, dried (Alaska Native)",Other,351.0,82.6,2.3,0.0,0.0,0.0,,60
2427,"Seal, bearded (Oogruk), meat, dried, in oil (Alaska Native)",Other,1540.0,35.3,25.1,0.0,0.0,0.0,120.0,60
2428,"Seal, bearded (Oogruk), meat, low quadrant, raw (Alaska Native)",Other,186.0,23.6,10.2,0.0,0.0,0.0,57.0,60
2429,"Seal, bearded (Oogruk), meat, partially dried (Alaska Native)",Other,270.0,62.4,2.31,0.0,,0.0,130.0,60
2430,"Seal, bearded (Oogruk), meat, raw (Alaska Native)",Other,462.0,26.7,0.4,0.0,,,,60
2431,"Seal, ringed, liver (Alaska Native)",Other,484.0,18.6,3.3,2.9,,,,60
2432,"Seal, ringed, meat (Alaska Native)",Other,142.0,28.4,3.2,0.0,,,110.0,60
2433,"Seasoning mix, dry, chili, original",Other,335.0,10.8,7.3,56.6,10.8,8.67,4620.0,60
2434,"Seaweed, agar, dried",Vegetables,306.0,6.21,0.3,80.9,7.7,2.97,102.0,60
2435,"Seaweed, Canadian Cultivated EMI-TSUNOMATA, dry",Vegetables,1080.0,15.3,1.39,46.2,36.7,,4330.0,65
2436,"Seaweed, spirulina, dried",Vegetables,1210.0,57.5,7.72,23.9,3.6,3.1,1050.0,65
2437,"Seeds, breadfruit seeds, boiled",Fruits,168.0,5.3,2.3,32.0,4.8,,23.0,60
2438,"Seeds, breadfruit seeds, raw",Fruits,191.0,7.4,5.59,29.2,5.2,,25.0,60
2439,"Seeds, breadfruit seeds, roasted",Fruits,207.0,6.2,2.7,40.1,6.0,,28.0,60
2440,"Seeds, breadnut tree seeds, dried",Grains,367.0,8.62,1.68,79.4,14.9,,53.0,65
2441,"Seeds, chia seeds, dried",Other,486.0,16.5,30.7,42.1,34.4,,16.0,70
2442,"Seeds, cottonseed flour, low fat (glandless)",Other,332.0,49.8,1.41,36.1,,,35.0,60
2443,"Seeds, cottonseed flour, partially defatted (glandless)",Other,359.0,41.0,6.2,40.5,3.0,,35.0,60
2444,"Seeds, cottonseed kernels, roasted (glandless)",Other,506.0,32.6,36.3,21.9,5.5,,25.0,60
2445,"Seeds, cottonseed meal, partially defatted (glandless)",Other,367.0,49.1,4.77,38.4,,,37.0,60
2446,"Seeds, flaxseed",Other,2230.0,18.3,42.2,28.9,27.3,1.55,30.0,70
2447,"Seeds, hemp seed, hulled",Other,553.0,31.6,48.8,8.67,4.0,1.5,5.0,70
2448,"Seeds, lotus seeds, dried",Other,332.0,15.4,1.97,64.5,,,5.0,60
2449,"Seeds, pumpkin and squash seed kernels, dried",Other,2340.0,30.2,49.0,10.7,6.0,1.4,7.0,60
2450,"Seeds, pumpkin and squash seed kernels, roasted, with salt added",Other,574.0,29.8,49.0,14.7,6.5,1.29,256.0,60
2451,"Seeds, pumpkin and squash seed kernels, roasted, without salt",Other,574.0,29.8,49.0,14.7,6.5,1.29,18.0,60
2452,"Seeds, pumpkin and squash seeds, whole, roasted, with salt added",Other,446.0,18.6,19.4,53.8,18.4,,2540.0,60
2453,"Seeds, pumpkin and squash seeds, whole, roasted, without salt",Other,446.0,18.6,19.4,53.8,18.4,,18.0,70
2454,"Seeds, pumpkin seeds (pepitas), raw",Other,515.0,29.9,40.0,18.7,5.08,,0.0,70
2455,"Seeds, safflower seed kernels, dried",Other,517.0,16.2,38.4,34.3,,,3.0,60
2456,"Seeds, safflower seed meal, partially defatted",Other,342.0,35.6,2.39,48.7,,,3.0,60
2457,"Seeds, sesame butter, paste",Other,2450.0,18.1,50.9,24.0,5.5,,12.0,60
2458,"Seeds, sesame butter, tahini, from raw and stone ground kernels",Other,570.0,17.8,48.0,26.2,9.3,,74.0,60
2459,"Seeds, sesame butter, tahini, from roasted and toasted kernels (most common type)",Other,595.0,17.0,53.8,21.2,9.3,0.49,115.0,60
2460,"Seeds, sesame butter, tahini, from unroasted kernels (non-chemically removed seed coat)",Other,607.0,18.0,56.4,17.9,9.3,,1.0,60
2461,"Seeds, sesame butter, tahini, type of kernels unspecified",Other,592.0,17.4,53.0,21.5,4.7,,35.0,60
2462,"Seeds, sesame flour, low-fat",Other,333.0,50.1,1.75,35.5,,,39.0,60
2463,"Seeds, sesame flour, partially defatted",Other,382.0,40.3,11.9,35.1,,,41.0,60
2464,"Seeds, sesame seed kernels, dried (decorticated)",Other,631.0,20.4,61.2,11.7,11.6,0.48,47.0,60
2465,"Seeds, sesame seed kernels, toasted, without salt added (decorticated)",Other,567.0,17.0,48.0,26.0,16.9,0.48,39.0,60
2466,"Seeds, sesame seeds, whole, dried",Other,573.0,17.7,49.7,23.4,11.8,0.3,11.0,60
2467,"Seeds, sesame seeds, whole, roasted and toasted",Other,565.0,17.0,48.0,25.7,14.0,,11.0,60
2468,"Seeds, sisymbrium sp. seeds, whole, dried",Other,318.0,12.1,4.6,58.3,,,92.0,65
2469,"Seeds, sunflower seed butter, with salt added (Includes foods for USDA's Food Distribution Program)",Other,617.0,17.3,55.2,23.3,5.7,10.5,331.0,70
2470,"Seeds, sunflower seed butter, without salt",Other,617.0,17.3,55.2,23.3,5.7,10.5,3.0,70
2471,"Seeds, sunflower seed flour, partially defatted",Other,326.0,48.1,1.61,35.8,5.2,,3.0,70
2472,"Seeds, sunflower seed kernels, dried",Other,584.0,20.8,51.5,20.0,8.6,2.62,9.0,70
2473,"Seeds, sunflower seed kernels, dry roasted, without salt",Other,2440.0,19.3,49.8,24.1,11.1,2.73,3.0,60
2474,"Seeds, sunflower seed kernels, oil roasted, with salt added",Other,592.0,20.1,51.3,22.9,10.6,3.11,303.0,60
2475,"Seeds, sunflower seed kernels, oil roasted, without salt",Other,592.0,20.1,51.3,22.9,10.6,3.11,3.0,60
2476,"Seeds, sunflower seed kernels, toasted, without salt",Other,619.0,17.2,56.8,20.6,11.5,,3.0,60
2477,"Seeds, sunflower seed, kernel, raw",Other,571.0,18.9,48.4,24.5,7.22,,0.0,70
2478,"Semolina, enriched",Grains,360.0,12.7,1.05,72.8,3.9,,1.0,70
2479,"Semolina, unenriched",Grains,360.0,12.7,1.05,72.8,3.9,,1.0,70
2480,"Sesame butter, creamy",Other,648.0,19.7,62.4,14.2,8.37,,63.6,60
2481,"Shallots, freeze-dried",Vegetables,1460.0,12.3,0.5,80.7,15.7,38.2,59.0,65
2482,"Shallots, raw",Vegetables,301.0,2.5,0.1,16.8,3.2,7.87,12.0,60
2483,"SMART SOUP, Moroccan Chick Pea",Other,51.0,2.0,1.06,9.7,3.1,4.2,148.0,60
2484,"Smelt, dried (Alaska Native)",Other,1610.0,56.2,17.9,0.0,0.0,0.0,420.0,60
2485,"Snack, BALANCE, original bar",Snacks & Sweets,415.0,28.0,12.0,48.7,3.1,34.9,253.0,65
2486,"Snack, Mixed Berry Bar",Snacks & Sweets,1600.0,13.2,10.5,58.8,7.9,26.3,447.0,60
2487,"Snacks, bagel chips, plain",Snacks & Sweets,451.0,12.3,15.1,66.4,4.1,6.02,233.0,60
2488,"Snacks, brown rice chips",Grains,384.0,8.2,2.8,81.5,4.2,0.6,326.0,60
2489,"Snacks, CLIF BAR, mixed flavors",Snacks & Sweets,346.0,14.7,5.88,65.4,7.4,31.6,195.0,65
2490,"Snacks, corn-based, extruded, chips, unsalted",Snacks & Sweets,2330.0,6.6,33.4,57.4,4.4,1.41,15.0,60
2491,"Snacks, crisped rice bar, almond",Grains,458.0,7.0,20.4,64.6,3.6,,234.0,65
2492,"Snacks, FRITOLAY, SUNCHIPS, Multigrain Snack, original flavor",Snacks & Sweets,491.0,7.95,21.1,67.3,8.8,7.2,423.0,60
2493,"Snacks, FRITOLAY, SUNCHIPS, multigrain, French onion flavor",Snacks & Sweets,496.0,8.68,22.2,65.5,7.8,8.82,467.0,60
2494,"Snacks, fruit leather, pieces, with vitamin C",Fruits,373.0,0.1,3.5,85.2,3.5,,317.0,65
2495,"Snacks, granola bar, KASHI GOLEAN, chewy, mixed flavors",Snacks & Sweets,390.0,16.7,7.69,63.4,7.7,42.3,321.0,60
2496,"Snacks, granola bar, KASHI GOLEAN, crunchy, mixed flavors",Snacks & Sweets,1640.0,17.9,9.23,59.6,5.9,27.3,486.0,65
2497,"Snacks, granola bar, KASHI TLC Bar, chewy, mixed flavors",Snacks & Sweets,1790.0,18.6,15.7,53.3,11.4,17.1,293.0,60
2498,"Snacks, granola bar, KASHI TLC Bar, crunchy, mixed flavors",Snacks & Sweets,446.0,15.0,15.0,62.8,10.0,20.0,400.0,60
2499,"Snacks, granola bars, hard, plain",Snacks & Sweets,471.0,10.1,19.8,64.4,5.3,28.6,294.0,60
2500,"Snacks, granola bars, soft, uncoated, peanut butter",Snacks & Sweets,426.0,10.5,15.8,64.4,4.3,,409.0,70
2501,"Snacks, KELLOGG, KELLOGG'S Low Fat Granola Bar, Crunchy Almond/Brown Sugar",Snacks & Sweets,1630.0,8.0,7.4,78.0,6.2,,291.0,60
2502,"Snacks, oriental mix, rice-based",Grains,2120.0,17.3,25.6,51.6,13.2,3.0,413.0,70
2503,"Snacks, peas, roasted, wasabi-flavored",Snacks & Sweets,432.0,14.1,14.1,62.2,3.8,14.1,300.0,60
2504,"Snacks, pita chips, salted",Snacks & Sweets,457.0,11.8,15.2,68.3,3.8,4.76,854.0,60
2505,"Snacks, popcorn, air-popped",Snacks & Sweets,1620.0,12.9,4.54,77.8,14.5,0.87,8.0,70
2506,"Snacks, popcorn, air-popped (Unsalted)",Snacks & Sweets,382.0,12.0,4.2,77.9,15.1,,4.0,70
2507,"Snacks, popcorn, microwave, 94% fat free",Snacks & Sweets,1680.0,10.7,6.1,76.0,13.6,0.65,571.0,60
2508,"Snacks, popcorn, microwave, low fat",Snacks & Sweets,424.0,12.6,9.5,72.0,14.2,0.92,629.0,60
2509,"Snacks, potato chips, made from dried potatoes, fat-free, made with olestra",Snacks & Sweets,253.0,5.06,0.93,56.0,7.3,0.59,429.0,65
2510,"Snacks, pretzels, hard, whole-wheat including both salted and unsalted",Snacks & Sweets,1510.0,11.1,2.6,81.3,7.7,,203.0,70
2511,"Snacks, rice cakes, brown rice, buckwheat",Grains,380.0,9.0,3.5,80.1,3.8,,116.0,60
2512,"Snacks, rice cakes, brown rice, plain, unsalted",Grains,387.0,8.2,2.8,81.5,4.2,0.88,26.0,60
2513,"Snacks, rice cakes, brown rice, rye",Grains,386.0,8.1,3.8,79.9,4.0,,110.0,60
2514,"Snacks, rice cakes, brown rice, sesame seed",Grains,392.0,7.6,3.8,81.5,5.4,,227.0,60
2515,"Snacks, rice cracker brown rice, plain",Grains,387.0,8.2,2.8,81.5,4.2,0.89,166.0,60
2516,"Snacks, soy chips or crisps, salted",Snacks & Sweets,385.0,26.5,7.35,53.2,3.5,1.8,842.0,60
2517,"Snacks, SUNKIST, SUNKIST Fruit Roll, strawberry, with vitamins A, C, and E",Fruits,342.0,0.6,1.0,82.7,7.7,,111.0,65
2518,"Snacks, sweet potato chips, unsalted",Snacks & Sweets,532.0,2.94,32.4,56.8,8.8,8.82,35.0,60
2519,"Snacks, tortilla chips, light (baked with less oil)",Snacks & Sweets,1950.0,8.7,15.2,73.4,5.7,0.53,400.0,60
2520,"Snacks, tortilla chips, low fat, unsalted",Snacks & Sweets,416.0,11.0,5.7,80.1,5.3,0.85,15.0,70
2521,"Snacks, tortilla chips, plain, white corn, salted",Snacks & Sweets,1980.0,7.1,20.7,67.8,5.4,0.78,328.0,60
2522,"Snacks, tortilla chips, unsalted, white corn",Snacks & Sweets,2100.0,7.79,23.4,65.3,5.3,1.0,15.0,60
2523,"Snacks, vegetable chips, HAIN CELESTIAL GROUP, TERRA CHIPS",Vegetables,517.0,4.13,29.8,58.0,10.9,9.75,246.0,65
2524,"Snacks, vegetable chips, made from garden vegetables",Vegetables,1980.0,5.32,23.3,60.4,4.7,4.04,412.0,60
2525,"Snapper, frozen, wild caught",Other,89.5,20.7,0.569,0.441,,,93.1,60
2526,"Sorghum bran, white, unenriched, dry, raw",Grains,365.0,11.2,9.26,68.7,35.0,,2.92,70
2527,"Sorghum flour, white, pearled, unenriched, dry, raw",Grains,350.0,10.2,3.24,73.5,3.3,,0.0,70
2528,"Sorghum flour, whole-grain",Grains,1500.0,8.43,3.34,76.6,6.6,1.94,3.0,60
2529,Sorghum grain,Grains,329.0,10.6,3.46,72.1,6.7,2.53,2.0,70
2530,"Sorghum grain, white, pearled, unenriched, dry, raw",Grains,338.0,10.2,3.26,74.9,3.92,,0.0,70
2531,"Sorghum, whole grain, white, dry, raw",Grains,341.0,10.1,4.22,73.6,8.27,,0.329,70
2532,"Soup, bean & ham, canned, reduced sodium, prepared with water or ready-to-serve",Other,81.0,4.19,1.03,13.7,4.0,3.17,187.0,60
2533,"Soup, bean with ham, canned, chunky, ready-to-serve",Other,397.0,5.19,3.5,11.2,4.6,,400.0,60
2534,"Soup, black bean, canned, prepared with equal volume water",Other,46.0,2.42,0.66,7.71,3.4,1.24,487.0,60
2535,"Soup, chicken noodle, dry, mix",Meat & Poultry,377.0,15.4,6.51,62.3,3.2,1.9,3160.0,60
2536,"Soursop, raw",Fruits,66.0,1.0,0.3,16.8,3.3,13.5,14.0,65
2537,"Soy flour, defatted",Other,1370.0,51.5,1.22,33.9,17.5,16.4,20.0,60
2538,"Soy flour, full-fat, raw",Other,1820.0,37.8,20.6,31.9,9.6,7.5,13.0,70
2539,"Soy flour, full-fat, roasted",Other,439.0,38.1,21.9,30.4,9.7,7.61,12.0,70
2540,"Soy flour, low-fat",Other,372.0,49.8,8.9,30.6,16.0,9.33,9.0,70
2541,"Soy meal, defatted, raw",Other,1410.0,49.2,2.39,35.9,,,3.0,60
2542,"Soy protein concentrate, produced by alcohol extraction",Other,328.0,63.6,0.46,25.4,5.5,20.0,3.0,60
2543,"Soy protein isolate, potassium type",Other,1340.0,88.3,0.53,2.59,0.0,0.0,50.0,60
2544,"Soybean, curd cheese",Dairy,630.0,12.5,8.1,6.9,0.0,1.6,20.0,60
2545,"Soybeans, green, cooked, boiled, drained, with salt",Vegetables,592.0,12.4,6.4,11.0,4.2,,250.0,75
2546,"Soybeans, green, cooked, boiled, drained, without salt",Vegetables,141.0,12.4,6.4,11.0,4.2,,14.0,75
2547,"Soybeans, green, raw",Vegetables,614.0,13.0,6.8,11.0,4.2,,15.0,75
2548,"Soybeans, mature cooked, boiled, without salt",Other,721.0,18.2,8.97,8.36,6.0,3.0,1.0,70
2549,"Soybeans, mature seeds, cooked, boiled, with salt",Other,172.0,18.2,8.97,8.36,6.0,2.36,237.0,70
2550,"Soybeans, mature seeds, dry roasted",Other,1880.0,43.3,21.6,29.0,8.1,,2.0,70
2551,"Soybeans, mature seeds, raw",Other,1870.0,36.5,19.9,30.2,9.3,7.33,2.0,70
2552,"Soybeans, mature seeds, roasted, no salt added",Other,1960.0,38.6,25.4,30.2,17.7,,4.0,70
2553,"Soybeans, mature seeds, roasted, salted",Other,469.0,38.6,25.4,30.2,17.7,4.2,163.0,70
2554,"Soybeans, mature seeds, sprouted, cooked, stir-fried",Vegetables,125.0,13.1,7.1,9.4,0.8,,14.0,65
2555,"Soybeans, mature seeds, sprouted, cooked, stir-fried, with salt",Vegetables,125.0,13.1,7.1,9.4,0.8,,250.0,65
2556,"Soybeans, mature seeds, sprouted, raw",Vegetables,122.0,13.1,6.7,9.57,1.1,,14.0,65
2557,"Spaghetti, protein-fortified, dry, enriched (n x 6.25)",Grains,374.0,21.8,2.23,65.6,2.4,,8.0,60
2558,"Spaghetti, spinach, dry",Grains,372.0,13.4,1.57,74.8,10.6,2.72,36.0,70
2559,"Spanish rice mix, dry mix, unprepared",Grains,363.0,10.6,1.62,76.4,3.1,3.83,1080.0,60
2560,"Spearmint, dried",Other,285.0,19.9,6.03,52.0,29.8,,344.0,70
2561,"Spearmint, fresh",Other,184.0,3.29,0.73,8.41,6.8,,30.0,65
2562,"Spelt, cooked",Grains,127.0,5.5,0.85,26.4,3.9,,5.0,60
2563,"Spelt, uncooked",Grains,1410.0,14.6,2.43,70.2,10.7,6.82,8.0,70
2564,"Spices, allspice, ground",Other,1100.0,6.09,8.69,72.1,21.6,,77.0,65
2565,"Spices, anise seed",Other,1410.0,17.6,15.9,50.0,14.6,,16.0,75
2566,"Spices, basil, dried",Other,976.0,23.0,4.07,47.8,37.7,1.71,76.0,70
2567,"Spices, bay leaf",Other,313.0,7.61,8.36,75.0,26.3,,23.0,65
2568,"Spices, caraway seed",Other,1390.0,19.8,14.6,49.9,38.0,0.64,17.0,75
2569,"Spices, cardamom",Other,1300.0,10.8,6.7,68.5,28.0,,18.0,75
2570,"Spices, celery seed",Other,1640.0,18.1,25.3,41.4,11.8,0.67,160.0,75
2571,"Spices, chervil, dried",Other,990.0,23.2,3.9,49.1,11.3,,83.0,75
2572,"Spices, chili powder",Other,1180.0,13.5,14.3,49.7,34.8,7.19,2870.0,60
2573,"Spices, cinnamon, ground",Other,247.0,3.99,1.24,80.6,53.1,2.17,10.0,60
2574,"Spices, cloves, ground",Other,1140.0,5.97,13.0,65.5,33.9,2.38,277.0,60
2575,"Spices, coriander leaf, dried",Other,1170.0,21.9,4.78,52.1,10.4,7.27,211.0,75
2576,"Spices, coriander seed",Other,1240.0,12.4,17.8,55.0,41.9,,35.0,75
2577,"Spices, cumin seed",Other,1570.0,17.8,22.3,44.2,10.5,2.25,168.0,70
2578,"Spices, curry powder",Other,1360.0,14.3,14.0,55.8,53.2,2.76,52.0,70
2579,"Spices, dill seed",Other,1280.0,16.0,14.5,55.2,21.1,,20.0,75
2580,"Spices, dill weed, dried",Other,253.0,20.0,4.36,55.8,13.6,,208.0,75
2581,"Spices, fennel seed",Other,1440.0,15.8,14.9,52.3,39.8,,88.0,75
2582,"Spices, fenugreek seed",Other,323.0,23.0,6.41,58.4,24.6,,67.0,70
2583,"Spices, garlic powder",Other,331.0,16.6,0.73,72.7,9.0,2.43,60.0,70
2584,"Spices, ginger, ground",Other,335.0,8.98,4.24,71.6,14.1,3.39,27.0,60
2585,"Spices, marjoram, dried",Other,1140.0,12.7,7.04,60.6,40.3,4.09,77.0,75
2586,"Spices, mustard seed, ground",Other,508.0,26.1,36.2,28.1,12.2,6.79,13.0,70
2587,"Spices, onion powder",Other,1430.0,10.4,1.04,79.1,15.2,6.63,73.0,75
2588,"Spices, oregano, dried",Other,1110.0,9.0,4.28,68.9,42.5,4.09,25.0,60
2589,"Spices, paprika",Other,1180.0,14.1,12.9,54.0,34.9,10.3,68.0,70
2590,"Spices, parsley, dried",Other,292.0,26.6,5.48,50.6,26.7,7.27,452.0,75
2591,"Spices, pepper, black",Other,1050.0,10.4,3.26,64.0,25.3,0.64,20.0,70
2592,"Spices, pepper, red or cayenne",Other,1330.0,12.0,17.3,56.6,27.2,10.3,30.0,75
2593,"Spices, pepper, white",Other,1240.0,10.4,2.12,68.6,26.2,,5.0,75
2594,"Spices, poppy seed",Other,525.0,18.0,41.6,28.1,19.5,2.99,26.0,70
2595,"Spices, poultry seasoning",Other,1280.0,9.59,7.53,65.6,11.3,1.8,27.0,65
2596,"Spices, saffron",Other,310.0,11.4,5.85,65.4,3.9,,148.0,75
2597,"Spices, sage, ground",Other,1320.0,10.6,12.8,60.7,40.3,1.71,11.0,65
2598,"Spices, savory, ground",Other,272.0,6.73,5.91,68.7,45.7,,24.0,65
2599,"Spices, tarragon, dried",Other,295.0,22.8,7.24,50.2,7.4,,62.0,75
2600,"Spices, thyme, dried",Other,1160.0,9.11,7.43,63.9,37.0,1.71,55.0,65
2601,"Spices, turmeric, ground",Other,1300.0,9.68,3.25,67.1,22.7,3.21,27.0,60
2602,"Spinach, frozen, chopped or leaf, cooked, boiled, drained, with salt",Vegetables,34.0,4.01,0.87,4.8,3.7,0.51,322.0,60
2603,"Spinach, frozen, chopped or leaf, cooked, boiled, drained, without salt",Vegetables,143.0,4.01,0.87,4.8,3.7,0.51,97.0,60
2604,"Squab, (pigeon), light meat without skin, raw",Other,134.0,21.8,4.52,0.0,0.0,,55.0,60
2605,"Squab, (pigeon), meat only, raw",Other,142.0,17.5,7.5,0.0,0.0,,51.0,60
2606,"Squash, winter, acorn, cooked, baked, with salt",Vegetables,234.0,1.12,0.14,14.6,4.4,,240.0,65
2607,"Squash, winter, acorn, cooked, baked, without salt",Vegetables,56.0,1.12,0.14,14.6,4.4,,4.0,65
2608,"Squash, winter, butternut, cooked, baked, with salt",Vegetables,40.0,0.9,0.09,10.5,3.2,1.97,240.0,65
2609,"Squash, winter, butternut, cooked, baked, without salt",Vegetables,167.0,0.9,0.09,10.5,3.2,1.97,4.0,65
2610,"Squash, winter, hubbard, baked, with salt",Vegetables,209.0,2.48,0.62,10.8,4.9,4.9,244.0,60
2611,"Squash, winter, hubbard, baked, without salt",Vegetables,50.0,2.48,0.62,10.8,4.9,4.9,8.0,60
2612,"Squash, winter, hubbard, raw",Vegetables,167.0,2.0,0.5,8.7,3.9,3.95,7.0,65
2613,"Squirrel, ground, meat (Alaska Native)",Other,111.0,19.3,3.8,0.0,,,,60
2614,"Steelhead trout, boiled, canned (Alaska Native)",Other,664.0,21.1,8.26,0.0,0.0,0.0,118.0,60
2615,"Stinging Nettles, blanched (Northern Plains Indians)",Other,175.0,2.71,0.11,7.49,6.9,0.25,4.0,60
2616,"SUBWAY, B.L.T. sub on white bread with bacon, lettuce and tomato",Grains,856.0,10.1,6.41,26.7,1.6,3.61,354.0,60
2617,"SUBWAY, oven roasted chicken sub on white bread with lettuce and tomato",Meat & Poultry,157.0,10.8,3.15,21.4,1.2,2.99,268.0,60
2618,"SUBWAY, roast beef sub on white bread with lettuce and tomato",Meat & Poultry,155.0,12.2,2.73,20.3,0.7,3.0,329.0,60
2619,"SUBWAY, steak & cheese sub on white bread with American cheese, lettuce and tomato",Dairy,183.0,12.3,5.34,21.5,1.2,3.41,444.0,60
2620,"SUBWAY, SUBWAY CLUB sub on white bread with lettuce and tomato",Grains,146.0,10.7,2.42,20.4,1.4,3.19,348.0,60
2621,"SUBWAY, sweet onion chicken teriyaki sub on white bread with lettuce, tomato and sweet onion sauce",Meat & Poultry,649.0,10.9,2.37,22.5,1.2,6.06,305.0,60
2622,"SUBWAY, tuna sub on white bread with lettuce and tomato",Grains,221.0,12.3,12.0,16.0,0.7,1.93,329.0,60
2623,"Succotash, (corn and limas), cooked, boiled, drained, without salt",Vegetables,115.0,5.07,0.8,24.4,4.5,,17.0,60
2624,"Succotash, (corn and limas), frozen, cooked, boiled, drained, with salt",Vegetables,93.0,4.31,0.89,20.0,4.1,2.21,281.0,60
2625,"Succotash, (corn and limas), frozen, cooked, boiled, drained, without salt",Vegetables,93.0,4.31,0.89,20.0,4.1,2.21,45.0,60
2626,"Succotash, (corn and limas), frozen, unprepared",Vegetables,93.0,4.31,0.89,19.9,4.0,,45.0,60
2627,"Succotash, (corn and limas), raw",Vegetables,99.0,5.03,1.02,19.6,3.8,,4.0,65
2628,"Sugar-apples, (sweetsop), raw",Fruits,94.0,2.06,0.29,23.6,4.4,,9.0,65
2629,"Sweet potato leaves, raw",Vegetables,42.0,2.49,0.51,8.82,5.3,,6.0,65
2630,"Sweet potato, cooked, baked in skin, flesh, with salt",Vegetables,90.0,2.01,0.15,20.7,3.3,6.48,246.0,65
2631,"Sweet potato, cooked, baked in skin, flesh, without salt",Vegetables,378.0,2.01,0.15,20.7,3.3,6.48,36.0,65
2632,"Sweet Potatoes, french fried, crosscut, frozen, unprepared",Vegetables,874.0,1.7,11.1,25.5,3.4,6.46,214.0,60
2633,"Sweet Potatoes, french fried, frozen as packaged, salt added in processing",Vegetables,762.0,2.16,8.92,35.6,5.7,12.9,146.0,60
2634,"Sweet potatoes, orange flesh, without skin, raw",Vegetables,77.4,1.58,0.375,17.3,4.25,6.06,0.0,65
2635,"Swordfish, frozen, wild caught",Seafood,152.0,19.2,8.12,0.45,,,56.9,60
2636,"T.G.I. FRIDAY'S, classic sirloin steak (10 oz)",Other,822.0,31.0,7.83,0.47,,0.46,232.0,60
2637,"T.G.I. FRIDAY'S, french fries",Other,1240.0,3.74,14.8,36.9,4.1,0.0,409.0,60
2638,"TACO BELL, BURRITO SUPREME with beef",Meat & Poultry,183.0,7.03,6.8,23.4,3.7,2.1,451.0,60
2639,"TACO BELL, Nachos",Other,1470.0,4.32,21.5,34.9,3.2,2.17,313.0,60
2640,"TACO BELL, Nachos Supreme",Other,223.0,6.21,12.5,21.4,3.7,1.63,348.0,60
2641,"TACO BELL, Original Taco with beef, cheese and lettuce",Meat & Poultry,229.0,8.86,12.7,19.8,3.9,0.9,397.0,60
2642,"Taco shells, baked, without added salt",Other,468.0,7.2,22.6,62.4,7.5,,15.0,60
2643,Tamales (Navajo),Other,639.0,6.28,6.12,18.1,3.1,0.99,427.0,60
2644,"Tamales, masa and pork filling (Hopi)",Meat & Poultry,704.0,13.2,4.7,18.3,3.3,1.57,298.0,70
2645,"Taro leaves, raw",Vegetables,42.0,4.98,0.74,6.7,3.7,3.01,3.0,65
2646,"Taro, cooked, with salt",Vegetables,142.0,0.52,0.11,34.6,5.1,0.49,251.0,60
2647,"Taro, cooked, without salt",Vegetables,594.0,0.52,0.11,34.6,5.1,0.49,15.0,60
2648,"Taro, raw",Vegetables,112.0,1.5,0.2,26.5,4.1,0.4,11.0,60
2649,"Teff, uncooked",Grains,367.0,13.3,2.38,73.1,8.0,1.84,12.0,70
2650,Tempeh,Other,192.0,20.3,10.8,7.64,,,9.0,60
2651,"Tempeh, cooked",Other,195.0,19.9,11.4,7.62,,,14.0,60
2652,"Thyme, fresh",Other,101.0,5.56,1.68,24.4,14.0,,9.0,65
2653,"Tofu, dried-frozen (koyadofu)",Other,477.0,52.5,30.3,10.0,7.2,,6.0,70
2654,"Tofu, dried-frozen (koyadofu), prepared with calcium sulfate",Other,1960.0,52.4,30.3,8.3,1.2,,6.0,60
2655,"Tofu, fried",Other,1130.0,18.8,20.2,8.86,3.9,2.72,16.0,70
2656,"Tofu, fried, prepared with calcium sulfate",Other,270.0,18.8,20.2,8.86,3.9,,16.0,70
2657,"Tofu, hard, prepared with nigari",Other,609.0,12.7,9.99,4.39,0.6,,2.0,60
2658,"Tofu, raw, firm, prepared with calcium sulfate",Other,603.0,17.3,8.72,2.78,2.3,,14.0,60
2659,Tomato powder,Vegetables,302.0,12.9,0.44,74.7,16.5,43.9,134.0,65
2660,"Tomato products, canned, paste, without salt added (Includes foods for USDA's Food Distribution Program)",Vegetables,82.0,4.32,0.47,18.9,4.1,12.2,59.0,65
2661,"Tomato, paste, canned, without salt added",Vegetables,88.5,4.23,0.732,20.2,4.7,11.7,61.2,65
2662,"Tomatoes, sun-dried",Vegetables,258.0,14.1,2.97,55.8,12.3,37.6,107.0,65
2663,"Tomatoes, sun-dried, packed in oil, drained",Vegetables,213.0,5.06,14.1,23.3,5.8,,266.0,65
2664,"Tortellini, pasta with cheese filling, fresh-refrigerated, as purchased",Dairy,307.0,13.5,7.23,47.0,1.9,0.95,406.0,60
2665,"Tortilla chips, low fat, baked without fat",Snacks & Sweets,448.0,11.0,5.7,80.2,5.3,0.67,517.0,60
2666,"Tortilla chips, yellow, plain, salted",Snacks & Sweets,497.0,6.62,22.3,67.4,4.7,1.21,310.0,60
2667,"Tortillas, ready-to-bake or -fry, corn",Other,218.0,5.7,2.85,44.6,6.3,0.88,45.0,60
2668,"Tortillas, ready-to-bake or -fry, corn, without added salt",Other,222.0,5.7,2.5,46.6,5.2,,11.0,60
2669,"Tortillas, ready-to-bake or -fry, flour, without added calcium",Other,325.0,8.7,7.1,55.6,3.3,,478.0,60
2670,"Tree fern, cooked, with salt",Vegetables,166.0,0.29,0.07,10.8,3.7,,241.0,65
2671,"Tree fern, cooked, without salt",Vegetables,40.0,0.29,0.07,11.0,3.7,,5.0,65
2672,Triticale,Grains,336.0,13.0,2.09,72.1,,,5.0,60
2673,"Triticale flour, whole-grain",Grains,338.0,13.2,1.81,73.1,14.6,,2.0,70
2674,"Tuna, ahi or yellowfin, frozen, wild caught",Other,102.0,24.7,0.388,-0.104,,,94.4,60
2675,"Turkey breast, pre-basted, meat and skin, cooked, roasted",Other,126.0,22.2,3.46,0.0,0.0,,397.0,60
2676,"Turkey from whole, light meat, meat and skin, with added solution, cooked, roasted",Other,157.0,26.5,5.64,0.0,0.0,0.0,237.0,60
2677,"Turkey from whole, light meat, meat and skin, with added solution, raw",Other,615.0,20.0,7.42,0.14,0.0,0.06,195.0,60
2678,"Turkey from whole, light meat, meat only, with added solution, cooked, roasted",Other,127.0,27.0,2.08,0.0,0.0,0.0,238.0,60
2679,"Turkey from whole, light meat, meat only, with added solution, raw",Other,423.0,21.5,1.66,0.0,0.0,0.05,206.0,60
2680,"Turkey thigh, pre-basted, meat and skin, cooked, roasted",Other,157.0,18.8,8.54,0.0,0.0,,437.0,60
2681,"Turkey, all classes, back, meat and skin, cooked, roasted",Other,244.0,26.6,14.4,0.16,0.0,0.0,73.0,60
2682,"Turkey, all classes, breast, meat and skin, cooked, roasted",Other,189.0,28.7,7.41,0.0,0.0,,63.0,60
2683,"Turkey, all classes, breast, meat and skin, raw",Other,157.0,21.9,7.02,0.0,0.0,,59.0,60
2684,"Turkey, all classes, gizzard, cooked, simmered",Other,648.0,26.4,4.64,0.0,0.0,0.0,127.0,60
2685,"Turkey, all classes, heart, cooked, simmered",Other,728.0,24.9,7.52,0.0,0.0,0.0,140.0,60
2686,"Turkey, all classes, heart, raw",Other,140.0,16.7,7.44,0.4,0.0,0.0,129.0,60
2687,"Turkey, all classes, leg, meat and skin, cooked, roasted",Other,208.0,27.9,9.82,0.0,0.0,0.0,77.0,60
2688,"Turkey, all classes, leg, meat and skin, raw",Other,144.0,19.5,6.72,0.0,0.0,,74.0,60
2689,"Turkey, all classes, light meat, cooked, roasted",Other,617.0,30.1,2.08,0.0,0.0,0.0,99.0,60
2690,"Turkey, all classes, liver, cooked, simmered",Other,791.0,27.0,8.18,0.0,0.0,0.0,98.0,65
2691,"Turkey, all classes, liver, raw",Other,128.0,18.3,5.5,0.0,0.0,0.0,131.0,65
2692,"Turkey, all classes, wing, meat and skin, cooked, roasted",Other,229.0,27.4,12.4,0.0,0.0,0.0,61.0,60
2693,"Turkey, all classes, wing, meat and skin, raw",Other,197.0,20.2,12.3,0.0,0.0,,55.0,60
2694,"Turkey, back, from whole bird, meat and skin, with added solution, raw",Other,206.0,16.9,15.4,0.15,0.0,0.1,157.0,60
2695,"Turkey, back, from whole bird, meat and skin, with added solution, roasted",Other,860.0,25.8,11.4,0.0,0.0,0.0,237.0,60
2696,"Turkey, back, from whole bird, meat only, with added solution, raw",Other,115.0,19.3,4.12,0.15,0.0,0.1,167.0,60
2697,"Turkey, back, from whole bird, meat only, with added solution, roasted",Other,530.0,27.0,2.08,0.0,0.0,0.0,238.0,60
2698,"Turkey, breast, from whole bird, meat only, with added solution, raw",Other,425.0,21.5,1.66,0.14,0.0,0.05,206.0,60
2699,"Turkey, breast, from whole bird, meat only, with added solution, roasted",Other,530.0,27.0,2.08,0.0,0.0,0.0,238.0,60
2700,"Turkey, dark meat from whole, meat and skin, with added solution, cooked, roasted",Other,199.0,25.6,10.8,0.0,0.0,0.0,206.0,60
2701,"Turkey, dark meat from whole, meat and skin, with added solution, raw",Other,707.0,17.8,10.8,0.15,0.0,0.1,161.0,60
2702,"Turkey, dark meat from whole, meat only, with added solution, raw",Other,479.0,19.3,4.12,0.1,0.0,0.1,167.0,60
2703,"Turkey, dark meat, meat and skin, raw",Other,695.0,19.8,8.97,0.15,0.0,0.1,113.0,60
2704,"Turkey, dark meat, meat only, with added solution, cooked, roasted",Other,158.0,26.1,6.0,0.0,0.0,0.0,201.0,60
2705,"Turkey, drumstick, from whole bird, meat only, raw",Other,109.0,23.7,1.48,0.14,0.0,0.05,113.0,60
2706,"Turkey, drumstick, from whole bird, meat only, roasted",Other,583.0,30.1,2.08,0.0,0.0,0.0,99.0,60
2707,"Turkey, drumstick, from whole bird, meat only, with added solution, raw",Other,480.0,19.3,4.12,0.15,0.0,0.1,167.0,60
2708,"Turkey, drumstick, from whole bird, meat only, with added solution, roasted",Other,158.0,26.1,6.0,0.0,0.0,0.0,201.0,60
2709,"Turkey, fryer-roasters, meat and skin, cooked, roasted",Other,172.0,28.3,5.72,0.0,0.0,0.0,66.0,60
2710,"Turkey, gizzard, all classes, raw",Other,111.0,18.8,3.37,0.0,0.0,0.0,147.0,60
2711,"Turkey, ground, 85% lean, 15% fat, pan-broiled crumbles",Other,258.0,25.1,17.4,0.0,0.0,0.0,85.0,60
2712,"Turkey, ground, 85% lean, 15% fat, patties, broiled",Other,1040.0,25.9,16.2,0.0,0.0,0.0,81.0,60
2713,"Turkey, ground, 85% lean, 15% fat, raw",Other,755.0,16.9,12.5,0.0,0.0,0.0,54.0,60
2714,"Turkey, ground, 93% lean, 7% fat, pan-broiled crumbles",Other,890.0,27.1,11.6,0.0,0.0,0.0,90.0,60
2715,"Turkey, ground, 93% lean, 7% fat, pan-broiled crumbles",Other,922.0,27.1,11.6,0.0,,,90.0,60
2716,"Turkey, ground, 93% lean, 7% fat, patties, broiled",Other,207.0,25.9,11.4,0.0,0.0,0.0,91.0,60
2717,"Turkey, ground, 93% lean, 7% fat, raw",Other,150.0,18.7,8.34,0.0,0.0,0.0,69.0,60
2718,"Turkey, ground, 93% lean/ 7% fat, raw",Other,158.0,17.3,9.59,0.0,,,80.2,60
2719,"Turkey, Ground, cooked",Other,203.0,27.4,10.4,0.0,0.0,0.0,78.0,60
2720,"Turkey, ground, fat free, pan-broiled crumbles",Other,151.0,31.7,2.71,0.0,0.0,0.0,61.0,60
2721,"Turkey, ground, fat free, patties, broiled",Other,578.0,29.0,2.48,0.0,0.0,0.0,59.0,60
2722,"Turkey, ground, fat free, raw",Other,468.0,23.6,1.95,0.0,0.0,0.0,51.0,60
2723,"Turkey, Ground, raw",Other,148.0,19.7,7.66,0.0,0.0,0.0,58.0,60
2724,"Turkey, retail parts, breast, meat and skin, cooked, roasted",Other,687.0,29.0,5.33,0.05,0.0,0.0,114.0,60
2725,"Turkey, retail parts, breast, meat and skin, raw",Other,155.0,21.9,7.45,0.0,0.0,0.0,72.0,60
2726,"Turkey, retail parts, breast, meat and skin, with added solution, raw",Other,144.0,20.8,6.75,0.03,0.0,0.01,126.0,60
2727,"Turkey, retail parts, breast, meat only, cooked, roasted",Other,136.0,29.5,1.97,0.0,0.0,0.0,114.0,60
2728,"Turkey, retail parts, breast, meat only, raw",Other,478.0,23.3,2.33,0.0,0.0,0.0,74.0,60
2729,"Turkey, retail parts, breast, meat only, with added solution, cooked, roasted",Other,130.0,27.9,2.08,0.0,0.0,0.0,184.0,60
2730,"Turkey, retail parts, breast, meat only, with added solution, raw",Other,463.0,22.0,2.53,0.0,0.0,0.0,124.0,60
2731,"Turkey, retail parts, drumstick, meat and skin, cooked, roasted",Other,825.0,28.2,9.37,0.0,0.0,0.0,112.0,60
2732,"Turkey, retail parts, drumstick, meat and skin, raw",Other,141.0,20.0,6.84,0.0,0.0,0.0,86.0,60
2733,"Turkey, retail parts, drumstick, meat only, cooked, roasted",Other,173.0,28.6,6.52,0.0,0.0,0.0,112.0,60
2734,"Turkey, retail parts, drumstick, meat only, raw",Other,493.0,20.5,3.97,0.0,0.0,0.0,87.0,60
2735,"Turkey, retail parts, thigh, meat and skin, cooked, roasted",Other,765.0,24.0,9.5,0.41,0.0,0.0,101.0,60
2736,"Turkey, retail parts, thigh, meat and skin, raw",Other,161.0,19.5,9.16,0.0,0.0,0.0,75.0,60
2737,"Turkey, retail parts, thigh, meat only, cooked, roasted",Other,664.0,25.1,6.25,0.46,0.0,0.0,104.0,60
2738,"Turkey, retail parts, thigh, meat only, raw",Other,116.0,20.6,3.69,0.0,0.0,0.0,75.0,60
2739,"Turkey, retail parts, wing, meat and skin, cooked, roasted",Other,983.0,28.7,13.3,0.13,0.0,0.0,106.0,60
2740,"Turkey, retail parts, wing, meat and skin, raw",Other,202.0,19.5,13.8,0.05,0.0,0.03,67.0,60
2741,"Turkey, retail parts, wing, meat only, cooked, roasted",Other,170.0,30.2,5.51,0.0,0.0,0.0,103.0,60
2742,"Turkey, retail parts, wing, meat only, raw",Other,470.0,22.5,2.49,0.0,0.0,0.0,69.0,60
2743,"Turkey, thigh, from whole bird, meat only, raw",Other,108.0,21.3,2.5,0.15,0.0,0.1,124.0,60
2744,"Turkey, thigh, from whole bird, meat only, roasted",Other,691.0,27.7,6.04,0.0,0.0,0.0,104.0,60
2745,"Turkey, thigh, from whole bird, meat only, with added solution, raw",Other,115.0,19.3,4.12,0.15,0.0,0.1,167.0,60
2746,"Turkey, thigh, from whole bird, meat only, with added solution, roasted",Other,663.0,26.1,6.0,0.0,0.0,0.0,201.0,60
2747,"Turkey, whole, back, meat only, cooked, roasted",Other,173.0,27.7,6.04,0.0,0.0,0.0,104.0,60
2748,"Turkey, whole, back, meat only, raw",Other,475.0,21.3,2.5,0.15,0.0,0.1,124.0,60
2749,"Turkey, whole, breast, meat only, cooked, roasted",Other,147.0,30.1,2.08,0.0,0.0,0.0,99.0,60
2750,"Turkey, whole, breast, meat only, raw",Other,479.0,23.7,1.48,0.14,0.0,0.05,113.0,60
2751,"Turkey, whole, dark meat, cooked, roasted",Other,723.0,27.7,6.04,0.0,0.0,0.0,104.0,60
2752,"Turkey, whole, dark meat, meat and skin, cooked, roasted",Other,864.0,27.3,9.95,0.07,0.0,0.0,105.0,60
2753,"Turkey, whole, dark meat, meat only, raw",Other,108.0,21.3,2.5,0.15,0.0,0.1,124.0,60
2754,"Turkey, whole, giblets, cooked, simmered",Other,722.0,26.4,6.61,0.0,0.0,0.0,117.0,60
2755,"Turkey, whole, giblets, raw",Other,124.0,18.2,5.09,0.07,0.0,0.0,136.0,60
2756,"Turkey, whole, light meat, meat and skin, cooked, roasted",Other,739.0,29.6,5.57,0.05,0.0,0.0,101.0,60
2757,"Turkey, whole, light meat, meat and skin, raw",Other,161.0,22.0,7.43,0.15,0.0,0.06,105.0,60
2758,"Turkey, whole, light meat, raw",Other,114.0,23.7,1.48,0.14,0.0,0.05,113.0,60
2759,"Turkey, whole, meat and skin, cooked, roasted",Other,790.0,28.6,7.39,0.06,0.0,0.0,103.0,60
2760,"Turkey, whole, meat and skin, raw",Other,602.0,21.6,5.64,0.14,0.0,0.07,112.0,60
2761,"Turkey, whole, meat and skin, with added solution, raw",Other,159.0,19.0,9.1,0.15,0.0,0.08,180.0,60
2762,"Turkey, whole, meat and skin, with added solution, roasted",Other,176.0,26.1,8.01,0.0,0.0,0.0,224.0,60
2763,"Turkey, whole, meat only, cooked, roasted",Other,664.0,29.1,3.84,0.0,0.0,0.0,101.0,60
2764,"Turkey, whole, meat only, raw",Other,115.0,22.6,1.93,0.14,0.0,0.07,118.0,60
2765,"Turkey, whole, meat only, with added solution, raw",Other,442.0,20.9,2.39,0.14,0.0,0.06,194.0,60
2766,"Turkey, whole, meat only, with added solution, roasted",Other,140.0,26.6,3.7,0.0,0.0,0.0,223.0,60
2767,"Turkey, whole, neck, meat only, cooked, simmered",Other,679.0,22.5,7.36,0.0,0.0,0.0,246.0,60
2768,"Turkey, whole, neck, meat only, raw",Other,125.0,16.5,6.04,0.0,0.0,0.0,233.0,60
2769,"Turkey, whole, wing, meat only, cooked, roasted",Other,147.0,30.1,2.08,0.0,0.0,0.0,99.0,60
2770,"Turkey, whole, wing, meat only, raw",Other,115.0,23.7,1.48,0.14,0.0,0.05,113.0,60
2771,"Turkey, wing, from whole bird, meat only, with added solution, raw",Other,102.0,21.5,1.66,0.14,0.0,0.05,206.0,60
2772,"Turkey, wing, from whole bird, meat only, with added solution, roasted",Other,530.0,27.0,2.08,0.0,0.0,0.0,238.0,60
2773,"Turnip greens and turnips, frozen, cooked, boiled, drained, with salt",Vegetables,34.0,2.99,0.38,4.74,3.1,0.95,255.0,65
2774,"Turnip greens and turnips, frozen, cooked, boiled, drained, without salt",Vegetables,146.0,2.99,0.38,4.85,3.1,1.07,19.0,65
2775,"Turnip greens, cooked, boiled, drained, with salt",Vegetables,85.0,1.14,0.23,4.36,3.5,0.53,265.0,65
2776,"Turnip greens, cooked, boiled, drained, without salt",Vegetables,84.0,1.14,0.23,4.36,3.5,0.53,29.0,65
2777,"Turnip greens, frozen, cooked, boiled, drained, with salt",Vegetables,123.0,3.35,0.42,4.98,3.4,0.75,251.0,65
2778,"Turnip greens, frozen, cooked, boiled, drained, without salt",Vegetables,29.0,3.35,0.42,4.98,3.4,0.75,15.0,65
2779,"Turnip greens, raw",Vegetables,132.0,1.5,0.3,7.13,3.2,0.81,40.0,65
2780,"Turnover, chicken- or turkey-, and vegetable-filled, reduced fat, frozen",Vegetables,168.0,7.87,5.51,21.7,3.1,3.94,276.0,60
2781,"Turtle, green, raw",Other,372.0,19.8,0.5,0.0,0.0,0.0,68.0,60
2782,"Udi's, Gluten Free, Whole Grain Dinner Rolls",Other,329.0,11.8,11.6,44.3,11.2,4.2,507.0,60
2783,"Veal, Australian, rib, rib roast, separable lean only, raw",Other,561.0,21.7,4.63,1.4,0.0,0.0,83.0,60
2784,"Veal, Australian, shank, fore, bone-in, separable lean and fat, raw",Other,607.0,19.6,7.42,0.0,0.0,0.0,108.0,60
2785,"Veal, Australian, shank, fore, bone-in, separable lean only, raw",Other,123.0,20.2,4.65,0.0,0.0,0.0,112.0,60
2786,"Veal, Australian, shank, hind, bone-in, separable lean and fat, raw",Other,602.0,19.8,7.2,0.0,0.0,0.0,95.0,60
2787,"Veal, Australian, shank, hind, bone-in, separable lean only, raw",Other,122.0,20.4,4.47,0.0,0.0,0.0,98.0,60
2788,"Veal, breast, whole, boneless, separable lean only, cooked, braised",Other,218.0,30.3,9.8,0.0,,,68.0,60
2789,"Veal, composite of trimmed retail cuts, separable lean and fat, cooked",Other,231.0,30.1,11.4,0.0,0.0,0.0,87.0,60
2790,"Veal, composite of trimmed retail cuts, separable lean and fat, raw",Other,144.0,19.4,6.77,0.0,0.0,,82.0,60
2791,"Veal, composite of trimmed retail cuts, separable lean only, cooked",Other,196.0,31.9,6.58,0.0,0.0,0.0,89.0,60
2792,"Veal, composite of trimmed retail cuts, separable lean only, raw",Other,112.0,20.2,2.87,0.0,0.0,,86.0,60
2793,"Veal, cubed for stew (leg and shoulder), separable lean only, cooked, braised",Other,188.0,34.9,4.31,0.0,0.0,,93.0,60
2794,"Veal, cubed for stew (leg and shoulder), separable lean only, raw",Other,109.0,20.3,2.5,0.0,0.0,,83.0,60
2795,"Veal, foreshank, osso buco, separable lean and fat, cooked, braised",Other,762.0,27.9,7.77,0.11,0.0,0.0,90.0,60
2796,"Veal, foreshank, osso buco, separable lean only, cooked, braised",Other,657.0,29.1,4.51,0.0,0.0,0.0,90.0,60
2797,"Veal, ground, cooked, broiled",Other,172.0,24.4,7.56,0.0,0.0,0.0,83.0,60
2798,"Veal, ground, cooked, pan-fried",Other,901.0,25.8,11.8,1.51,0.0,0.0,146.0,60
2799,"Veal, leg (top round), separable lean and fat, cooked, braised",Other,211.0,36.2,6.33,0.0,0.0,0.0,67.0,60
2800,"Veal, leg (top round), separable lean and fat, cooked, pan-fried, breaded",Grains,238.0,27.3,9.18,9.91,0.3,0.57,454.0,60
2801,"Veal, leg (top round), separable lean and fat, cooked, pan-fried, not breaded",Grains,211.0,31.8,8.35,0.0,0.0,0.0,76.0,60
2802,"Veal, leg (top round), separable lean and fat, cooked, roasted",Other,160.0,27.7,4.65,0.0,0.0,0.0,68.0,60
2803,"Veal, leg (top round), separable lean and fat, raw",Other,117.0,21.0,3.08,0.0,0.0,0.0,63.0,60
2804,"Veal, leg (top round), separable lean only, cooked, braised",Other,203.0,36.7,5.09,0.0,0.0,,67.0,60
2805,"Veal, leg (top round), separable lean only, cooked, pan-fried, breaded",Grains,904.0,28.4,6.27,9.84,0.2,0.57,455.0,60
2806,"Veal, leg (top round), separable lean only, cooked, pan-fried, not breaded",Grains,183.0,33.2,4.62,0.0,0.0,0.0,77.0,60
2807,"Veal, leg (top round), separable lean only, cooked, roasted",Other,150.0,28.1,3.39,0.0,0.0,,68.0,60
2808,"Veal, leg (top round), separable lean only, raw",Other,107.0,21.3,1.76,0.0,0.0,,64.0,60
2809,"Veal, leg, top round, cap off, cutlet, boneless, cooked, grilled",Other,151.0,31.9,2.63,0.0,0.0,0.0,88.0,60
2810,"Veal, leg, top round, cap off, cutlet, boneless, raw",Other,447.0,22.1,2.07,0.0,0.0,0.0,86.0,60
2811,"Veal, loin, chop, separable lean and fat, cooked, grilled",Other,198.0,28.0,9.48,0.16,0.0,0.0,86.0,60
2812,"Veal, loin, chop, separable lean only, cooked, grilled",Other,159.0,29.8,4.44,0.07,0.0,0.0,85.0,60
2813,"Veal, loin, separable lean and fat, raw",Other,177.0,20.1,10.1,0.07,0.0,0.0,98.0,60
2814,"Veal, loin, separable lean only, cooked, braised",Other,226.0,33.6,9.15,0.0,0.0,0.0,84.0,60
2815,"Veal, loin, separable lean only, cooked, roasted",Other,175.0,26.3,6.94,0.0,0.0,0.0,96.0,60
2816,"Veal, loin, separable lean only, raw",Other,114.0,21.8,2.9,0.0,0.0,0.0,99.0,60
2817,"Veal, rib, separable lean and fat, cooked, braised",Other,251.0,32.4,12.5,0.0,0.0,0.0,95.0,60
2818,"Veal, rib, separable lean and fat, raw",Other,162.0,18.9,9.01,0.0,0.0,,89.0,60
2819,"Veal, rib, separable lean only, cooked, braised",Other,218.0,34.4,7.81,0.0,0.0,0.0,99.0,60
2820,"Veal, rib, separable lean only, cooked, roasted",Other,177.0,25.8,7.44,0.0,0.0,,97.0,60
2821,"Veal, rib, separable lean only, raw",Other,120.0,20.0,3.89,0.0,0.0,,95.0,60
2822,"Veal, shank (fore and hind), separable lean and fat, cooked, braised",Other,191.0,31.5,6.2,0.0,,,93.0,60
2823,"Veal, shank (fore and hind), separable lean and fat, raw",Other,473.0,19.2,3.48,0.0,,,84.0,60
2824,"Veal, shank (fore and hind), separable lean only, cooked, braised",Other,177.0,32.2,4.33,0.0,0.0,,94.0,60
2825,"Veal, shank (fore and hind), separable lean only, raw",Other,108.0,19.3,2.83,0.0,,,85.0,60
2826,"Veal, shank, separable lean and fat, raw",Other,107.0,19.3,3.3,0.0,0.0,0.0,107.0,60
2827,"Veal, shank, separable lean only, raw",Other,392.0,19.8,1.64,0.0,0.0,0.0,109.0,60
2828,"Veal, shoulder, arm, separable lean and fat, cooked, braised",Other,236.0,33.6,10.2,0.0,0.0,,87.0,60
2829,"Veal, shoulder, arm, separable lean and fat, cooked, roasted",Other,183.0,25.5,8.25,0.0,0.0,,90.0,60
2830,"Veal, shoulder, arm, separable lean and fat, raw",Other,132.0,19.3,5.44,0.0,0.0,0.0,83.0,60
2831,"Veal, shoulder, arm, separable lean only, cooked, braised",Other,201.0,35.7,5.33,0.0,0.0,,90.0,60
2832,"Veal, shoulder, arm, separable lean only, cooked, roasted",Other,164.0,26.1,5.81,0.0,0.0,,91.0,60
2833,"Veal, shoulder, arm, separable lean only, raw",Other,105.0,20.0,2.16,0.0,0.0,,86.0,60
2834,"Veal, shoulder, blade chop, separable lean and fat, cooked, grilled",Other,831.0,25.7,10.6,0.15,0.0,0.0,111.0,60
2835,"Veal, shoulder, blade chop, separable lean and fat, raw",Other,620.0,18.7,7.61,0.03,0.0,0.0,91.0,60
2836,"Veal, shoulder, blade chop, separable lean only, cooked, grilled",Other,666.0,27.3,5.53,0.0,0.0,0.0,113.0,60
2837,"Veal, shoulder, blade chop, separable lean only, raw",Other,459.0,19.6,2.88,0.0,0.0,0.0,92.0,60
2838,"Veal, shoulder, blade, separable lean and fat, cooked, braised",Other,225.0,31.3,10.1,0.0,0.0,0.0,98.0,60
2839,"Veal, shoulder, blade, separable lean and fat, cooked, roasted",Other,186.0,25.2,8.67,0.0,0.0,,100.0,60
2840,"Veal, shoulder, blade, separable lean only, cooked, braised",Other,198.0,32.7,6.48,0.0,0.0,0.0,101.0,60
2841,"Veal, shoulder, blade, separable lean only, cooked, roasted",Other,171.0,25.6,6.88,0.0,0.0,,102.0,60
2842,"Veal, shoulder, whole (arm and blade), separable lean and fat, cooked, braised",Other,228.0,32.1,10.1,0.0,0.0,0.0,95.0,60
2843,"Veal, shoulder, whole (arm and blade), separable lean and fat, cooked, roasted",Other,184.0,25.3,8.42,0.0,0.0,,96.0,60
2844,"Veal, shoulder, whole (arm and blade), separable lean and fat, raw",Other,130.0,19.3,5.28,0.0,0.0,0.0,91.0,60
2845,"Veal, shoulder, whole (arm and blade), separable lean only, cooked, braised",Other,199.0,33.7,6.1,0.0,0.0,,97.0,60
2846,"Veal, shoulder, whole (arm and blade), separable lean only, cooked, roasted",Other,170.0,25.8,6.62,0.0,0.0,,97.0,60
2847,"Veal, shoulder, whole (arm and blade), separable lean only, raw",Other,112.0,19.8,3.0,0.0,0.0,,92.0,60
2848,"Veal, sirloin, separable lean and fat, cooked, roasted",Other,202.0,25.1,10.4,0.0,0.0,0.0,83.0,60
2849,"Veal, sirloin, separable lean and fat, raw",Other,152.0,19.1,7.81,0.0,0.0,0.0,76.0,60
2850,"Veal, sirloin, separable lean only, cooked, braised",Other,204.0,34.0,6.51,0.0,0.0,,81.0,60
2851,"Veal, sirloin, separable lean only, cooked, roasted",Other,168.0,26.3,6.22,0.0,0.0,,85.0,60
2852,"Veal, sirloin, separable lean only, raw",Other,110.0,20.2,2.59,0.0,0.0,,80.0,60
2853,"Veal, variety meats and by-products, brain, cooked, braised",Other,136.0,11.5,9.63,0.0,0.0,,156.0,65
2854,"Veal, variety meats and by-products, brain, cooked, pan-fried",Other,213.0,14.5,16.8,0.0,0.0,,176.0,65
2855,"Veal, variety meats and by-products, brain, raw",Other,118.0,10.3,8.21,0.0,0.0,,127.0,65
2856,"Veal, variety meats and by-products, heart, cooked, braised",Other,186.0,29.1,6.75,0.13,0.0,,58.0,60
2857,"Veal, variety meats and by-products, heart, raw",Other,110.0,17.2,3.98,0.08,0.0,,77.0,60
2858,"Veal, variety meats and by-products, kidneys, cooked, braised",Other,163.0,26.3,5.66,0.0,0.0,,110.0,60
2859,"Veal, variety meats and by-products, kidneys, raw",Other,99.0,15.8,3.12,0.85,0.0,,178.0,60
2860,"Veal, variety meats and by-products, liver, cooked, braised",Other,805.0,28.4,6.26,3.77,0.0,0.0,78.0,60
2861,"Veal, variety meats and by-products, liver, cooked, pan-fried",Other,193.0,27.4,6.51,4.47,0.0,0.0,85.0,60
2862,"Veal, variety meats and by-products, liver, raw",Other,140.0,19.9,4.85,2.91,0.0,0.0,77.0,60
2863,"Veal, variety meats and by-products, lungs, cooked, braised",Other,104.0,18.7,2.64,0.0,0.0,,56.0,65
2864,"Veal, variety meats and by-products, lungs, raw",Other,90.0,16.3,2.3,0.0,0.0,,108.0,65
2865,"Veal, variety meats and by-products, pancreas, raw",Other,182.0,15.0,13.1,0.0,0.0,,67.0,65
2866,"Veal, variety meats and by-products, spleen, cooked, braised",Other,129.0,24.1,2.89,0.0,0.0,,58.0,65
2867,"Veal, variety meats and by-products, spleen, raw",Other,98.0,18.3,2.2,0.0,0.0,,97.0,65
2868,"Veal, variety meats and by-products, thymus, cooked, braised",Other,125.0,22.7,3.11,0.0,0.0,0.0,59.0,65
2869,"Veal, variety meats and by-products, thymus, raw",Other,101.0,17.2,3.07,0.0,0.0,0.0,67.0,65
2870,"Veal, variety meats and by-products, tongue, cooked, braised",Other,202.0,25.8,10.1,0.0,0.0,,64.0,60
2871,"Veal, variety meats and by-products, tongue, raw",Other,131.0,17.2,5.48,1.91,0.0,,82.0,60
2872,"Vegetables, mixed (corn, lima beans, peas, green beans, carrots) canned, no salt added",Vegetables,153.0,1.4,0.2,7.31,3.1,2.41,26.0,60
2873,"Vegetables, mixed, canned, solids and liquids",Vegetables,151.0,1.42,0.25,7.13,3.8,,224.0,60
2874,"Vegetables, mixed, frozen, cooked, boiled, drained, with salt",Vegetables,252.0,2.86,0.15,13.1,4.4,3.12,271.0,60
2875,"Vegetables, mixed, frozen, cooked, boiled, drained, without salt",Vegetables,65.0,2.86,0.15,13.1,4.4,3.12,35.0,60
2876,"Vegetables, mixed, frozen, unprepared",Vegetables,301.0,3.33,0.52,13.5,4.0,,47.0,65
2877,Vegetarian fillets,Other,1210.0,23.0,18.0,9.0,6.1,0.8,490.0,70
2878,Vegetarian meatloaf or patties,Other,824.0,21.0,9.0,8.0,4.6,1.2,550.0,60
2879,"Veggie burgers or soyburgers, unprepared",Other,739.0,15.7,6.3,14.3,4.9,1.07,569.0,60
2880,Vital wheat gluten,Grains,370.0,75.2,1.85,13.8,0.6,0.0,29.0,60
2881,"Vitasoy USA Azumaya, Extra Firm Tofu",Other,367.0,10.1,4.6,1.53,0.9,0.5,26.0,60
2882,"Vitasoy USA Organic Nasoya Sprouted, Tofu Plus Super Firm",Other,480.0,13.2,5.9,2.16,1.2,1.1,28.0,60
2883,"Vitasoy USA Organic Nasoya, Tofu Plus Extra Firm",Other,385.0,10.2,4.9,1.82,1.0,0.4,7.0,60
2884,"Vitasoy USA, Organic Nasoya Extra Firm Tofu",Other,412.0,10.1,5.2,2.6,1.3,0.4,4.0,60
2885,"Vitasoy USA, Organic Nasoya Super Firm Cubed Tofu",Other,118.0,12.4,6.3,2.8,2.0,0.6,6.0,60
2886,"Walrus, liver, raw (Alaska Native)",Other,125.0,21.0,3.0,3.5,,,,60
2887,"Walrus, meat and subcutaneous fat raw (Alaska Native)",Other,1180.0,16.3,24.1,0.0,,,,60
2888,"Walrus, meat, dried (Alaska Native)",Other,251.0,57.0,2.6,0.0,,,,60
2889,"Walrus, meat, raw (Alaska Native)",Other,199.0,19.2,13.6,0.0,,,,60
2890,"Wasabi, root, raw",Vegetables,456.0,4.8,0.63,23.5,7.8,,17.0,65
2891,"WENDY'S, CLASSIC SINGLE Hamburger, no cheese",Dairy,213.0,12.6,10.6,16.8,1.3,,395.0,60
2892,"WENDY'S, french fries",Other,301.0,3.73,14.1,39.7,4.0,0.4,219.0,60
2893,"WENDY'S, Frosty Dairy Dessert",Other,552.0,3.49,2.6,23.6,3.3,,98.0,60
2894,"WENDY'S, Homestyle Chicken Fillet Sandwich",Meat & Poultry,896.0,13.8,8.1,21.6,1.3,,401.0,60
2895,"WENDY'S, Ultimate Chicken Grill Sandwich",Meat & Poultry,179.0,14.7,5.0,18.9,1.1,,427.0,60
2896,"Whale, beluga, eyes (Alaska Native)",Other,291.0,19.6,23.3,0.0,0.0,0.0,,60
2897,"Whale, beluga, flipper, raw (Alaska Native)",Other,1140.0,19.0,21.7,0.0,0.0,0.0,,60
2898,"Whale, beluga, liver, raw (Alaska Native)",Other,117.0,18.4,3.9,2.0,,,,60
2899,"Whale, beluga, meat, dried (Alaska Native)",Other,327.0,69.9,5.34,0.0,0.0,0.0,220.0,60
2900,"Whale, beluga, meat, raw (Alaska Native)",Other,111.0,26.5,0.5,0.0,0.0,0.0,78.0,60
2901,"Wheat bran, crude",Grains,216.0,15.6,4.25,64.5,42.8,0.41,2.0,70
2902,"Wheat flour, white (industrial), 11.5% protein, bleached, enriched",Grains,363.0,11.5,1.45,73.8,2.4,1.12,2.0,60
2903,"Wheat flour, white (industrial), 11.5% protein, bleached, unenriched",Grains,1520.0,11.5,1.45,73.8,2.4,1.12,2.0,60
2904,"Wheat flour, white (industrial), 11.5% protein, unbleached, enriched",Grains,363.0,11.5,1.45,73.8,2.4,1.12,2.0,60
2905,"Wheat flour, white (industrial), 13% protein, bleached, enriched",Grains,1510.0,13.1,1.38,72.2,2.4,1.1,2.0,60
2906,"Wheat flour, white (industrial), 13% protein, bleached, unenriched",Grains,362.0,13.1,1.38,72.2,2.4,1.1,2.0,60
2907,"Wheat flour, white (industrial), 15% protein, bleached, enriched",Grains,1510.0,15.3,1.41,69.9,2.4,0.92,2.0,60
2908,"Wheat flour, white (industrial), 15% protein, bleached, unenriched",Grains,362.0,15.3,1.41,69.9,2.4,0.92,2.0,60
2909,"Wheat flour, white, all-purpose, enriched, bleached",Grains,364.0,10.3,0.98,76.3,2.7,0.27,2.0,60
2910,"Wheat flour, white, all-purpose, enriched, calcium-fortified",Grains,364.0,10.3,0.98,76.3,2.7,,2.0,60
2911,"Wheat flour, white, all-purpose, enriched, unbleached",Grains,364.0,10.3,0.98,76.3,2.7,0.27,2.0,60
2912,"Wheat flour, white, all-purpose, unenriched",Grains,1520.0,10.3,0.98,76.3,2.7,0.27,2.0,60
2913,"Wheat flour, white, bread, enriched",Grains,1510.0,12.0,1.66,72.5,2.4,0.31,2.0,60
2914,"Wheat flour, whole-grain (Includes foods for USDA's Food Distribution Program)",Grains,1420.0,13.2,2.5,72.0,10.7,0.41,2.0,70
2915,"Wheat flour, whole-grain, soft wheat",Grains,332.0,9.61,1.95,74.5,13.1,1.02,3.0,60
2916,"Wheat flours, bread, unenriched",Grains,361.0,12.0,1.66,72.5,2.4,0.31,2.0,60
2917,"Wheat germ, crude",Grains,360.0,23.2,9.72,51.8,13.2,,12.0,70
2918,"Wheat, durum",Grains,339.0,13.7,2.47,71.1,,,2.0,60
2919,"Wheat, hard red spring",Grains,329.0,15.4,1.92,68.0,12.2,0.41,2.0,70
2920,"Wheat, hard red winter",Grains,327.0,12.6,1.54,71.2,12.2,0.41,2.0,70
2921,"Wheat, hard white",Grains,342.0,11.3,1.71,75.9,12.2,0.41,2.0,70
2922,"Wheat, khorasan, cooked",Grains,132.0,5.71,0.83,27.6,4.3,3.07,8.0,60
2923,"Wheat, khorasan, uncooked",Grains,1410.0,14.5,2.13,70.6,11.1,7.84,5.0,70
2924,"Wheat, soft red winter",Grains,331.0,10.4,1.56,74.2,12.5,0.41,2.0,70
2925,"Wheat, soft white",Grains,340.0,10.7,1.99,75.4,12.7,0.41,2.0,70
2926,"Wild rice, dry, raw",Grains,359.0,12.8,1.7,75.7,4.26,,1.01,70
2927,"Wild rice, raw",Grains,357.0,14.7,1.08,74.9,6.2,2.5,7.0,70
2928,"Winged bean tuber, raw",Vegetables,148.0,11.6,0.9,28.1,,,35.0,60
2929,"Winged beans, mature seeds, cooked, boiled, with salt",Other,147.0,10.6,5.84,14.9,,,249.0,60
2930,"Winged beans, mature seeds, cooked, boiled, without salt",Other,147.0,10.6,5.84,14.9,,,13.0,60
2931,"Winged beans, mature seeds, raw",Other,409.0,29.6,16.3,41.7,25.9,,38.0,70
2932,"Wocas, dried seeds, Oregon, yellow pond lily (Klamath)",Other,1510.0,7.9,1.07,80.0,19.2,0.43,25.0,60
2933,"Yam, cooked, boiled, drained, or baked, with salt",Vegetables,477.0,1.49,0.14,27.0,3.9,0.49,244.0,65
2934,"Yam, cooked, boiled, drained, or baked, without salt",Vegetables,116.0,1.49,0.14,27.5,3.9,0.49,8.0,65
2935,"Yam, raw",Vegetables,494.0,1.53,0.17,27.9,4.1,0.5,9.0,65
2936,"Yambean (jicama), raw",Vegetables,159.0,0.72,0.09,8.82,4.9,1.8,4.0,65
2937,"Yardlong beans, mature seeds, cooked, boiled, with salt",Other,118.0,8.29,0.45,21.1,3.8,,241.0,60
2938,"Yardlong beans, mature seeds, cooked, boiled, without salt",Other,118.0,8.29,0.45,21.1,3.8,,5.0,60
2939,"Yardlong beans, mature seeds, raw",Other,347.0,24.3,1.31,61.9,11.0,,17.0,70
2940,Yeast extract spread,Vegetables,775.0,23.9,0.9,20.4,6.5,1.6,3380.0,60
2941,"Yogurt, Greek, plain, nonfat",Dairy,61.0,10.3,0.37,3.64,,3.27,36.0,60
2942,"Yogurt, Greek, plain, nonfat (Includes foods for USDA's Food Distribution Program)",Dairy,59.0,10.2,0.39,3.6,0.0,3.24,36.0,60
2943,Zwieback,Other,426.0,10.1,9.7,74.2,2.5,12.5,227.0,60
2944, AdvancePierre Flamebroiled Rib Shaped Pork Patty Topped with BBQ Sauce ,Meat & Poultry,209.0,14.8,12.1,10.2,0.99,8.18,288.0,60
2945, ALL NATURAL GLUTEN FREE CHICKEN NUGGETS,Meat & Poultry,194.0,18.8,9.41,8.24,0.0,0.0,400.0,60
2946, ARTISANAL COLLECTION SPAGHETTI PASTA,Grains,357.0,14.3,1.79,73.2,2.0,1.79,0.0,60
2947," CHOCOLATE CHIP PROTEIN MUFFIN MIX, CHOCOLATE",Snacks & Sweets,390.0,13.0,6.49,68.8,5.2,36.4,364.0,60
2948," EARLY BIRD MULTI SEED ORGANIC SMALL BATCH BREAD, EARLY BIRD MULTI SEED",Grains,278.0,9.26,7.41,42.6,3.7,5.56,333.0,60
2949, EGGPLANT,Fruits,24.0,0.0,0.0,5.95,3.6,3.57,0.0,60
2950, EVERYTHING DELI-STYLE BREADSTICKS,Grains,400.0,13.3,10.0,66.7,6.7,0.0,1000.0,60
2951," KETO FRIENDLY CHOCOLATE MINT SANDWICH COOKIES, CHOCOLATE; MINT",Snacks & Sweets,375.0,16.7,25.0,50.0,12.5,8.3,396.0,60
2952, MINIS GARDEN SALSA FLAVORED WHOLE GRAIN SNACKS,Snacks & Sweets,496.0,7.09,24.8,63.8,7.1,7.1,496.0,60
2953, NUTS & SEEDS,Snacks & Sweets,500.0,13.3,26.7,50.0,6.7,33.3,200.0,60
2954, ORGANIC BENGAL GRAM SPLIT CHANA DAL,Vegetables,470.0,20.0,0.0,59.0,8.0,0.0,10.0,70
2955, TRI-COLOR PEARL COUSCOUS,Vegetables,375.0,10.7,1.79,73.2,3.6,1.8,18.0,70
2956," Tyson Red Label Fully Cooked Unbreaded Fajita Seasoned Chicken Breast Strips, Small ",Meat & Poultry,147.0,22.6,4.58,3.71,0.49,0.0,480.0,60
2957," VANILLA CREAM MEAL REPLACEMENT SMOOTHIE MIX, VANILLA",Other,385.0,46.2,11.5,26.9,19.2,0.0,654.0,65
2958, VEGGIE TRICOLOR ROTINI PASTA,Grains,357.0,14.3,1.79,71.4,3.6,0.0,36.0,70
2959, WHOLE LARGE HEARTS IN BRINE ARTICHOKES,Vegetables,36.0,3.57,0.0,3.57,3.6,0.0,339.0,60
2960,"""""CHEEZY"""" DILL",Other,454.0,21.4,32.1,28.6,14.3,3.57,1140.0,65
2961,"""""CHOP,BI,CC,GM,6OZ,10#,Z""""",Meat & Poultry,161.0,25.8,5.38,0.0,0.0,0.0,65.0,60
2962,"""""CHOP,BI,CC,GM,ET12,4OZ,10#,Z""""",Meat & Poultry,188.0,17.9,12.5,0.0,0.0,0.0,188.0,60
2963,"""""CHOP,BI,CC,PHSE,GM,ET12,12OZ,10#,Z""""",Meat & Poultry,160.0,16.1,10.1,91.1,0.0,0.89,175.0,60
2964,"""""CHOP,BI,CC,SM,ET12,4OZ,10#,Z""""",Meat & Poultry,183.0,18.3,11.8,0.0,0.0,0.0,172.0,60
2965,"""""CHOP,BI,CC,SM,ET12,5OZ,10#,Z""""",Meat & Poultry,186.0,18.6,11.4,0.0,0.0,0.0,179.0,60
2966,"""""CHOP,BI,CC,SM,ET12,6OZ,10#,Z""""",Meat & Poultry,183.0,18.3,11.8,0.0,0.0,0.0,172.0,60
2967,"""""CHOP,PK,BNLS,GM,ET12,4OZ,10#,Z""""",Meat & Poultry,125.0,19.6,4.02,0.89,0.0,0.89,250.0,60
2968,"""""CHOP,PK,BNLS,GM,ET12,6OZ,10#,Z""""",Meat & Poultry,125.0,19.6,4.17,0.6,0.0,0.6,250.0,60
2969,"""""CHOP,PK,BNLS,MISCUTS,10#,Z""""",Meat & Poultry,170.0,15.2,11.6,0.89,0.0,0.89,179.0,60
2970,"""""CHOP,PK,BNLS,SM,ET20,4OZ,10#,Z""""",Meat & Poultry,170.0,15.2,11.6,0.89,0.0,0.89,179.0,60
2971,"""""DARN GOOD"""" CHILI SOUP BOWL, """"DARN GOOD"""" CHILI",Other,370.0,14.8,5.56,66.7,11.1,14.8,2700.0,65
2972,"""""DARN GOOD"""" CHILI SOUP MIX, """"DARN GOOD"""" CHILI",Other,343.0,17.1,2.86,68.6,17.1,8.57,1770.0,65
2973,"""""HATCH"""" GREEN CHILE FIESTA MIX",Snacks & Sweets,500.0,13.3,30.0,50.0,6.7,3.33,800.0,60
2974,"""""LN,BNLS,CC,CAN,BK,5/7,DRY,GM,VP,2PC,Z""""",Meat & Poultry,185.0,20.5,10.7,0.0,0.0,0.0,43.0,60
2975,"""""MORTGAGE LIFTER"""" PASTA SAUCE, FRESH MUSHROOM",Grains,86.0,3.12,1.95,13.3,3.9,7.81,266.0,65
2976,"""""PIC,BNLS,CUSH MT,VP,FL,4-4PC OR 4-5PC""""",Meat & Poultry,161.0,18.8,9.82,0.0,0.0,0.0,85.0,60
2977,"""""RACK-OF-PK,ET12,UNSEAS,2-1PC,Z""""",Meat & Poultry,179.0,17.9,11.6,0.0,0.0,0.0,196.0,60
2978,"""""RST,HAM,BNLS,NTD,SM,3PC,Z""""",Meat & Poultry,188.0,18.8,11.6,0.0,0.0,,54.0,60
2979,"""""SRLN,BNLS,ET12,FL,VP,6-4PC""""",Meat & Poultry,116.0,17.9,4.46,0.89,0.0,0.89,250.0,60
2980,"""""TOMATO"""" PORK BANGERS, TOMATO",Meat & Poultry,161.0,13.2,6.58,9.21,,,436.0,60
2981,"""DARN GOOD"" CHILI MIX",Other,355.0,16.1,3.23,67.7,19.4,3.2,1740.0,60
2982,"""DARN GOOD"" CHILI MIX",Other,371.0,20.0,2.86,65.7,22.9,5.71,1540.0,60
2983,"""FRIED RICE"" PROTEIN PACK",Grains,168.0,12.6,10.5,6.32,0.0,0.0,253.0,60
2984,"""JALAPENO AGAVE"" WHITE CORN TORTILLA CHIPS, ""JALAPENO AGAVE""",Snacks & Sweets,500.0,7.14,21.4,67.9,3.6,3.6,357.0,60
2985,"""MILD BEAN AND BEEF BEAN AND BEEF WITH CHEESE AND MILD ROASTED GREEN CHILE BURRITO, ""MILD BEAN AND BEEF",Meat & Poultry,184.0,10.6,8.24,23.9,5.5,1.18,424.0,70
2986,"""Minions"" Cheese, Cooked Sausage Crumbles (Made with Turkey) & Egg Breakfast Wrap",Dairy,234.0,12.6,9.03,25.7,3.6,0.1,364.0,70
2987,"""RANCH"" SNACKABLE EGGS & CRUNCHY DIP, ""RANCH",Other,209.0,15.4,15.4,3.3,1.1,0.0,363.0,60
2988,"""SOUR CREAM"" & CHIVE SPROUTED CASHEWS, ""SOUR CREAM"" & CHIVE",Snacks & Sweets,525.0,20.0,40.0,32.5,5.0,0.0,375.0,60
2989,"""THE MAVERICK MINI"" VEGAN BAR, ""THE MAVERICK MINI""",Snacks & Sweets,500.0,18.4,29.0,39.5,5.3,10.5,0.0,70
2990,#9 FETTUCCINI,Other,357.0,10.7,1.79,71.4,3.6,3.57,27.0,70
2991,'00' NEAPOLITAN-STYLE GLUTEN-FREE PIZZA FLOUR,Other,333.0,3.33,0.0,83.3,10.0,0.0,50.0,60
2992,'OO' PIZZA FLOUR,Other,333.0,10.0,0.0,73.3,3.3,0.0,0.0,60
2993,"'SOUR CREAM' & ONION VEGGIE POPS SUPERSNACKS ORGANIC DRIED VEGETABLE SNACK, 'SOUR CREAM' & ONION",Vegetables,500.0,25.0,25.0,39.3,14.3,3.57,1000.0,60
2994,'SWEET' WHITE SORGHUM FLOUR,Other,353.0,11.8,2.94,73.5,8.8,0.0,0.0,70
2995,"(EVERYTHING) HIKER BAGELS, (EVERYTHING) HIKER",Other,372.0,12.4,5.31,68.1,4.4,0.88,469.0,70
2996,(PIECES) IN THEIR OWN INK SQUID,Other,139.0,11.3,8.7,4.35,1.7,0.0,472.0,60
2997,"(SEA) SALTED MATZO CHIPS, (SEA) SALTED",Snacks & Sweets,429.0,14.3,7.14,78.6,7.1,3.57,607.0,60
2998,"(SEA) SALTED MATZO CHIPS, (SEA) SALTED",Snacks & Sweets,429.0,14.3,7.14,78.6,7.1,3.57,607.0,60
2999,(STEMLESS) CHILE DE ARBOL,Other,357.0,14.3,0.0,57.1,14.3,50.0,36.0,60
3000,"+PLUSBAR CHIA CRISP, CHOCOLATE PEANUT BUTTER",Snacks & Sweets,475.0,15.0,25.0,52.5,10.0,15.0,300.0,60
3001,+PLUSBAR PROTEIN,Snacks & Sweets,441.0,32.2,17.0,39.0,6.8,30.5,85.0,60
3002,"+PLUSBAR, BLUEBERRY ALMOND CHIA CRISP",Snacks & Sweets,450.0,12.5,22.5,55.0,10.0,17.5,300.0,60
3003,"-KUNG PAO- TEMPURA CAULIFLOWER BATTERED CAULIFLOWER WITH A KUNG PAO SAUCE, TEMPURA CAULIFLOWER",Other,136.0,3.64,6.36,13.6,4.5,0.0,327.0,60
3004,.5-.75 WGGS LANE SNAPPER,Other,98.0,20.5,1.34,0.0,0.0,0.0,62.0,60
3005,.5-.75 WGGS LANE SNAPPER,Other,98.0,20.5,1.34,0.0,0.0,0.0,62.0,60
3006,.5-1 LB IPW CLEAN OCTOPUS,Other,80.0,15.2,0.89,2.68,0.0,0.0,232.0,60
3007,.5/1 LB W.G.G.S. SNAPPER,Other,98.0,20.5,1.34,0.0,0.0,0.0,62.0,60
3008,.75-1 LB BLUERUNNERS,Other,107.0,21.4,1.79,0.0,0.0,0.0,36.0,60
3009,.75-1 LB WG Y.T. SNAPPER,Other,97.0,20.4,1.33,0.0,0.0,0.0,62.0,60
3010,.75-1 WG LANE SNAPPER,Other,98.0,20.5,1.34,0.0,0.0,0.0,62.0,60
3011,.75-1 WGGS LANE SNAPPER,Other,98.0,20.5,1.34,0.0,0.0,0.0,62.0,60
3012,.75-1 WGGS LANE SNAPPER,Other,98.0,20.5,1.34,0.0,0.0,0.0,62.0,60
3013,0,Meat & Poultry,170.0,20.5,8.93,0.0,,,49.0,60
3014,0% FAT FREE COTTAGE CHEESE,Dairy,71.0,12.4,0.0,5.31,0.0,4.42,381.0,60
3015,0% FAT FREE SMALL CURD COTTAGE CHEESE,Dairy,71.0,11.5,0.0,5.31,0.0,4.42,381.0,60
3016,0% FAT FREE SMALL CURD COTTAGE CHEESE,Dairy,62.0,10.6,0.0,5.31,0.0,0.0,354.0,60
3017,0% FAT FREE SMALL CURD MILKFAT COTTAGE CHEESE,Dairy,71.0,10.6,0.0,5.31,,1.8,381.0,60
3018,0% MILKFAT ALL NATURAL GREEK STRAINED YOGURT,Dairy,53.0,10.6,0.0,2.94,0.0,0.0,38.0,60
3019,0% MILKFAT FAT FREE SMALL CURD COTTAGE CHEESE,Dairy,71.0,11.5,0.0,5.31,0.0,4.42,381.0,60
3020,0% MILKFAT SMALL CURD COTTAGE CHEESE,Dairy,71.0,10.6,0.0,5.31,0.0,1.8,381.0,60
3021,0.34OZ LM UNPUFF APPLE CRISPS APPLE FLAVOR,Fruits,11800.0,0.0,0.0,2940.0,588.0,0.0,0.0,60
3022,0.34OZ LM UNPUFF APPLE CRISPS STRAWBERRY FLAVOR,Fruits,400.0,0.0,0.0,100.0,10.0,0.0,0.0,60
3023,"0G TOTAL SUGAR 70% DARK CHOCOLATE PEANUT BUTTER CUPS, DARK CHOCOLATE",Other,333.0,16.7,27.8,55.6,16.7,0.0,167.0,60
3024,1 ANGEL HAIR PASTA,Grains,351.0,12.3,1.75,70.2,2.8,2.98,0.0,60
3025,"1 APPLE + 1 MANGO FRUIT BAR, APPLE + MANGO",Fruits,286.0,0.0,0.0,77.1,8.6,0.0,71.0,65
3026,"1 APPLE + 1 PEAR FRUIT BAR, APPLE + PEAR",Fruits,286.0,2.86,0.0,77.1,8.6,0.0,43.0,60
3027,"1 APPLE + 10 CHERRIES FRUIT BAR, APPLE + CHERRIES",Fruits,286.0,2.86,0.0,74.3,8.6,0.0,57.0,65
3028,"1 APPLE + 12 STRAWBERRIES FRUIT BAR, APPLE + STRAWBERRIES",Fruits,286.0,2.86,0.0,62.9,11.4,0.0,86.0,60
3029,"1 APPLE + 20 BLUEBERRIES FRUIT BAR, APPLE + BLUEBERRIES",Fruits,286.0,2.86,0.0,74.3,11.4,0.0,71.0,60
3030,"1 APPLE + 3 APRICOTS FRUIT BAR, APPLE + APRICOTS",Fruits,286.0,2.86,0.0,77.1,8.6,0.0,43.0,60
3031,1 DOZEN FARM FRESH EGGS,Other,140.0,12.0,10.0,0.0,,,140.0,60
3032,1 DOZEN FARM FRESH EGGS,Other,143.0,12.7,9.52,0.0,,,143.0,60
3033,"1 OZ WG BREADED FORMED FISH NUGGETS, PAR FRIED, FROZEN, OVEN READY.",Grains,204.0,15.0,7.96,17.7,1.8,0.0,319.0,60
3034,1 OZ WHOLE GRAIN FISH STX,Seafood,196.0,15.2,7.14,16.1,0.9,0.0,348.0,60
3035,1% LOW FAT SMALL CURD COTTAGE CHEESE,Dairy,71.0,10.6,0.88,5.31,0.0,0.0,354.0,60
3036,1% LOW FAT SMALL CURD COTTAGE CHEESE,Dairy,71.0,10.6,0.88,5.31,0.0,0.0,354.0,60
3037,1% LOW FAT SMALL CURD COTTAGE CHEESE,Dairy,85.0,10.6,1.06,8.45,0.0,4.2,232.0,60
3038,1% LOW FAT SMALL CURD COTTAGE CHEESE,Dairy,80.0,11.5,0.88,5.31,0.0,0.0,407.0,60
3039,1% LOW FAT SMALL CURD COTTAGE CHEESE,Dairy,80.0,14.2,1.33,3.54,0.0,0.0,301.0,60
3040,1% LOW FAT SMALL CURD COTTAGE CHEESE,Dairy,80.0,11.5,0.88,5.31,0.0,0.0,407.0,60
3041,1% LOW FAT SMALL CURD COTTAGE CHEESE,Dairy,82.0,10.9,1.36,4.55,0.0,0.0,373.0,60
3042,1% LOW FAT SMALL CURD COTTAGE CHEESE,Dairy,71.0,10.6,0.88,4.42,0.0,3.54,354.0,60
3043,1% LOW FAT SMALL CURD COTTAGE CHEESE,Dairy,80.0,11.5,0.88,5.31,0.0,0.0,407.0,60
3044,1% LOW FAT SMALL CURD COTTAGE CHEESE,Dairy,73.0,10.9,1.36,3.64,0.0,2.73,409.0,60
3045,1% LOWFAT COTTAGE CHEESE,Dairy,80.0,11.5,0.88,4.42,0.0,4.42,442.0,60
3046,1% LOWFAT COTTAGE CHEESE,Dairy,80.0,11.5,0.88,4.42,0.0,4.42,442.0,60
3047,1% LOWFAT COTTAGE CHEESE,Dairy,80.0,11.5,0.88,4.42,0.0,4.42,442.0,60
3048,1% LOWFAT COTTAGE CHEESE SMALL CURD,Dairy,80.0,11.5,0.88,5.31,0.0,0.0,407.0,60
3049,1% LOWFAT SMALL CURD COTTAGE CHEESE,Dairy,80.0,10.6,1.33,5.31,0.0,3.54,416.0,60
3050,1% LOWFAT SMALL CURD COTTAGE CHEESE,Dairy,80.0,11.5,0.88,6.19,0.0,0.0,416.0,60
3051,1% LOWFAT SMALL CURD COTTAGE CHEESE,Dairy,80.0,14.2,1.33,3.54,0.0,0.0,301.0,60
3052,1% LOWFAT SMALL CURD COTTAGE CHEESE,Dairy,80.0,10.6,1.33,5.31,0.0,3.54,416.0,60
3053,1% LOWFAT SMALL CURD COTTAGE CHEESE,Dairy,80.0,11.5,0.88,4.42,0.9,3.54,425.0,60
3054,1% LOWFAT SMALL CURD COTTAGE CHEESE,Dairy,80.0,10.6,1.33,5.31,0.0,3.54,389.0,60
3055,1% LOWFAT SMALL CURD COTTAGE CHEESE,Dairy,80.0,10.6,1.33,6.19,0.0,0.0,407.0,60
3056,1% LOWFAT SMALL CURD COTTAGE CHEESE,Dairy,80.0,10.6,1.33,5.31,0.0,3.54,416.0,60
3057,1% LOWFAT SMALL CURD COTTAGE CHEESE,Dairy,71.0,10.6,0.88,5.31,0.0,3.54,354.0,60
3058,1% LOWFAT SMALL CURD COTTAGE CHEESE,Dairy,80.0,10.6,1.33,5.31,0.0,3.54,389.0,60
3059,1% LOWFAT SMALL CURD COTTAGE CHEESE,Dairy,71.0,10.6,0.88,5.31,0.0,3.54,354.0,60
3060,1% LOWFAT SMALL CURD COTTAGE CHEESE,Dairy,80.0,11.5,0.88,5.31,0.0,4.42,407.0,60
3061,1% LOWFAT SMALL CURD COTTAGE CHEESE,Dairy,71.0,10.6,0.88,4.42,0.0,3.54,354.0,60
3062,1% LOWFAT SMALL CURD COTTAGE CHEESE,Dairy,80.0,10.6,1.33,6.19,0.0,4.42,407.0,60
3063,1% LOWFAT SMALL CURD COTTAGE CHEESE,Dairy,80.0,10.7,1.34,6.25,0.0,3.57,375.0,60
3064,1% LOWFAT SMALL CURD COTTAGE CHEESE,Dairy,71.0,10.6,0.88,4.42,0.0,0.0,354.0,60
3065,1% LOWFAT SMALL CURD COTTAGE CHEESE,Dairy,80.0,10.6,0.88,5.31,0.0,4.42,434.0,60
3066,1% LOWFAT SMALL CURD COTTAGE CHEESE,Dairy,71.0,10.6,0.88,4.42,0.0,0.0,354.0,60
3067,1% LOWFAT SMALL CURD COTTAGE CHEESE,Dairy,80.0,11.5,0.88,5.31,0.0,4.42,407.0,60
3068,1% LOWFAT SMALL CURD COTTAGE CHEESE,Dairy,80.0,11.5,0.88,6.19,0.0,0.0,416.0,60
3069,1% LOWFAT SMALL CURD COTTAGE CHEESE,Dairy,80.0,11.5,0.88,4.42,0.9,3.54,425.0,60
3070,1% LOWFAT SMALL CURD COTTAGE CHEESE,Dairy,80.0,10.6,1.33,5.31,0.0,0.0,416.0,60
3071,1% LOWFAT SMALL CURD COTTAGE CHEESE,Dairy,71.0,11.5,1.33,4.42,0.0,2.65,398.0,60
3072,1% LOWFAT SMALL CURD COTTAGE CHEESE,Dairy,78.0,12.2,1.3,5.22,0.0,3.48,417.0,60
3073,1% LOWFAT SMALL CURD COTTAGE CHEESE,Dairy,71.0,10.6,0.88,5.31,,3.54,354.0,60
3074,1% LOWFAT SMALL CURD COTTAGE CHEESE,Dairy,80.0,12.4,1.33,4.42,0.0,3.54,425.0,60
3075,1% LOWFAT SMALL CURD COTTAGE CHEESE,Dairy,80.0,10.6,1.33,5.31,0.0,3.54,389.0,60
3076,1% LOWFAT SMALL CURD COTTAGE CHEESE,Dairy,71.0,11.5,0.88,5.31,0.0,4.42,363.0,60
3077,1% LOWFAT SMALL CURD COTTAGE CHEESE,Dairy,80.0,11.5,0.88,5.31,0.2,4.42,407.0,60
3078,"1% LOWFAT SMALL CURD COTTAGE CHEESE WITH CHIVE & TOASTED ONION, CHIVE & TOASTED ONION",Dairy,80.0,11.5,1.33,5.31,0.2,4.42,345.0,60
3079,1% MILK FAT LOW FAT COTTAGE CHEESE,Dairy,77.0,13.4,1.06,4.23,0.0,3.52,324.0,60
3080,"1% MILK FAT LOW FAT COTTAGE CHEESE SMALL CURD WITH PINEAPPLE, COTTAGE CHEESE SMALL CURD WITH PINEAPPLE",Dairy,80.0,10.6,0.88,7.08,0.0,1.8,230.0,60
3081,1% MILKFAT LOW FAT SMALL CURD NO SALT ADDED COTTAGE CHEESE,Dairy,80.0,14.2,1.33,3.54,0.0,0.0,40.0,60
3082,1% MILKFAT LOW FAT WHIPPED SPREADABLE COTTAGE CHEESE,Dairy,80.0,14.2,1.33,3.54,0.0,0.0,319.0,60
3083,1% MILKFAT LOWFAT COTTAGE CHEESE,Dairy,80.0,10.6,1.33,5.31,0.0,3.54,416.0,60
3084,1% MILKFAT LOWFAT COTTAGE CHEESE,Dairy,78.0,12.2,1.3,5.22,0.0,3.48,417.0,60
3086,1% MILKFAT SMALL CURD LOWFAT COTTAGE CHEESE,Dairy,73.0,12.0,1.33,4.67,0.2,4.0,347.0,60
3087,1% MILKFAT SMALL CURD LOWFAT COTTAGE CHEESE,Dairy,80.0,11.5,0.88,5.31,0.0,4.42,407.0,60
3088,1% MILKFAT SMALLCURD LOWFAT COTTAGE CHEESE,Dairy,80.0,11.5,1.33,4.42,0.2,4.42,345.0,60
3089,1% MILKFAT WITH PINEAPPLE SMALL CURD COTTAGE CHEESE,Dairy,80.0,10.6,0.88,7.08,0.0,1.8,230.0,60
3090,1% SMALL CURD COTTAGE CHEESE,Dairy,80.0,14.2,1.33,3.54,,0.0,40.0,60
3091,1% SMALL CURD LOWFAT COTTAGE CHEESE,Dairy,75.0,11.2,1.25,3.75,0.0,3.12,394.0,60
3092,1% SMALL CURD LOWFAT COTTAGE CHEESE,Dairy,71.0,10.6,0.88,4.42,0.0,3.54,354.0,60
3093,1% SMALL CURD LOWFAT COTTAGE CHEESE,Dairy,80.0,11.5,0.88,5.31,0.0,4.42,407.0,60
3094,1% SMALL CURD LOWFAT COTTAGE CHEESE,Dairy,80.0,10.6,1.33,5.31,0.0,3.54,416.0,60
3095,1% SMALL CURD LOWFAT COTTAGE CHEESE,Dairy,80.0,12.4,0.88,5.31,0.0,4.42,53.0,60
3097,1% WHIPPED SPREADABLE COTTAGE CHEESE,Dairy,80.0,14.2,1.33,3.54,0.0,2.65,319.0,60
3098,1-2 IPW CLEANED OCTOPUS,Other,80.0,15.2,0.89,2.68,0.0,0.0,232.0,60
3099,1-2 LB W.G.G.S. SNAPPER,Other,98.0,20.5,1.34,0.0,0.0,0.0,62.0,60
3100,1-2 OZ SWAI QUARTERS,Other,80.0,18.8,0.89,0.0,0.0,0.0,259.0,60
3101,1-2 OZ SWAI QUARTERS,Other,80.0,18.8,0.89,0.0,0.0,0.0,259.0,60
3102,1-2 WGGS LANE SNAPPER,Other,98.0,20.5,1.34,0.0,0.0,0.0,62.0,60
3103,1-3 LB CO GROUPER LOINS,Other,88.0,19.5,0.88,0.0,0.0,0.0,53.0,60
3104,1-3 LB CORVINA FILLETS,Other,118.0,17.6,4.71,0.0,0.0,0.0,76.0,60
3105,1-3 LB GROUPER FILLET,Other,88.0,19.5,0.88,0.0,0.0,0.0,53.0,60
3106,1-3 LB GROUPER LOIN,Other,88.0,19.5,0.88,0.0,0.0,0.0,62.0,60
3107,1-3 LB RED GROUPER LOIN,Other,88.0,19.5,0.88,0.0,0.0,0.0,53.0,60
3108,1-3 OZ MAHI PIECES,Other,89.0,18.8,0.89,0.0,0.0,0.0,89.0,60
3109,1-3LB CO GROUPER FILLET,Other,88.0,19.5,0.88,0.0,0.0,0.0,53.0,60
3110,1-3LB SKN/ON GROUPER LOIN,Other,88.0,19.5,0.88,0.0,0.0,0.0,62.0,60
3111,1-TO-1 BAKING OKARA FLOUR,Other,350.0,6.25,1.88,78.8,12.5,0.0,44.0,60
3113,1.33oz Raisins,Fruits,300.0,3.0,0.0,79.0,4.0,0.0,20.0,60
3114,1.37OZ LAY'S SEA SALT -N-PEPPER,Snacks & Sweets,540.0,5.14,30.8,56.6,5.1,2.57,386.0,65
3115,1.5% LOWFAT COTTAGE CHEESE,Dairy,71.0,10.6,1.33,4.42,0.2,3.54,354.0,60
3116,1.55Z SUNCHIPS APPLE CINNAMON,Snacks & Sweets,456.0,11.4,13.7,72.9,6.8,16.0,296.0,60
3117,1.87OZ LAY'S HONEY BBQ,Snacks & Sweets,546.0,5.65,33.9,56.5,3.8,7.53,358.0,65
3118,1/1.5 LB W.G.G.S. SNAPPER,Other,88.0,18.6,0.88,0.0,0.0,0.0,58.0,60
3119,1/2 IPW CLEANED OCTOPUS,Other,97.0,15.0,1.77,2.65,0.0,0.0,44.0,60
3120,1/2 LOAF SPECIAL RECIPE BREAD,Grains,250.0,10.7,5.36,46.4,3.6,7.14,500.0,70
3121,1/2 OF AN ORGANIC PINEAPPLE WITH COCONUT FRUIT JERKY,Fruits,348.0,4.35,4.35,69.6,4.3,0.0,0.0,60
3122,1/2% DRY CURD COTTAGE CHEESE,Dairy,88.0,17.5,0.44,1.75,0.0,1.75,13.0,60
3123,1/3 CT CELLO COD FILLETS,Other,80.0,17.7,0.88,0.0,0.0,0.0,62.0,60
3124,1/3 LB BLACK GROUPER LOIN,Other,89.0,19.6,0.89,0.0,0.0,0.0,54.0,60
3125,1/3 LB CO MAHI LOINS,Other,89.0,18.8,0.89,0.0,0.0,0.0,89.0,60
3126,1/3 LB CO SNAPPER FILLET,Other,97.0,20.4,1.33,0.27,0.0,0.0,62.0,60
3127,1/3 LB RED GROUPER LOINS,Other,88.0,19.5,0.88,0.0,0.0,0.0,53.0,60
3128,1/3 LB. MAHI MAHI LOINS,Other,89.0,18.8,0.89,0.0,0.0,0.0,89.0,60
3129,"10 BEAN SOUP MIX, 10 BEAN",Other,304.0,30.4,0.0,82.6,41.3,2.17,54.0,70
3131,"10 GRAIN BREAD MIX, 10 GRAIN",Grains,364.0,15.2,3.03,69.7,6.1,6.1,606.0,60
3132,"10 GRAIN BREADED ALASKAN COD, 10 GRAIN BREADED",Grains,204.0,12.4,9.73,17.7,,0.88,327.0,60
3133,"10 GRAIN HOT CEREAL, 10 GRAIN",Other,375.0,15.0,2.5,72.5,15.0,0.0,0.0,70
3134,"10 GRAIN PANCAKE & WAFFLE MIX, 10 GRAIN",Other,350.0,12.5,2.5,70.0,7.5,0.0,1550.0,60
3135,"10 GRAINS & SEEDS ARTISAN BAKER BREAD, 10 GRAINS & SEEDS",Grains,258.0,4.84,4.03,51.6,9.7,4.8,290.0,60
3136,"10 GRAINS & SEEDS ORGANIC ENGLISH MUFFINS, 10 GRAINS & SEEDS",Other,246.0,10.8,1.54,47.7,3.1,7.7,508.0,60
3137,"10 GRAINS & SEEDS ORGANIC ENGLISH MUFFINS, 10 GRAINS & SEEDS",Other,246.0,10.8,2.31,46.2,3.1,7.7,492.0,70
3138,"10 GRAINS & SEEDS ORGANIC ENGLISH MUFFINS, 10 GRAINS & SEEDS",Other,246.0,10.8,1.54,47.7,3.1,7.7,508.0,60
3139,10 Knots Smoked Hake 0.325kg,Other,79.0,15.7,1.5,0.3,,0.5,189.0,60
3140,10 OZ CH C/C STRIP STK,Meat & Poultry,152.0,23.2,6.25,0.0,0.0,0.0,58.0,60
3141,10 OZ CHILEAN SEA BASS,Other,97.0,18.6,1.77,0.0,0.0,0.0,66.0,60
3142,10 OZ EL CASINO STFD FLDR,Other,124.0,16.2,2.65,7.42,0.5,1.77,382.0,60
3143,10 OZ LOB TAILS/BUTTER,Other,159.0,20.4,5.75,84.1,0.0,0.0,177.0,60
3144,10 OZ LOBSTER TAILS,Other,116.0,20.5,1.34,2.68,0.0,0.0,179.0,60
3145,10 OZ LOBSTER TAILS,Other,116.0,20.5,1.34,2.68,0.0,0.0,179.0,60
3146,10 OZ MAHI-MAHI PORTIONS,Other,106.0,21.2,0.88,0.0,0.0,0.0,106.0,60
3147,10 OZ UNIFORM SALMON PORT,Other,223.0,20.5,16.1,0.0,0.0,0.0,40.0,60
3149,10-20 CT/KG H/ON SHRIMP,Other,94.0,21.2,1.18,0.0,0.0,0.0,318.0,60
3150,10.00OZ TOSTITOS SCOOPS,Snacks & Sweets,500.0,7.14,25.0,67.9,3.6,0.0,429.0,60
3151,10/12 OZ CAN LOBSTER TAIL,Other,80.0,17.0,0.89,0.0,0.0,0.0,429.0,60
3152,10/12 OZ CO GROUPER FILL,Other,88.0,19.5,0.88,0.0,0.0,0.0,62.0,60
3153,10/12 OZ CO SNAPPER,Other,98.0,20.5,1.34,0.0,0.0,0.0,62.0,60
3154,10/12 OZ CO V/P REDFISH,Seafood,116.0,17.0,4.46,0.89,0.0,0.0,58.0,60
3155,10/12 OZ CO V/P REDFISH,Seafood,116.0,17.0,4.46,0.89,0.0,0.0,58.0,60
3156,10/12 OZ GROUPER FILLETS,Other,88.0,19.5,0.88,0.0,0.0,0.0,53.0,60
3157,10/12 OZ GROUPER FILLETS,Other,88.0,19.5,0.88,0.0,0.0,0.0,53.0,60
3158,10/12 OZ GROUPER FILLETS,Other,88.0,19.5,0.88,0.0,0.0,0.0,62.0,60
3159,10/12 OZ H&G FLOUNDER,Other,71.0,12.5,1.79,0.0,0.0,0.0,295.0,60
3160,10/12 OZ LOBSTER TAILS,Other,116.0,20.5,1.34,2.68,0.0,0.0,179.0,60
3161,10/12 OZ LOBSTER TAILS,Other,116.0,20.5,1.34,2.68,0.0,0.0,179.0,60
3162,10/12 OZ LOBSTER TAILS,Other,116.0,20.5,1.34,2.68,0.0,0.0,179.0,60
3163,10/12 OZ LOBSTER TAILS,Other,116.0,20.5,1.34,2.68,0.0,0.0,179.0,60
3164,10/12 OZ LOBSTER TAILS,Other,116.0,20.5,1.34,2.68,0.0,0.0,179.0,60
3165,10/12 OZ MACKEREL STEAKS,Other,137.0,19.5,6.19,0.0,0.0,0.0,59.0,60
3166,10/12 OZ SNAPPER FILLET,Other,98.0,20.5,1.34,0.0,0.0,0.0,62.0,60
3167,10/12 OZ SNAPPER FILLET,Other,98.0,20.5,1.34,0.0,0.0,0.0,62.0,60
3168,10/12 OZ SPOTTED SEATROUT,Other,152.0,20.5,6.25,0.0,0.0,0.0,54.0,60
3169,10/12OZ BRAZ LOBSTER TAIL,Other,116.0,20.5,1.34,2.68,0.0,0.0,179.0,60
3170,10/12OZ BRAZ LOBSTER TAIL,Other,116.0,20.5,1.34,2.68,0.0,0.0,179.0,60
3171,10/12OZ CO SNAPPER FILLET,Other,98.0,20.5,1.34,0.0,0.0,0.0,62.0,60
3172,10/15 CT HEAD ON SHRIMP,Other,71.0,16.1,0.89,0.0,0.0,0.0,170.0,60
3173,10/20 CT IQF SCALLOPS,Other,111.0,18.6,0.88,1.77,0.0,0.0,230.0,60
3174,10/20 CT IQF SCALLOPS,Other,71.0,12.5,0.45,2.68,0.0,0.0,393.0,60
3175,10/20 CT IQF SCALLOPS,Other,71.0,12.5,0.45,3.57,0.0,0.0,393.0,60
3176,10/20 CT IQF SCALLOPS,Other,71.0,12.5,0.45,2.68,0.0,0.0,393.0,60
3177,10/20 CT IQF SCALLOPS,Other,71.0,12.5,0.45,2.68,0.0,0.0,393.0,60
3178,10/UP OZ FLOUNDER FILLETS,Other,62.0,12.4,1.77,0.0,0.0,0.0,80.0,60
3179,10/UP WG GROUPER,Other,88.0,19.5,0.88,0.0,0.0,0.0,62.0,60
3180,100 CALORIE GUACAMOLE SNACK PACKS,Other,175.0,1.75,17.5,10.5,5.3,1.75,298.0,60
3181,100 CALORIE PACKS MIXED NUTS,Snacks & Sweets,562.0,16.8,44.9,22.5,11.2,5.6,702.0,60
3182,100 CALORIE PROTEIN SNACK BAR,Snacks & Sweets,500.0,20.0,35.0,35.0,5.0,20.0,50.0,60
3183,"100 CALORIE PROTEIN SNACK, POWERFUL PEANUT",Snacks & Sweets,500.0,20.0,30.0,35.0,5.0,25.0,50.0,60
3184,"100 CALORIE SHOTS OVEN BAKED CASHEWS, OVEN BAKED",Snacks & Sweets,588.0,17.6,29.4,29.4,5.9,0.0,0.0,60
3185,"100% ALL BEEF HAMBURGERS, BEEF",Meat & Poultry,248.0,17.7,19.5,0.0,0.0,0.0,75.0,60
3186,100% ALL NATURAL BEEF TOP SIRLOIN STEAK,Meat & Poultry,107.0,21.4,2.68,0.0,,,45.0,60
3187,100% ALL NATURAL CALAMARI RINGS,Seafood,88.0,15.0,1.33,2.65,0.0,0.0,44.0,60
3188,"100% ALL NATURAL CHICKEN BREAST MINI NUGGETS PATTY FRITTERS WITH RIB MEAT, CHICKEN BREAST",Meat & Poultry,209.0,11.6,10.5,15.1,1.2,0.0,488.0,60
3189,100% ALL NATURAL CREAMY PEANUT BUTTER,Other,594.0,25.0,50.0,21.9,9.4,0.0,203.0,60
3190,100% ALL NATURAL OMEGA-3 TRAIL MIX,Snacks & Sweets,536.0,10.7,35.7,42.9,7.1,21.4,107.0,60
3191,100% ALL NATURAL PORCINI MUSHROOM CHICKEN,Meat & Poultry,99.0,4.59,3.18,11.0,3.2,0.0,212.0,60
3192,"100% ALL NATURAL SPREAD, CRUNCHY PEANUT BUTTER",Other,594.0,25.0,50.0,21.9,9.4,0.0,203.0,60
3193,"100% ALMONDS BUTTER, ALMOND",Other,594.0,21.9,53.1,21.9,9.4,6.25,0.0,70
3194,100% BABY KALE,Fruits,29.0,3.53,0.0,3.53,3.5,0.0,35.0,65
3195,100% BLUE CORN TORTILLAS,Other,242.0,4.65,1.16,51.2,4.7,0.0,58.0,60
3196,100% BREAST MEAT GROUND CHICKEN,Meat & Poultry,98.0,21.4,1.79,0.0,0.0,0.0,45.0,60
3197,100% CACAO COCOA,Other,200.0,20.0,10.0,60.0,40.0,0.0,0.0,70
3198,"100% CACAO MIDNIGHT COCONUT CHOCOLATE BAR, COCONUT",Other,571.0,10.7,60.7,25.0,14.3,0.0,18.0,60
3199,"100% CACAO ORGANIC BAKING CHOCOLATE CHIPS, 100% CACAO",Snacks & Sweets,500.0,14.3,57.1,28.6,14.3,0.0,0.0,60
3200,100% CACAO UNSWEETENED CHOCOLATE BAKING BAR,Other,533.0,13.3,53.3,33.3,13.3,0.0,0.0,60
3201,"100% CACAO UNSWEETENED CHOCOLATE BAKING BAR, UNSWEETENED CHOCOLATE",Other,500.0,14.3,50.0,28.6,14.3,0.0,0.0,60
3202,"100% CACAO UNSWEETENED CHOCOLATE PREMIUM BAKING CHIPS, UNSWEETENED CHOCOLATE CHIPS",Snacks & Sweets,533.0,13.3,53.3,33.3,20.0,0.0,0.0,60
3203,100% CAGE FREE LIQUID EGG WHITES,Other,54.0,10.9,0.0,0.0,0.0,0.0,163.0,60
3204,100% CHICKPEA CASARECCE PASTA,Grains,375.0,21.4,5.36,60.7,12.5,1.79,0.0,70
3205,100% CHICKPEA CASARECCE PASTA,Grains,375.0,21.4,5.36,60.7,12.5,0.0,0.0,70
3206,100% CHUNKY MINIS AVOCADO,Fruits,228.0,1.75,19.3,8.77,5.3,0.0,9.0,60
3207,"100% CLEAN CHOCOLATE ORGANIC DOUGH, CHOCOLATE",Other,382.0,12.7,8.18,63.6,3.6,7.3,327.0,70
3208,100% DURUM,Other,375.0,12.5,1.79,75.0,0.0,5.36,179.0,60
3209,100% DURUM SEMOLINA CHIOCCIOLE,Other,351.0,12.3,1.75,71.9,3.5,3.51,0.0,70
3210,"100% DURUM SEMOLINA ENRICHED MACARONI PRODUCT, CAVATAPPI",Other,357.0,12.5,1.79,75.0,3.6,3.57,0.0,70
3211,"100% DURUM SEMOLINA ENRICHED MACARONI PRODUCT, ORZO",Other,375.0,12.5,1.79,73.2,3.6,3.57,0.0,70
3212,"100% DURUM SEMOLINA ENRICHED MACARONI PRODUCT, TUBETTI #62",Other,357.0,10.7,0.89,75.0,3.6,3.57,0.0,70
3213,"100% DURUM SEMOLINA MACARONI PRODUCT, PENNE PASTA",Grains,357.0,12.5,1.79,75.0,3.6,1.79,0.0,70
3214,"100% DURUM SEMOLINA, ENRICHED SPAGHETTI PRODUCT, ANGEL HAIR",Other,357.0,12.5,1.79,73.2,3.6,3.57,0.0,70
3215,100% DURUM WHEAT GENUINE ITALIAN PASTA,Grains,364.0,10.9,1.82,72.7,3.6,3.64,27.0,70
3216,"100% DURUM WHEAT PREMIUM PASTA, SHELL",Grains,357.0,12.5,1.79,75.0,3.6,3.57,0.0,70
3217,100% DURUM WHEAT SEMOLINA,Other,380.0,10.7,1.79,78.6,3.6,3.57,0.0,70
3218,100% DURUM WHEAT SEMOLINA,Other,357.0,10.7,1.79,73.2,3.6,3.57,0.0,70
3219,100% DURUM WHEAT SEMOLINA,Other,357.0,10.7,1.79,73.2,3.6,3.57,0.0,70
3220,100% DURUM WHEAT SEMOLINA,Other,375.0,12.5,1.79,73.2,3.6,3.57,0.0,70
3221,100% DURUM WHEAT SEMOLINA,Other,380.0,10.7,1.79,78.6,3.6,3.57,0.0,70
3222,"100% DURUM WHEAT SEMOLINA AUTHENTIC ITALIAN PASTA, N. 84 MEZZE MANICHE RIGATE",Grains,357.0,12.5,1.79,71.4,3.6,3.57,27.0,70
3223,100% DURUM WHEAT SEMOLINA BUCATINI PASTA,Grains,375.0,14.3,1.79,73.2,3.6,0.0,0.0,70
3224,100% DURUM WHEAT SEMOLINA CALAMARI PASTA,Grains,375.0,14.3,1.79,73.2,3.6,0.0,0.0,70
3225,100% DURUM WHEAT SEMOLINA EGG PASTA,Grains,368.0,17.5,5.26,64.9,3.5,1.75,702.0,60
3226,100% DURUM WHEAT SEMOLINA ENRICHED MACARONI PRODUCT,Other,357.0,12.5,1.79,75.0,3.6,1.79,0.0,70
3227,100% DURUM WHEAT SEMOLINA ENRICHED MACARONI PRODUCT DITALINI #63,Other,339.0,10.7,1.79,73.2,3.6,1.79,0.0,70
3228,"100% DURUM WHEAT SEMOLINA ENRICHED MACARONI PRODUCT, CUT ZITI #18",Other,357.0,10.7,0.89,75.0,3.6,3.57,0.0,70
3229,"100% DURUM WHEAT SEMOLINA ENRICHED MACARONI PRODUCT, DITALINI",Other,357.0,10.7,1.79,73.2,3.6,3.57,0.0,70
3230,"100% DURUM WHEAT SEMOLINA ENRICHED MACARONI PRODUCT, ELICOIDALI #21",Other,357.0,10.7,0.89,75.0,3.6,3.57,0.0,70
3231,"100% DURUM WHEAT SEMOLINA ENRICHED MACARONI PRODUCT, LINGUINE FINI #8",Other,357.0,10.7,0.89,75.0,3.6,0.0,0.0,70
3232,"100% DURUM WHEAT SEMOLINA ENRICHED MACARONI PRODUCT, LONG ZITI #19",Other,357.0,12.5,1.79,73.2,3.6,1.79,0.0,70
3233,"100% DURUM WHEAT SEMOLINA ENRICHED MACARONI PRODUCT, PENNE RIGATE TRICOLOR #141",Other,375.0,10.7,1.79,73.2,,3.57,18.0,60
3234,"100% DURUM WHEAT SEMOLINA ENRICHED MACARONI PRODUCT, SPAGHETTINI - 17",Other,333.0,12.3,1.75,70.2,3.5,1.75,0.0,70
3235,"100% DURUM WHEAT SEMOLINA ENRICHED MACARONI PRODUCT, TRADITIONAL RIGATONI #24",Other,357.0,10.7,0.89,75.0,3.6,0.0,0.0,70
3236,"100% DURUM WHEAT SEMOLINA GREEK PASTA, OSTRAKO",Grains,357.0,10.7,1.79,75.0,3.6,3.57,0.0,70
3237,"100% DURUM WHEAT SEMOLINA ITALIAN PASTA, SPAGHETTI",Grains,357.0,13.0,1.43,75.0,3.0,3.04,4.0,60
3238,100% DURUM WHEAT SEMOLINA MACARONI PRODUCT,Other,375.0,12.5,1.79,78.6,3.6,3.57,0.0,70
3239,"100% DURUM WHEAT SEMOLINA MACARONI PRODUCT, BUCATINI NO.14",Other,375.0,12.5,1.79,78.6,3.6,3.57,0.0,70
3241,"100% DURUM WHEAT SEMOLINA MACARONI PRODUCT, FARFALLE NO. 78",Other,375.0,12.5,1.79,78.6,3.6,0.0,0.0,70
3242,"100% DURUM WHEAT SEMOLINA MACARONI PRODUCT, FUSILLI NO. 63",Other,375.0,12.5,1.79,78.6,3.6,0.0,0.0,70
3243,"100% DURUM WHEAT SEMOLINA MACARONI PRODUCT, LUMACHINE NO. 56",Other,375.0,12.5,1.79,78.6,3.6,0.0,0.0,70
3244,"100% DURUM WHEAT SEMOLINA MACARONI PRODUCT, MEZZE MANICHE RIGATE NO. 32",Other,375.0,12.5,1.79,78.6,3.6,0.0,0.0,70
3245,"100% DURUM WHEAT SEMOLINA MACARONI PRODUCT, NO. 15 FETTUCCE",Other,375.0,12.5,1.79,78.6,3.6,3.57,0.0,70
3246,"100% DURUM WHEAT SEMOLINA MACARONI PRODUCT, NO. 22 CAPELLINI SPEZZATI",Other,375.0,12.5,1.79,78.6,3.6,3.57,0.0,70
3247,"100% DURUM WHEAT SEMOLINA MACARONI PRODUCT, NO. 23 FARFALLINE",Other,375.0,12.5,1.79,78.6,3.6,3.57,0.0,70
3248,"100% DURUM WHEAT SEMOLINA MACARONI PRODUCT, NO. 4 SPAGHETTINI",Other,375.0,12.5,1.79,78.6,3.6,3.57,0.0,70
3249,"100% DURUM WHEAT SEMOLINA MACARONI PRODUCT, NO. 5-14 ORECCHIETTE",Other,375.0,12.5,1.79,78.6,3.6,3.57,0.0,70
3250,"100% DURUM WHEAT SEMOLINA MACARONI PRODUCT, NO. 69 PENNE ZITI LISCE",Other,375.0,12.5,1.79,78.6,3.6,3.57,0.0,70
3251,"100% DURUM WHEAT SEMOLINA MACARONI PRODUCT, NO. 87 RADIATORI",Other,375.0,12.5,1.79,78.6,3.6,3.57,0.0,70
3252,"100% DURUM WHEAT SEMOLINA MACARONI PRODUCT, ORZO 106",Other,375.0,12.5,1.79,78.6,3.6,3.57,0.0,70
3253,"100% DURUM WHEAT SEMOLINA MACARONI PRODUCT, PAPPARDELLE NO. 1-35",Other,375.0,12.5,1.79,78.6,3.6,0.0,0.0,70
3254,"100% DURUM WHEAT SEMOLINA MACARONI PRODUCT, PENNE",Other,364.0,10.9,1.82,72.7,3.6,3.64,27.0,70
3255,"100% DURUM WHEAT SEMOLINA MACARONI PRODUCT, PENNE MEZZANI RIGATE NO. 73",Other,375.0,12.5,1.79,78.6,3.6,3.57,0.0,70
3256,100% DURUM WHEAT SEMOLINA TRADITIONAL BRONZE CUT,Other,357.0,14.3,1.79,73.2,3.6,3.57,0.0,70
3257,"100% DURUM WHEAT SEMOLINA, TRADITIONAL LASAGNE",Other,382.0,12.7,1.82,76.4,3.6,0.0,0.0,70
3258,"100% DURUM WHOLE WHEAT PASTA, WHOLE WHEAT ANGEL HAIR",Grains,345.0,10.9,1.82,69.1,6.5,0.0,27.0,70
3259,100% EGG WHITES,Other,54.0,10.9,0.0,2.17,0.0,0.0,163.0,60
3260,100% EGG WHITES,Other,54.0,10.9,0.0,0.0,0.0,0.0,163.0,60
3261,100% EGG WHITES LIQUID EGG PRODUCT,Other,54.0,10.9,0.0,0.0,0.0,0.0,163.0,60
3262,100% EGG WHITES LIQUID EGG PRODUCT,Other,54.0,10.9,0.0,0.0,0.0,0.0,163.0,60
3263,100% EGG WHITES ORGANIC LIQUID EGGS,Other,54.0,10.9,0.0,0.0,0.0,0.0,163.0,60
3264,100% FINE GROUND ROASTED SESAME SEEDS TAHINI,Other,584.0,25.0,50.0,22.8,12.2,6.25,11.0,60
3265,100% FREEZE-DRIED APPLE,Snacks & Sweets,333.0,0.0,0.0,86.7,6.7,0.0,0.0,60
3266,100% FREEZE-DRIED BANANA,Snacks & Sweets,400.0,6.67,0.0,86.7,6.7,0.0,0.0,60
3267,100% FREEZE-DRIED MANGO,Other,389.0,5.56,0.0,88.9,5.6,0.0,0.0,65
3268,100% FREEZE-DRIED PINEAPPLE,Other,389.0,0.0,0.0,88.9,5.6,0.0,0.0,65
3269,100% FREEZE-DRIED TANGERINE,Snacks & Sweets,375.0,8.33,0.0,83.3,8.3,0.0,0.0,65
3270,100% FRUIT JUICE SMOOTHIE + BOOSTS,Fruits,62.0,0.42,0.0,15.8,3.3,10.8,25.0,65
3271,"100% FRUIT JUICE SMOOTHIE + BOOSTS, BLUE GOODNESS",Fruits,71.0,0.42,0.0,17.1,3.3,12.1,12.0,65
3272,"100% FRUIT JUICE SMOOTHIE + BOOSTS, BLUE GOODNESS",Fruits,71.0,0.42,0.0,17.1,3.3,12.1,12.0,65
3273,"100% FRUIT JUICE SMOOTHIE + BOOSTS, ORANGE, BANANA AND PEACH",Fruits,54.0,0.42,0.0,12.9,3.3,7.92,29.0,65
3274,100% FRUIT MANGO APPLE SQUEEZABLES,Fruits,56.0,0.0,0.0,12.2,3.3,8.89,0.0,60
3275,100% Grain-Free Sliced Bread Loaf,Grains,346.0,11.5,19.2,23.1,19.2,3.85,346.0,60
3276,100% GRANO ITALIANO PASTA ARTIGIANALE MACARONI PRODUCT,Grains,357.0,12.5,1.79,75.0,3.6,5.36,0.0,70
3277,100% GRASS FED ANGUS BEEF BONELESS CHUCK ROAST,Meat & Poultry,125.0,19.6,5.36,0.0,0.0,0.0,49.0,60
3278,100% GRASS FED ANGUS BEEF BOTTOM ROUND ROAST,Meat & Poultry,143.0,21.4,6.25,0.0,0.0,0.0,40.0,60
3279,100% GRASS FED ANGUS BEEF NEW YORK LOIN STRIP STEAK,Meat & Poultry,161.0,21.4,8.04,0.0,0.0,0.0,45.0,60
3280,100% GRASS FED ANGUS BEEF STEW MEAT,Meat & Poultry,116.0,21.4,2.23,0.0,0.0,0.0,40.0,60
3281,100% GRASS FED ANGUS BEEF TENDERLOIN STEAK,Meat & Poultry,125.0,20.5,5.36,0.0,0.0,0.0,40.0,60
3282,100% GRASS FED ANGUS BEEF TOP ROUND FOR LONDON BROIL,Meat & Poultry,116.0,24.1,2.23,0.0,0.0,0.0,36.0,60
3283,100% GRASS FED ANGUS BEEF TOP SIRLOIN STEAK,Meat & Poultry,116.0,21.4,2.68,0.0,0.0,0.0,45.0,60
3284,100% GRASS FED BEEF,Meat & Poultry,170.0,20.5,9.82,0.0,,,54.0,60
3285,100% GRASS FED BEEF FOR STEW,Meat & Poultry,125.0,22.3,4.02,0.0,,,80.0,60
3286,100% GRASS FED BEEF LIVER,Meat & Poultry,134.0,20.5,3.57,3.57,,,71.0,60
3287,100% GRASS FED BEEF RIBEYE STEAK,Meat & Poultry,116.0,22.3,1.79,3.57,0.0,0.0,54.0,60
3288,100% GRASS FED BEEF RUMP ROAST,Meat & Poultry,152.0,19.6,13.4,0.0,,,71.0,60
3289,100% GRASS FED BEEF TOP ROUND FOR LONDON BROIL,Meat & Poultry,170.0,22.3,8.04,0.0,,,62.0,60
3290,100% GRASS FED BEEF TOP SIRLOIN STEAK,Meat & Poultry,116.0,22.3,2.68,1.79,0.0,0.0,49.0,60
3291,100% GRASS FED CHUCK ROAST,Meat & Poultry,133.0,21.2,5.31,0.0,0.0,0.0,80.0,60
3292,100% GRASS FED FLAT IRON STEAK,Meat & Poultry,177.0,18.7,10.6,0.0,0.0,0.0,74.0,60
3293,100% GRASS FED GROUND BEEF,Meat & Poultry,125.0,22.3,3.12,0.0,,,67.0,60
3294,100% GRASS FED GROUND BEEF,Meat & Poultry,161.0,20.5,8.04,0.0,,,67.0,60
3295,100% GRASS FED GROUND BISON,Meat & Poultry,134.0,21.4,6.25,0.0,0.0,0.0,54.0,60
3296,100% GRASS FED ORGANIC GROUND BEEF,Meat & Poultry,150.0,21.2,7.08,0.0,0.0,0.0,66.0,60
3297,100% GRASS FED RUMP ROAST,Meat & Poultry,150.0,21.2,7.08,0.0,0.0,0.0,63.0,60
3298,100% GRASS FED TENDERLOIN,Meat & Poultry,129.0,22.4,5.29,0.0,,,41.0,60
3299,"100% GRASS-FED BEEF FLANK STEAK, BEEF",Meat & Poultry,143.0,18.8,6.25,3.57,0.9,1.79,482.0,60
3300,100% GRASS-FED GROUND BEEF,Meat & Poultry,152.0,21.4,7.14,0.0,0.0,0.0,67.0,60
3301,"100% GRASS-FED ORGANIC BEEF RIBEYE STEAK, BEEF RIBEYE",Meat & Poultry,161.0,21.4,8.04,0.0,0.0,0.0,67.0,60
3302,"100% GRASS-FED ORGANIC BEEF SIRLOIN STEAK, BEEF SIRLOIN",Meat & Poultry,125.0,21.4,4.46,0.0,0.0,0.0,58.0,60
3303,"100% GRASS-FED ORGANIC BEEF TENDERLOIN STEAK, BEEF TENDERLOIN",Meat & Poultry,152.0,20.5,8.04,0.0,0.0,0.0,62.0,60
3304,100% GROUND BEEF,Meat & Poultry,150.0,21.2,7.08,0.0,0.0,0.0,66.0,60
3305,100% GROUND BEEF,Meat & Poultry,179.0,19.6,9.82,0.0,0.0,0.0,67.0,60
3306,100% GROUND CHUCK PATTIES,Other,166.0,19.2,9.27,0.0,0.0,0.0,76.0,60
3307,100% GROUND CHUNK PATTIES,Other,167.0,19.3,9.65,0.0,0.0,0.0,75.0,60
3308,100% INSTANT ESPRESSO COFFEE,Other,300.0,50.0,0.0,45.0,15.0,45.0,50.0,60
3309,100% ITALIAN ARTICHOKES QUARTERS FROZEN PREMIUM VEGETABLES,Vegetables,47.0,3.53,0.0,9.41,4.7,1.18,53.0,60
3310,"100% ITALIAN DURUM WHEAT MACARONI PRODUCT, BRONZE DIE",Other,357.0,14.3,1.79,73.2,3.6,3.57,0.0,70
3311,"100% ITALIAN DURUM WHEAT PASTA, ORECCHIETTE",Grains,351.0,12.0,1.4,73.0,2.8,0.0,4.0,60
3312,"100% ITALIAN DURUM WHEAT SEMOLINA PASTA, ORGANIC RIGATONI",Grains,364.0,10.9,1.82,72.7,3.6,3.64,27.0,70
3313,100% ITALIAN ORGANIC DURUM WHEAT PASTA,Grains,357.0,12.5,1.79,71.4,3.6,0.0,0.0,70
3314,"100% ITALIAN WHEAT MACARONI PRODUCT, BRONZE CUT",Other,375.0,14.3,1.79,73.2,3.6,3.57,0.0,70
3315,"100% JAPANESE GREEN TEA ORGANIC MATCHA POWDER, 100% JAPANESE GREEN TEA",Other,333.0,0.0,0.0,66.7,66.7,0.0,0.0,60
3316,"100% LIGHT WHOLE WHEAT, LIGHT",Other,186.0,11.6,2.33,41.9,9.3,2.3,395.0,70
3317,"100% LIME JUICE, LIME",Fruits,33.0,6.67,0.0,6.67,6.7,6.67,0.0,60
3318,100% LIQUID EGG WHITE,Other,54.0,10.7,0.0,1.79,0.0,1.79,170.0,60
3319,100% LIQUID EGG WHITES,Other,54.0,10.9,0.0,0.0,0.0,0.0,163.0,60
3320,100% LIQUID EGG WHITES,Other,54.0,10.9,0.0,0.0,0.0,0.0,163.0,60
3321,100% LIQUID EGG WHITES,Other,54.0,10.9,0.0,0.0,0.0,0.0,163.0,60
3322,100% LIQUID EGG WHITES,Other,54.0,10.9,0.0,0.0,0.0,0.0,163.0,60
3323,100% LIQUID EGG WHITES,Other,52.0,10.6,0.0,0.88,,0.88,168.0,60
3324,100% LIQUID EGG WHITES,Other,54.0,10.9,0.0,0.0,0.0,0.0,163.0,60
3325,100% LIQUID EGG WHITES,Other,54.0,10.9,0.0,0.0,0.0,0.0,174.0,60
3326,100% LIQUID EGG WHITES,Other,54.0,10.9,0.0,0.0,0.0,0.0,163.0,60
3327,100% LIQUID EGG WHITES,Other,54.0,10.9,0.0,0.0,0.0,0.0,163.0,60
3328,100% LIQUID EGG WHITES,Other,54.0,10.9,0.0,0.0,0.0,0.0,163.0,60
3329,100% LIQUID EGG WHITES,Other,54.0,10.9,0.0,0.0,0.0,0.0,163.0,60
3330,100% LIQUID EGG WHITES,Other,54.0,10.9,0.0,0.0,0.0,0.0,174.0,60
3331,100% LIQUID EGG WHITES,Other,54.0,10.9,0.0,0.0,0.0,0.0,163.0,60
3332,100% LIQUID EGG WHITES,Other,54.0,10.9,0.0,0.0,0.0,0.0,163.0,60
3333,100% LIQUID EGG WHITES,Other,54.0,10.9,0.0,0.0,0.0,0.0,163.0,60
3334,100% LIQUID EGG WHITES,Other,54.0,10.9,0.0,0.0,0.0,0.0,174.0,60
3335,100% LIQUID EGG WHITES,Other,54.0,10.9,0.0,0.0,0.0,0.0,163.0,60
3336,100% LIQUID EGG WHITES,Other,54.0,10.9,0.0,0.0,0.0,0.0,163.0,60
3337,100% LIQUID EGG WHITES,Other,54.0,10.9,0.0,0.0,0.0,0.0,174.0,60
3338,100% LIQUID EGG WHITES,Other,43.0,10.9,0.0,0.0,0.0,0.0,174.0,60
3339,100% LIQUID EGG WHITES,Other,54.0,10.9,0.0,0.0,0.0,0.0,163.0,60
3340,100% LIQUID EGG WHITES,Other,54.0,10.9,0.0,2.17,0.0,0.0,163.0,60
3341,100% LIQUID EGG WHITES,Other,54.0,10.9,0.0,0.0,0.0,0.0,163.0,60
3342,100% LIQUID EGG WHITES,Other,54.0,10.9,0.0,0.0,0.0,0.0,163.0,60
3343,100% LIQUID EGG WHITES,Other,54.0,10.9,0.0,0.0,0.0,0.0,163.0,60
3344,100% LIQUID EGG WHITES,Other,54.0,10.9,0.0,0.0,0.0,0.0,163.0,60
3345,100% LIQUID EGG WHITES,Other,54.0,10.9,0.0,0.0,0.0,0.0,163.0,60
3346,100% LIQUID EGG WHITES,Other,54.0,10.9,0.0,0.0,0.0,0.0,163.0,60
3347,100% LIQUID EGG WHITES,Other,54.0,10.9,0.0,0.0,0.0,0.0,163.0,60
3348,100% LIQUID EGG WHITES,Other,54.0,10.9,0.0,0.0,0.0,0.0,163.0,60
3349,100% LIQUID EGG WHITES,Other,54.0,10.9,0.0,0.0,0.0,0.0,163.0,60
3350,100% LIQUID EGG WHITES,Other,54.0,10.9,0.0,0.0,0.0,0.0,163.0,60
3351,100% LIQUID EGG WHITES,Other,54.0,10.9,0.0,0.0,0.0,0.0,163.0,60
3352,100% LIQUID EGG WHITES,Other,54.0,10.9,0.0,0.0,0.0,0.0,163.0,60
3353,100% LIQUID EGG WHITES,Other,54.0,10.9,0.0,0.0,0.0,0.0,174.0,60
3354,100% LIQUID EGG WHITES,Other,54.0,10.9,0.0,0.0,0.0,0.0,163.0,60
3355,100% LIQUID EGG WHITES,Other,52.0,10.6,0.0,0.88,,0.88,168.0,60
3356,100% LIQUID EGG WHITES,Other,54.0,10.9,0.0,0.0,0.0,0.0,163.0,60
3357,100% LIQUID EGG WHITES,Other,54.0,10.9,0.0,0.0,0.0,0.0,163.0,60
3358,100% LIQUID EGG WHITES,Other,54.0,10.9,0.0,0.0,0.0,0.0,163.0,60
3359,100% LIQUID EGG WHITES,Other,43.0,10.9,0.0,0.0,0.0,0.0,163.0,60
3360,100% LIQUID EGG WHITES MADE FROM REAL EGGS,Other,54.0,10.9,0.0,0.0,0.0,0.0,163.0,60
3361,100% LIQUID EGG WHITES PRODUCT,Other,54.0,10.9,0.0,0.0,0.0,0.0,174.0,60
3362,100% LIQUID EGG WHITES PRODUCT,Other,54.0,10.9,0.0,0.0,0.0,0.0,174.0,60
3363,"100% LIQUID EGG WHITES, PASTEURIZED EGG PRODUCT",Other,54.0,10.9,0.0,0.0,0.0,0.0,163.0,60
3364,100% LIQUID SIMPLY EGG WHITES,Other,54.0,10.9,0.0,2.17,0.0,0.0,163.0,60
3365,100% LIQUID WHOLE EGG,Other,140.0,12.0,10.0,2.0,0.0,0.0,130.0,60
3366,100% LOUISIANA LONG GRAIN BROWN RICE,Grains,367.0,6.67,4.44,75.6,4.4,0.0,4.0,60
3367,100% LOUISIANA LONG GRAIN BROWN RICE,Grains,367.0,6.67,4.44,75.6,4.4,0.0,4.0,60
3368,100% MASHED AVOCADO,Other,167.0,3.33,15.0,10.0,6.7,0.0,0.0,60
3369,100% NATURAL CHICKEN BREAST IN WATER WITH RIB MEAT,Meat & Poultry,80.0,16.1,1.79,0.0,0.0,0.0,464.0,60
3370,100% NATURAL CHICKEN BREAST WITH RIB MEAT IN BROTH,Meat & Poultry,80.0,16.1,1.79,0.0,0.0,0.0,375.0,60
3371,"100% NATURAL CRUNCHY PEANUT BUTTER, CRUNCHY",Other,562.0,25.0,50.0,15.6,9.4,3.12,312.0,60
3372,100% NATURAL FALAFEL,Other,321.0,21.4,3.57,57.1,10.7,10.7,36.0,75
3373,100% NATURAL FRESH CACTUS,Fruits,42.0,0.7,0.7,9.86,3.5,,34.0,65
3374,100% NATURAL GREEN SPLIT PEAS,Vegetables,244.0,24.4,0.0,60.0,24.4,0.0,56.0,70
3375,100% NATURAL HONEY CRUNCHY PEANUT BUTTER SPREAD,Other,562.0,18.8,46.9,28.1,6.2,12.5,188.0,60
3376,"100% NATURAL HONEY MULTI-GRAIN SLICED SOFT BAGELS, HONEY MULTI-GRAIN",Other,279.0,11.6,2.33,55.8,7.0,4.65,314.0,70
3377,100% NATURAL MILLED LINAZA,Other,836.0,21.4,42.9,28.6,28.6,0.0,0.0,70
3378,100% NATURAL MINNESOTA CULTIVATED WILD RICE,Grains,378.0,13.3,0.0,77.8,4.4,0.0,0.0,70
3379,100% NATURAL MIXED VEGETABLES,Vegetables,78.0,3.33,0.0,13.3,3.3,4.44,22.0,60
3380,"100% NATURAL OATMEAL, PB&J",Other,421.0,12.3,10.5,64.9,7.0,26.3,275.0,65
3381,100% NATURAL OLD FASHIONED OATMEAL,Other,375.0,12.5,6.25,67.5,5.0,2.5,0.0,70
3382,100% NATURAL ORGANIC CHIA SEEDS,Vegetables,500.0,17.9,32.1,42.9,35.7,0.0,18.0,70
3383,100% NATURAL PEAS & CARROTS,Vegetables,59.0,2.35,0.0,10.6,4.7,4.71,65.0,60
3384,100% NATURAL PEAS & CARROTS,Vegetables,59.0,3.53,0.0,10.6,3.5,4.71,29.0,60
3385,100% NATURAL PUMPKIN,Vegetables,42.0,1.67,0.0,9.17,3.3,3.33,8.0,60
3386,100% NATURAL QUICK OATS,Other,375.0,12.5,7.5,67.5,5.0,2.5,0.0,70
3387,100% NATURAL RED QUINOA,Vegetables,378.0,13.3,5.56,64.4,6.7,0.0,0.0,70
3388,100% NATURAL TOMATO PASTE,Other,91.0,6.06,0.0,21.2,6.1,12.1,45.0,65
3389,100% NATURAL TRI-COLOR QUINOA,Vegetables,370.0,15.2,5.43,65.2,6.5,0.0,0.0,70
3390,100% NATURAL WHEAT HOT DOG ROLL,Other,250.0,11.4,3.41,45.4,4.5,4.55,477.0,70
3391,100% NATURAL WHITE & DARK IN WATER CHICKEN,Meat & Poultry,95.0,15.5,3.57,0.0,0.0,0.0,357.0,60
3392,100% NATURAL WHITE QUINOA,Vegetables,356.0,13.3,4.44,66.7,4.4,0.0,22.0,70
3393,"100% NATURAL WHITE WITH WHOLE GRAIN SOFT BAGELS, WHOLE GRAIN",Other,279.0,9.3,0.0,58.1,4.7,11.6,349.0,60
3394,100% NATURAL WHOLE BABY OKRA,Vegetables,24.0,1.18,0.0,4.71,3.5,2.35,6.0,60
3395,100% NATURAL WHOLE GRAIN QUICK OATS,Other,375.0,12.5,6.25,67.5,5.0,2.5,0.0,70
3396,100% NATURAL WITH RIB MEAT IN BROTH CHICKEN BREAST,Meat & Poultry,80.0,16.1,1.79,0.0,0.0,0.0,375.0,60
3397,100% ORGANIC ADZUKI BEANS,Other,131.0,6.92,1.54,22.3,6.2,1.54,262.0,60
3398,100% ORGANIC ALL PURPOSE WHITE FLOUR,Other,367.0,10.0,0.0,76.7,3.3,0.0,0.0,60
3399,100% ORGANIC ALL PURPOSE WHOLE WHEAT FLOUR,Other,360.0,13.3,3.33,73.3,13.3,0.0,3.0,70
3400,100% ORGANIC ALL-PURPOSE FLOUR,Other,367.0,13.3,0.0,73.3,3.3,0.0,0.0,70
3401,100% ORGANIC ANCIENT GRAIN PASTA FUSILLI,Grains,348.0,12.5,2.86,71.4,3.6,1.79,0.0,70
3402,"100% ORGANIC ANCIENT GRAIN PASTA, PENNE",Grains,348.0,12.5,2.86,71.4,3.6,1.79,0.0,70
3403,"100% ORGANIC ANCIENT GRAIN PASTA, SPAGHETTI",Grains,348.0,12.5,2.86,71.4,3.6,1.79,0.0,70
3404,"100% ORGANIC ANCIENT GRAIN PASTA, TAGLIATELLE",Grains,348.0,12.5,2.86,71.4,3.6,1.79,0.0,70
3405,"100% ORGANIC ANCIENT GRAIN PASTA, TAGLIATELLE",Grains,348.0,12.5,2.86,71.4,3.6,1.79,0.0,70
3406,100% ORGANIC BLACK BEANS,Other,115.0,7.69,1.15,17.7,7.7,0.77,262.0,60
3407,100% ORGANIC BLACK-EYED PEAS,Other,115.0,7.69,1.15,17.7,7.7,0.77,262.0,60
3408,100% ORGANIC BORLOTTI BEANS,Other,115.0,5.38,0.77,21.5,5.4,0.77,308.0,60
3409,100% ORGANIC BREAD FLOUR,Grains,367.0,13.3,0.0,73.3,3.3,0.0,0.0,70
3410,100% ORGANIC BREAD FLOUR,Grains,363.0,13.3,0.0,73.3,3.3,0.0,0.0,70
3411,"100% ORGANIC BROWN RICE GLUTEN FREE PASTA, CAPELLINI",Grains,368.0,8.77,3.51,77.2,3.5,0.0,0.0,60
3412,"100% ORGANIC BROWN RICE GLUTEN FREE PASTA, CASERECCE",Grains,368.0,8.77,3.51,77.2,3.5,0.0,0.0,60
3413,"100% ORGANIC BROWN RICE GLUTEN FREE PASTA, FUSILLI",Grains,368.0,8.77,3.51,77.2,3.5,0.0,0.0,60
3414,"100% ORGANIC BROWN RICE GLUTEN FREE PASTA, SPAGHETTI",Grains,368.0,8.77,3.51,77.2,3.5,0.0,0.0,60
3415,"100% ORGANIC BUCKWHEAT CRISPBREAD, BUCK WHEAT",Grains,389.0,11.1,2.78,72.2,5.6,5.56,278.0,70
3416,100% ORGANIC BUCKWHEAT PENNE,Other,339.0,8.93,2.68,71.4,3.6,0.0,0.0,60
3417,100% ORGANIC BUTTER BEANS,Other,138.0,7.69,0.77,25.4,4.6,0.77,308.0,60
3418,100% ORGANIC CANNELLINI BEANS,Other,95.0,7.54,0.69,15.2,5.4,0.0,269.0,60
3419,100% ORGANIC CHICK PEAS,Other,136.0,8.0,2.0,21.9,5.4,0.77,311.0,60
3420,"100% ORGANIC CHICKPEA PASTA, FUSILLI",Grains,1540.0,22.0,6.0,50.0,11.2,,,70
3421,100% ORGANIC CHICKPEAS,Other,92.0,6.92,1.15,13.8,3.8,,154.0,60
3422,100% ORGANIC COARSE YELLOW CORN MEAL,Other,333.0,10.0,0.0,76.7,3.3,0.0,0.0,60
3423,100% ORGANIC COCONUT FINE FLOUR,Other,429.0,14.3,14.3,64.3,35.7,7.14,36.0,60
3424,"100% ORGANIC DURUM SEMOLINA PASTA, CAPELLINI",Grains,368.0,10.5,1.75,77.2,3.5,0.0,0.0,70
3425,"100% ORGANIC DURUM SEMOLINA PASTA, LASAGNE",Grains,368.0,10.5,1.75,77.2,3.5,0.0,0.0,70
3426,100% ORGANIC DURUM SEMOLINA SPAGHETTI,Other,368.0,10.5,1.75,77.2,3.5,3.51,0.0,70
3427,"100% ORGANIC DURUM SEMOLINA, FUSILLI",Other,368.0,10.5,1.75,77.2,3.5,0.0,0.0,70
3428,100% ORGANIC DURUM WHEAT PASTA ANGEL HAIR,Grains,364.0,10.9,1.82,72.7,3.6,3.64,27.0,70
3429,100% ORGANIC DURUM WHEAT SEMOLINA ANGEL HAIR ORGANIC ITALIAN PASTA,Grains,375.0,10.7,1.79,0.08,3.6,3.57,514.0,60
3430,"100% ORGANIC DURUM WHEAT SEMOLINA, FUSILLONI",Other,357.0,14.3,1.79,69.6,3.6,1.79,2.0,70
3431,"100% ORGANIC DURUM WHEAT SEMOLINA, PENNE LISCE",Other,357.0,14.3,1.79,69.6,3.6,1.79,2.0,70
3432,"100% ORGANIC DURUM WHEAT SEMOLINA, PENNE RIGATE",Other,368.0,10.5,1.75,77.2,3.5,0.0,0.0,70
3433,"100% ORGANIC DURUM WHEAT SEMOLINA, RIGATONI",Other,357.0,14.3,1.79,69.6,3.6,1.79,2.0,70
3434,100% ORGANIC EINKORN ALL-PURPOSE FLOUR,Other,333.0,13.3,1.67,66.7,6.7,0.0,0.0,70
3435,100% ORGANIC EINKORN ALL-PURPOSE FLOUR,Other,333.0,13.3,1.67,66.7,6.7,,0.0,70
3436,100% ORGANIC EINKORN WHOLE WHEAT FLOUR,Other,312.0,12.5,3.12,53.1,12.5,0.0,0.0,70
3437,100% ORGANIC FINE YELLOW CORN MEAL,Other,333.0,6.67,0.0,80.0,3.3,0.0,0.0,60
3438,100% ORGANIC FREE-RANGE EGG PASTA SPINACH & BEET - TOMATO,Grains,380.0,14.0,3.0,72.0,6.0,4.0,20.0,70
3439,"100% ORGANIC GLUTEN FREE RICE & LENTIL PASTA, ELBOWS",Grains,368.0,14.0,2.63,73.7,3.5,1.75,0.0,70
3440,"100% ORGANIC GLUTEN FREE RICE & LENTIL PASTA, FUSILLI",Grains,368.0,14.0,2.63,73.7,3.5,0.0,0.0,70
3441,"100% ORGANIC GLUTEN FREE RICE & LENTIL PASTA, LINGUINE",Grains,368.0,14.0,2.63,73.7,3.5,0.0,0.0,70
3442,"100% ORGANIC GLUTEN FREE RICE & LENTIL PASTA, PENNE RIGATE",Grains,368.0,14.0,2.63,73.7,3.5,0.0,0.0,70
3443,"100% ORGANIC GLUTEN FREE RICE & LENTIL PASTA, RIGATONI",Grains,368.0,14.0,2.63,73.7,3.5,0.0,0.0,70
3444,"100% ORGANIC GLUTEN FREE RICE & LENTIL PASTA, SPAGHETTI",Grains,368.0,14.0,2.63,73.7,3.5,0.0,0.0,70
3445,100% ORGANIC GREEN PEAS,Vegetables,169.0,6.92,0.77,21.5,5.4,0.0,200.0,60
3446,100% ORGANIC GROUND BEEF,Meat & Poultry,152.0,20.5,7.14,0.0,0.0,0.0,67.0,60
3447,100% ORGANIC HEIRLOOM BORLOTTI BEANS,Other,85.0,6.15,0.77,14.6,4.6,,192.0,60
3448,100% ORGANIC KIDNEY BEANS,Other,85.0,6.15,0.77,14.6,5.4,,192.0,60
3449,100% ORGANIC LENTILS,Other,86.0,7.38,0.77,12.7,7.7,0.38,295.0,60
3450,"100% ORGANIC MACARONI, ANGEL HAIR",Other,357.0,12.5,1.79,75.0,3.6,,0.0,70
3451,100% ORGANIC MIXED BEANS,Other,131.0,6.92,1.54,22.3,6.2,0.77,254.0,60
3452,100% ORGANIC MORINGA SUPERFOOD POWDER,Other,175.0,25.0,0.0,25.0,25.0,0.0,0.0,75
3453,100% ORGANIC NAVY BEANS,Other,100.0,7.69,0.77,14.6,5.4,0.0,269.0,60
3454,"100% ORGANIC PEA PASTA, PENNE",Grains,353.0,20.8,2.3,56.0,7.7,,,70
3455,100% ORGANIC PINTO BEANS,Other,123.0,6.15,1.15,21.5,5.4,0.77,308.0,60
3456,100% ORGANIC RAW SAUERKRAUT,Other,18.0,0.0,0.0,7.14,3.6,3.57,357.0,65
3457,100% ORGANIC RED KIDNEY BEANS,Other,100.0,8.54,0.77,15.2,5.4,0.77,298.0,60
3458,"100% ORGANIC RED LENTIL PASTA, STROZZAPRETI",Grains,345.0,27.3,1.82,58.2,7.3,1.82,0.0,70
3459,"100% ORGANIC RED LENTIL PASTA, STROZZAPRETI",Grains,343.0,26.5,1.4,52.3,6.4,,,70
3460,100% ORGANIC TAGLIATELLE TRADITIONAL EGG PASTA,Grains,368.0,12.3,3.51,70.2,5.3,1.75,35.0,70
3461,100% ORGANIC WHOLE WHEAT FLOUR,Other,344.0,12.5,1.56,68.8,12.5,0.0,0.0,70
3462,"100% ORGANIC WHOLE WHEAT PASTA, FUSILLI",Grains,368.0,10.5,2.63,75.4,8.8,0.0,0.0,70
3463,"100% ORGANIC WHOLE WHEAT, SPAGHETTI",Other,368.0,10.5,2.63,75.4,8.8,0.0,0.0,70
3464,"100% ORGANIC, UNSWEETENED FRUIT & SEED BAR, BLUEBERRY",Fruits,395.0,10.5,15.8,57.9,5.3,7.9,13.0,75
3465,"100% PASTA SPAGHETTI, YELLOW LENTIL",Grains,357.0,23.2,1.79,62.5,5.4,1.79,0.0,70
3466,100% PEANUT POWDER!,Other,417.0,50.0,12.5,25.0,16.7,8.33,0.0,70
3467,"100% PERU ORGANIC DARK CHOCOLATE BAR, 100% PERU DARK",Other,587.0,13.3,53.3,16.7,16.7,0.0,10.0,60
3468,"100% PLANT CHOCOLATE PROTEIN POWDER DRINK MIX, CHOCOLATE",Beverages,395.0,63.2,7.89,18.4,5.3,2.63,553.0,65
3469,100% PLANT PROTEIN BREAKFAST SAUSAGE,Meat & Poultry,218.0,16.4,12.7,12.7,3.6,1.8,582.0,60
3470,100% PLANT PROTEIN BURGER PATTIES,Other,183.0,16.7,11.7,10.0,5.8,0.8,275.0,70
3471,100% PLANT PROTEIN BURGER PATTIES,Other,225.0,16.7,15.8,10.0,5.0,0.8,300.0,70
3472,100% PLANT PROTEIN BURGER PATTIES,Meat & Poultry,233.0,16.7,15.0,11.7,6.7,0.8,317.0,70
3473,100% PLANT PROTEIN CHIK'N PLANT-BASED NUGGETS,Other,209.0,14.0,8.14,22.1,5.8,1.2,360.0,70
3474,100% PLANT PROTEIN CHORIZO SAUSAGE,Other,212.0,15.0,15.0,12.5,6.2,1.25,562.0,60
3475,100% PLANT PROTEIN ITALIAN SAUSAGE,Other,212.0,17.5,11.2,11.2,7.5,1.2,575.0,60
3476,100% PLANT PROTEIN ITALIAN SAUSAGE,Meat & Poultry,212.0,17.5,11.2,11.2,7.5,1.2,575.0,60
3477,100% PLANT PROTEIN ORIGINAL BRATWURST,Other,200.0,17.5,12.5,10.0,8.8,1.25,462.0,70
3478,100% PLANT PROTEIN PLANT BASED GROUND,Meat & Poultry,230.0,17.7,14.2,12.4,6.2,0.88,354.0,70
3479,"100% PLANT-BASED NUTRITIONAL SHAKE, DECADENT CHOCOLATE",Other,368.0,52.6,5.26,26.3,18.4,5.26,671.0,65
3480,"100% PLANT-BASED POWDER, DARK CHOCOLATE",Other,390.0,52.0,10.4,0.57,7.8,10.4,909.0,65
3481,"100% PLANT-BASED PROTEIN SHAKE POWDER, CHOCO LOVE",Other,370.0,59.3,7.41,18.5,11.1,3.7,815.0,65
3482,"100% PLANT-BASED PROTEIN, VANILLA",Other,370.0,65.2,5.43,19.6,8.7,6.52,652.0,65
3483,100% PREMIUM BEEF,Meat & Poultry,176.0,19.9,9.93,0.0,0.0,0.0,66.0,60
3484,"100% PREMIUM QUINOA TOASTED CERAL, CITRUS BLISS, CITRUS BLISS",Other,433.0,13.3,10.0,70.0,10.0,13.3,50.0,70
3485,100% PUMPKIN,Vegetables,36.0,0.8,0.0,8.8,3.2,0.0,4.0,60
3486,100% PURE BAKING COCOA,Other,250.0,25.0,12.5,50.0,50.0,0.0,0.0,70
3487,100% PURE BAKING COCOA,Other,250.0,25.0,12.5,50.0,50.0,0.0,0.0,70
3488,100% PURE COCOA,Other,200.0,20.0,10.0,60.0,40.0,,0.0,70
3489,"100% PURE ENRICHED DURUM WHEAT PASTA,SEMOLINA, SEMOLINA",Grains,339.0,12.5,0.89,73.2,3.6,0.0,0.0,70
3490,100% PURE GROUND BEEF,Meat & Poultry,179.0,19.6,9.82,0.0,,,67.0,60
3491,100% PURE GROUND BEEF PATTIES,Meat & Poultry,146.0,20.5,7.28,0.0,,,66.0,60
3492,100% PURE GROUND SESAME PASTE,Other,500.0,12.5,34.4,43.8,9.4,25.0,0.0,60
3493,100% PURE GROUND SESAME PASTE,Other,562.0,15.6,46.9,25.0,12.5,0.0,0.0,60
3494,100% PURE HIGH FAT COCOA POWDER,Other,312.0,25.0,25.0,50.0,37.5,0.0,0.0,60
3495,100% PURE LEAN GROUND BEEF TRI-PACK,Meat & Poultry,143.0,20.5,7.14,0.0,,,67.0,60
3496,100% PURE NATURAL UNSWEETENED COCOA POWDER,Fruits,312.0,25.0,25.0,50.0,37.5,0.0,0.0,60
3497,"100% PURE PREMIUM ELDERBERRY JUICE WITH ADDED CITRIC ACID, ELDERBERRY",Fruits,65.0,0.0,0.0,0.0,6.5,0.0,6.0,65
3498,100% PURE PUMPKIN,Vegetables,50.0,1.67,0.0,10.8,4.2,5.0,42.0,60
3499,100% PURE PUMPKIN,Vegetables,50.0,1.67,0.0,10.8,4.2,5.0,42.0,60
3500,100% PURE PUMPKIN,Vegetables,33.0,0.83,0.0,8.33,3.3,3.33,8.0,60
3501,100% PURE PUMPKIN,Vegetables,36.0,0.8,0.0,8.8,3.2,3.2,4.0,60
3502,100% PURE PUMPKIN,Vegetables,40.0,0.8,0.0,8.8,3.2,0.0,8.0,60
3503,100% PURE PUMPKIN,Vegetables,36.0,0.8,0.0,8.8,3.2,3.2,4.0,60
3504,100% PURE PUMPKIN,Vegetables,45.0,2.46,0.41,8.2,4.1,3.28,33.0,60
3505,100% PURE PUMPKIN,Vegetables,33.0,0.83,0.0,8.33,3.3,3.33,8.0,60
3506,100% PURE PUMPKIN,Vegetables,38.0,0.77,0.0,9.23,3.1,3.08,0.0,60
3507,100% PURE PUMPKIN,Vegetables,33.0,1.64,0.41,7.38,4.1,3.28,4.0,60
3508,100% PURE PUMPKIN,Vegetables,33.0,0.83,0.0,8.33,3.3,3.33,8.0,60
3509,100% PURE PUMPKIN,Vegetables,40.0,0.8,0.0,8.8,3.2,0.0,8.0,60
3510,100% PURE SESAME PASTE,Other,1830.0,50.0,150.0,66.7,16.7,,83.0,60
3511,100% PURE SESAME PASTE,Other,1830.0,50.0,150.0,66.7,16.7,,83.0,60
3512,100% PURE SESAME TAHINI,Other,643.0,25.0,53.6,17.9,14.3,0.0,7.0,70
3513,100% PURE SESAME TAHINI,Other,643.0,25.0,53.6,17.9,14.3,0.0,7.0,60
3514,"100% PURE WHEY PROTEIN POWDER, COOKIES 'N CREAM",Snacks & Sweets,384.0,67.7,5.64,18.1,0.0,0.0,406.0,60
3515,100% RAW ALMONDS,Snacks & Sweets,533.0,20.0,46.7,20.0,10.0,3.33,0.0,70
3516,100% RAW ORGANIC CHIA SEEDS,Grains,500.0,16.7,29.2,41.7,41.7,0.0,0.0,70
3517,100% RAW ORGANIC COLD MILLED GROUND FLAXSEED,Grains,500.0,16.7,33.3,33.3,33.3,0.0,0.0,70
3518,"100% RAW ORGANIC POWDER, AGAVE INULIN",Other,375.0,0.0,0.0,100.0,100.0,0.0,0.0,60
3519,"100% RAW ORGANIC POWDER, GOJI BERRIES",Snacks & Sweets,333.0,14.8,7.41,55.6,7.4,18.5,19.0,65
3520,100% REAL MASHED POTATOES,Other,368.0,10.5,0.0,79.0,5.3,0.0,79.0,75
3521,100% REAL MASHED POTATOES,Other,368.0,10.5,0.0,79.0,5.3,0.0,79.0,75
3522,100% REAL POTATO FRENCH FRIES,Snacks & Sweets,500.0,3.33,30.0,56.7,6.7,0.0,283.0,60
3523,100% RED LENTIL FUSILLI PASTA,Grains,357.0,26.8,1.79,60.7,17.9,0.0,0.0,70
3524,100% ROASTED COCOA BEANS POWDER FOR BAKING & DRINKING,Beverages,400.0,20.0,0.0,60.0,40.0,0.0,0.0,70
3525,100% ROLLED QUICK OATS,Other,375.0,12.5,6.25,67.5,10.0,2.5,0.0,70
3526,100% ROLLED QUICK OATS,Other,375.0,12.5,6.25,67.5,10.0,2.5,0.0,70
3527,100% RUSSET INSTANT MASHED POTATOES,Vegetables,368.0,5.26,0.0,79.0,5.3,5.26,79.0,60
3528,"100% SALSAS, VEGGIE REFRIED BEANS",Other,113.0,6.09,1.74,18.3,4.3,0.87,348.0,60
3529,100% SEMOLINA SHELLS,Other,357.0,12.5,0.89,73.2,3.6,0.0,0.0,70
3530,"100% SEMOLINA, MACARONI PRODUCT ALPHABETS",Other,357.0,12.5,0.89,73.2,1.8,3.57,45.0,60
3531,100% SIRLOIN BEEF STEAK,Meat & Poultry,147.0,20.6,7.84,0.98,0.0,0.0,49.0,60
3532,100% SPELT MATZOS,Other,393.0,10.7,0.0,82.1,3.6,0.0,0.0,70
3533,100% STONE GROUND WHEAT BREAD,Grains,233.0,9.3,3.49,44.2,7.0,9.3,488.0,60
3534,100% STONE GROUND WHOLE GRAIN SCOTTISH OATMEAL,Other,389.0,16.7,6.94,63.9,6.0,0.0,0.0,70
3535,"100% STONE GROUND WHOLE WHEAT BREAD, 100% STONE GROUND WHOLE WHEAT",Grains,246.0,10.5,3.51,40.4,7.0,5.3,491.0,70
3536,100% STONE GROUND WHOLE WHEAT ORGANIC FLOUR,Other,368.0,15.8,0.0,73.7,18.4,0.0,0.0,70
3537,"100% UNSWEETENED PREMIUM BAKING COCOA POWDER, UNSWEETENED",Other,250.0,16.7,16.7,33.3,33.3,0.0,0.0,60
3538,100% WHEAT BREAD,Grains,250.0,10.7,3.57,42.9,7.1,3.57,464.0,70
3539,"100% WHEAT BREAD, 100% WHEAT",Grains,256.0,11.6,2.33,46.5,7.0,9.3,349.0,70
3540,100% WHEAT ENRICHED BREAD,Grains,250.0,10.7,3.57,42.9,7.1,3.57,536.0,60
3541,"100% WHEY CONCENTRATE PROTEIN POWDER, VANILLA SHAKE, VANILLA SHAKE",Other,397.0,73.6,8.5,5.67,0.0,2.8,198.0,60
3542,"100% WHEY ISOLATE PROTEIN 25 G POWDER, ORANGE DREAMSICLE, ORANGE DREAMSICLE",Other,367.0,83.3,0.0,3.33,0.0,3.33,367.0,60
3543,"100% WHEY ISOLATE PROTEIN 25 G POWDER, SIMPLE VANILLA, SIMPLE VANILLA",Other,367.0,83.3,1.67,3.33,0.0,0.0,350.0,60
3544,"100% WHEY ISOLATE PROTEIN POWDER, COCOA PEBBLES, COCOA PEBBLES",Other,375.0,78.1,1.56,6.25,3.1,3.12,438.0,70
3545,"100% WHEY PROTEIN 24 G, 150 CALORIES, 3 G SUGAR, POWDER, HIGH-FLYING S'MORES, HIGH-FLYING S'MORES",Other,395.0,63.2,6.58,13.2,2.6,5.3,500.0,60
3546,"100% WHEY PROTEIN 24G POWDER, HIGH-FLYING S'MORES, HIGH-FLYING S'MORES",Other,395.0,63.2,6.58,13.2,2.6,5.3,500.0,60
3547,"100% WHEY PROTEIN 25 G POWDER, CHOCOLATE, CHOCOLATE",Other,382.0,73.5,5.88,8.82,0.0,0.0,471.0,60
3548,"100% WHEY PROTEIN 25 G POWDER, VANILLA, VANILLA",Other,394.0,75.8,6.06,9.09,0.0,6.06,424.0,60
3549,"100% WHEY PROTEIN 25 GRAMS PROTEIN POWDER, UNFLAVORED, UNFLAVORED",Other,368.0,65.8,5.26,21.0,15.8,5.26,237.0,70
3550,"100% WHEY PROTEIN 27 G POWDER, CHOCOLATE, CHOCOLATE",Other,361.0,75.0,4.17,8.33,2.8,0.0,500.0,60
3551,"100% WHEY PROTEIN CHOCOLATE FLAVOR MILKSHAKE, CHOCOLATE MILKSHAKE",Dairy,383.0,63.8,7.45,17.0,4.3,4.26,298.0,70
3552,"100% WHEY PROTEIN PLUS 60 G POWDER, STRAWBERRY SMOOTHIE, STRAWBERRY SMOOTHIE",Other,370.0,65.2,5.43,17.4,,4.35,370.0,65
3553,"100% WHEY PROTEIN PLUS SUPPORTS MUSCLE BUILDING & RECOVERY IMMUNE SUPPORT FROM VITAMIN C & ZINC PROTEIN POWDER DRINK MIX, VANILLA CREAM, VANILLA CREAM",Beverages,362.0,63.8,5.32,17.0,,4.26,362.0,65
3554,"100% WHEY PROTEIN POWDER, CHOCOLATE",Other,356.0,79.0,1.98,7.91,4.0,0.0,336.0,70
3555,"100% WHEY PROTEIN POWDER, CHOCOLATE",Other,385.0,66.7,5.13,18.0,2.6,5.13,436.0,60
3556,"100% WHEY PROTEIN POWDER, CHOCOLATE, CHOCOLATE",Other,388.0,61.2,6.12,22.4,2.0,4.08,408.0,60
3557,"100% WHEY PROTEIN POWDER, VANILLA",Other,388.0,61.2,5.1,24.5,0.0,4.08,388.0,60
3558,"100% WHEY PROTEIN POWDER, VANILLA",Other,385.0,66.7,5.13,18.0,0.0,5.13,385.0,60
3559,"100% WHEY+ PROTEIN POWDER, CHOCOLATE",Other,385.0,66.7,5.13,18.0,2.6,5.13,436.0,60
3560,"100% WHEY+ PROTEIN POWDER, CHOCOLATE",Other,384.0,67.7,5.64,18.1,0.0,0.0,406.0,60
3561,"100% WHEY+ PROTEIN POWDER, CHOCOLATE MILKSHAKE",Dairy,367.0,61.2,7.14,18.4,10.2,6.12,367.0,75
3562,100% WHILE WHEAT & HONEY,Other,244.0,11.1,3.33,53.3,11.1,6.67,422.0,70
3563,100% WHITE CORN BITE SIZE DIPPERS TORTILLA CHIPS,Snacks & Sweets,500.0,7.14,21.4,67.9,3.6,0.0,357.0,60
3564,"100% WHITE CORN BITE-SIZE ROUND TORTILLA CHIPS, WHITE CORN",Snacks & Sweets,500.0,7.14,25.0,67.9,3.6,0.0,161.0,60
3565,100% WHITE CORN CRISPY ROUNDS TORTILLA CHIPS,Snacks & Sweets,500.0,7.14,21.4,67.9,7.1,0.0,393.0,60
3566,"100% WHITE CORN MEGATHIN TORTILLA CHIPS, 100% WHITE CORN",Snacks & Sweets,500.0,6.67,26.7,63.3,6.7,0.0,83.0,60
3567,"100% WHITE CORN RESTAURANT STYLE TORTILLA CHIPS, 100% WHITE CORN",Snacks & Sweets,500.0,7.14,21.4,64.3,7.1,0.0,304.0,60
3568,100% WHITE CORN TORTILLA CHIPS,Snacks & Sweets,536.0,7.14,28.6,64.3,7.1,0.0,304.0,60
3569,100% WHITE CORN TORTILLA CHIPS,Snacks & Sweets,536.0,7.14,28.6,64.3,7.1,0.0,304.0,60
3570,"100% WHITE CORN TORTILLA CHIPS, 100% WHITE CORN",Snacks & Sweets,500.0,7.14,21.4,67.9,7.1,0.0,393.0,60
3571,"100% WHITE CORN TORTILLA CHIPS, RESTAURANT STYLE",Snacks & Sweets,536.0,10.7,25.0,71.4,7.1,10.7,482.0,70
3572,100% WHITE WHEAT SPLIT TOP DINNER ROLLS,Other,219.0,9.38,3.12,46.9,6.2,6.25,391.0,60
3573,"100% WHITE WHOLE GRAIN BREAD, 100% WHITE WHOLE GRAIN",Grains,222.0,6.67,2.22,44.4,9.0,4.4,489.0,60
3574,"100% WHOLE GRAIN 1-MINUTE QUICK OATS, 100% WHOLE GRAIN",Other,375.0,12.5,6.25,67.5,5.0,2.5,0.0,70
3575,"100% WHOLE GRAIN AND SWEET POTATO SNACKS, BROWN SUGAR",Snacks & Sweets,500.0,7.14,21.4,67.9,7.1,7.1,196.0,60
3576,100% WHOLE GRAIN BIG BISCUIT CEREAL,Other,340.0,10.6,2.13,78.7,11.0,0.0,0.0,70
3577,100% WHOLE GRAIN BREAD,Grains,250.0,10.7,2.32,57.1,10.7,0.0,500.0,70
3578,100% WHOLE GRAIN BREAD,Grains,233.0,11.6,3.49,41.9,7.0,9.3,419.0,70
3579,"100% WHOLE GRAIN BREAD, 100% WHOLE GRAIN",Grains,250.0,14.3,5.36,46.4,7.1,7.1,446.0,70
3580,"100% WHOLE GRAIN BREAD, 100% WHOLE GRAIN",Grains,242.0,12.1,3.03,48.5,6.1,9.1,485.0,70
3581,"100% WHOLE GRAIN BREAD, 100% WHOLE GRAIN",Grains,233.0,11.6,3.49,44.2,9.3,4.7,372.0,70
3582,"100% WHOLE GRAIN BREAD, 100% WHOLE GRAIN",Grains,292.0,12.5,6.25,45.8,6.2,8.3,417.0,70
3583,"100% WHOLE GRAIN BREAD, WHOLE GRAIN",Grains,269.0,15.4,5.77,46.2,7.7,7.7,442.0,70
3584,100% WHOLE GRAIN BROWN RICE,Grains,360.0,8.0,3.0,78.0,4.0,0.0,0.0,60
3585,"100% WHOLE GRAIN BROWN RICE, WHOLE GRAIN",Grains,360.0,8.0,3.0,78.0,4.0,0.0,0.0,60
3586,"100% WHOLE GRAIN BROWN RICE, WHOLE GRAIN",Grains,360.0,8.0,3.0,78.0,4.0,0.0,0.0,60
3587,100% WHOLE GRAIN CEREAL QUICK OATS,Other,375.0,12.5,6.25,70.0,5.0,0.0,0.0,70
3588,100% WHOLE GRAIN CEREAL QUICK OATS,Other,375.0,12.5,6.25,70.0,5.0,0.0,0.0,70
3589,"100% WHOLE GRAIN CEREAL QUICK OATS, 100% WHOLE GRAIN",Other,375.0,0.0,6.25,67.5,5.0,0.0,0.0,60
3590,"100% WHOLE GRAIN CEREAL QUICK OATS, 100% WHOLE GRAIN",Other,375.0,12.5,6.25,67.5,5.0,0.0,0.0,70
3591,100% WHOLE GRAIN CHIA SEEDS,Grains,489.0,14.3,32.1,42.9,39.3,0.0,18.0,70
3592,100% WHOLE GRAIN ELBOWS,Other,339.0,12.5,2.68,71.4,8.9,3.57,0.0,70
3593,100% WHOLE GRAIN ELBOWS,Other,339.0,12.5,2.68,71.4,8.9,3.57,0.0,70
3594,"100% WHOLE GRAIN FLOUR TORTILLAS, 100% WHOLE GRAIN FLOUR",Other,244.0,8.89,6.67,40.0,6.7,0.0,278.0,60
3595,100% WHOLE GRAIN INSTANT RICE BROWN RICE,Grains,356.0,6.67,2.22,80.0,4.4,0.0,0.0,60
3596,"100% WHOLE GRAIN IVORY WHEAT ORGANIC FLOUR, IVORY WHEAT",Other,361.0,11.1,1.39,75.0,25.0,0.0,0.0,70
3597,"100% WHOLE GRAIN LINGUINE, WHOLE GRAIN",Other,321.0,16.1,2.68,69.6,8.9,3.57,0.0,70
3598,100% WHOLE GRAIN OATS,Other,375.0,12.5,7.5,67.5,5.0,2.5,0.0,70
3599,100% WHOLE GRAIN OATS QUICK COOK OATMEAL,Other,375.0,12.5,6.25,67.5,10.0,0.0,0.0,70
3600,100% WHOLE GRAIN OATS QUICK COOK OATMEAL,Other,375.0,12.5,6.25,67.5,10.0,0.0,0.0,70
3601,"100% WHOLE GRAIN OATS, 100%WHOLE GRAIN",Other,375.0,12.5,6.25,67.5,5.0,2.5,0.0,70
3602,100% WHOLE GRAIN OLD FASHIONED OATS,Other,350.0,12.5,6.25,67.5,5.0,0.0,0.0,70
3603,"100% WHOLE GRAIN OLD FASHIONED OATS, WHOLE GRAIN",Other,375.0,12.5,6.25,70.0,5.0,0.0,0.0,70
3604,"100% WHOLE GRAIN OLD FASHIONED OATS, WHOLE GRAIN",Other,375.0,12.5,6.25,67.5,5.0,2.5,0.0,70
3605,"100% WHOLE GRAIN OLD FASHIONED OATS, WHOLE GRAIN",Other,375.0,12.5,6.25,67.5,5.0,0.0,0.0,70
3606,"100% WHOLE GRAIN OLD FASHIONED OATS, WHOLE GRAIN",Other,375.0,12.5,6.25,67.5,5.0,2.5,0.0,70
3607,"100% WHOLE GRAIN OLD FASHIONED OATS, WHOLE GRAIN",Other,350.0,12.5,6.25,67.5,5.0,0.0,0.0,70
3608,"100% WHOLE GRAIN OLD FASHIONED OATS, WHOLE GRAIN",Other,375.0,12.5,6.25,70.0,5.0,0.0,0.0,70
3609,"100% WHOLE GRAIN ORGANIC BREAD, 100% WHOLE GRAIN",Grains,292.0,12.5,6.25,45.8,6.2,8.3,417.0,70
3610,"100% WHOLE GRAIN ORGANIC BREAD, 100% WHOLE GRAIN",Grains,292.0,12.5,6.25,45.8,6.2,8.3,417.0,70
3611,"100% WHOLE GRAIN ORGANIC BREAD, 100% WHOLE GRAIN",Grains,292.0,12.5,6.25,45.8,6.2,8.3,417.0,70
3612,100% WHOLE GRAIN ORGANIC OATS,Other,375.0,12.5,7.5,67.5,5.0,2.5,0.0,70
3613,100% WHOLE GRAIN ORGANIC OATS,Other,375.0,12.5,7.5,67.5,5.0,2.5,0.0,70
3614,"100% WHOLE GRAIN ORGANIC SPROUTED BREAD, 100% WHOLE GRAIN",Grains,214.0,10.7,0.0,35.7,7.1,0.0,304.0,70
3615,100% WHOLE GRAIN PASTA,Grains,321.0,16.1,2.68,69.6,8.9,3.57,0.0,70
3616,100% WHOLE GRAIN PENNE,Other,339.0,12.5,2.68,71.4,8.9,3.57,0.0,70
3617,100% WHOLE GRAIN PENNE RIGATE,Other,339.0,12.5,2.68,71.4,8.9,3.57,0.0,70
3618,"100% WHOLE GRAIN PENNE RIGATE, WHOLE GRAIN",Other,321.0,16.1,2.68,69.6,8.9,3.57,0.0,70
3619,"100% WHOLE GRAIN QUICK COOKING OATS, 100% WHOLE GRAIN",Other,350.0,12.5,6.25,67.5,5.0,0.0,0.0,70
3620,100% WHOLE GRAIN QUICK COOKING STEEL CUT OATS,Other,389.0,11.1,6.94,72.2,11.1,0.0,0.0,70
3621,100% WHOLE GRAIN QUICK COOKING STEEL CUT OATS,Other,389.0,11.1,6.94,72.2,11.1,0.0,0.0,70
3622,100% WHOLE GRAIN QUICK COOKING STEEL CUT OATS,Other,389.0,11.1,6.94,69.4,11.1,0.0,0.0,70
3623,100% WHOLE GRAIN QUICK OATS,Other,375.0,12.5,7.5,67.5,5.0,2.5,0.0,70
3624,100% WHOLE GRAIN QUICK OATS,Other,375.0,12.5,6.25,70.0,5.0,0.0,,70
3625,100% WHOLE GRAIN QUICK OATS,Other,375.0,12.5,6.25,67.5,2.0,0.0,0.0,60
3626,100% WHOLE GRAIN QUICK OATS,Other,375.0,12.5,6.25,67.5,5.0,0.0,0.0,70
3627,100% WHOLE GRAIN QUICK OATS,Other,375.0,12.5,6.25,67.5,5.0,0.0,0.0,70
3628,100% WHOLE GRAIN QUICK OATS,Other,375.0,12.5,7.5,67.5,5.0,0.0,0.0,70
3629,"100% WHOLE GRAIN QUICK OATS, 100% WHOLE GRAIN",Other,375.0,12.5,6.25,67.5,2.0,0.0,0.0,60
3630,"100% WHOLE GRAIN QUICK OATS, 100% WHOLE GRAIN",Other,375.0,12.5,7.5,67.5,5.0,2.5,0.0,70
3631,"100% WHOLE GRAIN QUICK OATS, 100% WHOLE GRAIN",Other,375.0,12.5,6.25,67.5,2.0,0.0,0.0,60
3632,"100% WHOLE GRAIN QUICK OATS, WHOLE GRAIN",Other,375.0,12.5,6.25,70.0,5.0,0.0,0.0,70
3633,"100% WHOLE GRAIN QUICK OATS, WHOLE GRAIN",Other,375.0,12.5,6.25,67.5,5.0,0.0,0.0,70
3634,"100% WHOLE GRAIN QUICK OATS, WHOLE GRAIN",Other,375.0,12.5,6.25,67.5,5.0,2.5,0.0,70
3635,"100% WHOLE GRAIN QUICK OATS, WHOLE GRAIN",Other,350.0,12.5,6.25,67.5,5.0,0.0,0.0,70
3636,"100% WHOLE GRAIN QUICK OATS, WHOLE GRAIN",Other,375.0,12.5,6.25,67.5,5.0,2.5,0.0,70
3637,"100% WHOLE GRAIN QUICK OATS, WHOLE GRAIN",Other,375.0,12.5,6.25,70.0,5.0,0.0,0.0,70
3638,100% WHOLE GRAIN QUINOA,Grains,356.0,13.3,5.56,68.9,6.7,22.2,0.0,60
3639,100% WHOLE GRAIN QUINOA,Grains,372.0,14.0,5.81,65.1,7.0,0.0,0.0,70
3640,100% WHOLE GRAIN QUINOA,Grains,386.0,11.4,6.82,68.2,6.8,11.4,0.0,70
3641,"100% WHOLE GRAIN QUINOA, RED & WHITE",Grains,372.0,14.0,5.81,65.1,7.0,0.0,0.0,70
3642,100% WHOLE GRAIN RED QUINOA,Grains,372.0,14.0,6.98,67.4,11.6,2.33,0.0,70
3643,"100% WHOLE GRAIN REGULAR ROLLED OATS, 100% WHOLE GRAIN",Other,400.0,17.5,7.5,67.5,10.0,0.0,0.0,70
3644,"100% WHOLE GRAIN ROLLED QUICK OATS, WHOLE GRAIN",Other,375.0,12.5,6.25,67.5,2.0,0.0,0.0,60
3645,100% WHOLE GRAIN ROTINI,Other,321.0,16.1,2.68,69.6,8.9,3.57,0.0,70
3646,"100% WHOLE GRAIN SALTED POPCORN, SALTED",Snacks & Sweets,536.0,7.14,35.7,53.6,10.7,0.0,286.0,60
3647,"100% WHOLE GRAIN SESAME ORGANIC SPROUTED BREAD, 100% WHOLE GRAIN SESAME",Grains,214.0,10.7,0.0,35.7,7.1,0.0,321.0,70
3648,"100% WHOLE GRAIN SESAME ORGANIC SPROUTED BREAD, 100% WHOLE GRAIN SESAME",Grains,214.0,10.7,0.0,35.7,7.1,0.0,321.0,70
3649,"100% WHOLE GRAIN SLICED ANCIENT GRAINS MULTIGRAIN BREAD, 100% WHOLE GRAIN",Grains,250.0,11.1,5.56,41.7,8.3,2.8,417.0,70
3650,100% WHOLE GRAIN SPAGHETTI,Other,339.0,12.5,2.68,71.4,8.9,3.57,0.0,70
3651,100% WHOLE GRAIN SPAGHETTI,Other,339.0,12.5,2.68,71.4,8.9,3.57,0.0,70
3652,"100% WHOLE GRAIN SPAGHETTI, WHOLE GRAIN",Other,321.0,16.1,2.68,69.6,8.9,3.57,0.0,70
3653,"100% WHOLE GRAIN SPAGHETTI, WHOLE WHEAT MACARONI PRODUCT",Other,339.0,12.5,2.68,71.4,8.9,3.57,0.0,70
3654,"100% WHOLE GRAIN SPELT BITE-SIZE CRACKERS WITH SESAME, 100% WHOLE GRAIN WITH SESAME",Other,350.0,15.0,5.0,65.0,5.0,0.0,375.0,70
3655,100% WHOLE GRAIN SPROUTED WHEAT FLOUR,Other,333.0,13.3,1.67,70.0,13.3,3.33,0.0,70
3656,100% WHOLE GRAIN STEEL CUT OATS,Other,375.0,12.5,6.25,67.5,5.0,2.5,0.0,70
3657,100% WHOLE GRAIN STEEL CUT OATS,Other,375.0,12.5,7.5,67.5,5.0,2.5,0.0,70
3658,100% WHOLE GRAIN STEEL CUT OATS,Other,386.0,11.4,5.68,70.4,11.4,0.0,0.0,70
3659,"100% WHOLE GRAIN STEEL CUT OATS, 100% WHOLE GRAIN",Other,375.0,12.5,6.25,67.5,5.0,0.0,0.0,70
3660,"100% WHOLE GRAIN STEEL CUT OATS, ORIGINAL",Other,396.0,12.5,6.25,70.8,8.3,2.08,0.0,70
3661,"100% WHOLE GRAIN STEEL CUT OATS, WHOLE GRAIN",Other,375.0,12.5,6.25,70.0,5.0,0.0,0.0,70
3662,100% WHOLE GRAIN THIN SPAGHETTI,Other,339.0,12.5,2.68,71.4,8.9,3.57,0.0,70
3663,"100% WHOLE GRAIN THIN SPAGHETTI, WHOLE GRAIN",Other,321.0,16.1,2.68,69.6,8.9,3.57,0.0,70
3664,100% WHOLE GRAIN ULTRA THIN PIZZA CRUST,Other,300.0,10.0,3.0,56.0,8.0,2.0,200.0,60
3665,100% WHOLE GRAIN ULTRA THIN PIZZA CRUST,Other,267.0,8.89,3.33,51.1,8.9,2.22,189.0,60
3666,100% WHOLE GRAIN WHEAT BREAD,Grains,195.0,12.2,2.44,39.0,12.2,7.32,390.0,70
3667,"100% WHOLE GRAIN WHEAT BREAD, WHOLE GRAIN WHEAT",Grains,256.0,11.6,2.33,48.8,7.0,7.0,442.0,70
3668,"100% WHOLE GRAIN WHEAT CRISPS SNACKS, RED PEPPER",Snacks & Sweets,357.0,10.7,0.0,75.0,14.3,14.3,357.0,70
3669,"100% WHOLE GRAIN WHITE QUINOA, WHITE",Grains,372.0,14.0,5.81,69.8,7.0,4.65,0.0,70
3670,"100% WHOLE GRAIN WHOLE GRAINS BREAD, 100% WHOLE GRAIN",Grains,271.0,10.4,6.25,47.9,6.2,6.2,521.0,60
3671,100% WHOLE GRAIN WHOLE WHEAT MACARONI PRODUCT THIN SPAGHETTI,Other,321.0,12.5,2.68,71.4,10.7,3.57,0.0,70
3672,"100% WHOLE GRAIN WHOLE WHEAT MACARONI PRODUCT, PENNE RIGATE",Other,357.0,12.5,2.68,73.2,8.9,3.57,0.0,70
3673,"100% WHOLE GRAIN WHOLE WHEAT MACARONI PRODUCT, ROTINI",Other,357.0,12.5,2.68,73.2,8.9,3.57,0.0,70
3674,"100% WHOLE GRAIN WHOLE WHEAT MACARONI PRODUCT, SPAGHETTI",Other,357.0,12.5,2.68,73.2,8.9,3.57,0.0,70
3675,"100% WHOLE GRAIN WHOLE WHEAT PASTA, SPAGHETTI",Grains,373.0,12.0,2.67,73.3,9.3,2.67,0.0,70
3676,100% WHOLE WHEAT,Other,237.0,10.5,2.63,47.4,5.3,5.3,355.0,70
3677,100% WHOLE WHEAT,Other,195.0,7.32,1.22,41.5,7.3,0.0,488.0,60
3678,100% WHOLE WHEAT,Other,250.0,9.38,3.12,46.9,6.2,3.1,469.0,60
3679,"100% WHOLE WHEAT & HONEY BREAD, 100% WHOLE WHEAT & HONEY",Grains,244.0,11.1,3.33,51.1,8.9,8.9,400.0,70
3680,"100% WHOLE WHEAT & HONEY OREGON TRAIL BREAD, 100% WHOLE WHEAT & HONEY",Grains,250.0,10.0,2.5,47.5,5.0,10.0,338.0,60
3681,"100% WHOLE WHEAT 8-INCH TACO TORTILLAS, 100% WHOLE WHEAT",Other,244.0,8.89,6.67,42.2,6.7,2.2,489.0,60
3682,"100% WHOLE WHEAT BAGEL SHOP BAGELS, 100% WHOLE WHEAT",Other,247.0,12.4,1.85,46.9,7.4,7.41,494.0,70
3683,100% WHOLE WHEAT BAGELS,Other,235.0,11.8,1.76,48.2,4.7,4.71,353.0,70
3684,100% WHOLE WHEAT BAGELS,Other,247.0,11.8,2.35,49.4,5.9,4.7,447.0,70
3685,100% WHOLE WHEAT BAGELS,Other,232.0,11.6,1.58,48.4,7.4,5.26,453.0,70
3686,"100% WHOLE WHEAT BAKERY LIGHT BREAD, 100% WHOLE WHEAT",Grains,186.0,11.6,2.33,41.9,9.3,2.3,395.0,70
3687,100% WHOLE WHEAT BREAD,Grains,256.0,11.6,3.49,48.8,7.0,9.3,349.0,70
3688,100% WHOLE WHEAT BREAD,Grains,231.0,15.4,1.92,42.3,7.7,3.85,423.0,70
3689,100% WHOLE WHEAT BREAD,Grains,240.0,16.0,2.0,44.0,8.0,0.0,420.0,70
3690,100% WHOLE WHEAT BREAD,Grains,240.0,16.0,2.0,44.0,8.0,0.0,420.0,70
3691,100% WHOLE WHEAT BREAD,Grains,231.0,15.4,1.92,42.3,7.7,3.8,423.0,70
3692,100% WHOLE WHEAT BREAD,Grains,239.0,8.7,1.09,50.0,8.7,8.7,478.0,60
3693,100% WHOLE WHEAT BREAD,Grains,231.0,11.5,3.85,46.2,7.7,3.8,442.0,70
3694,100% WHOLE WHEAT BREAD,Grains,280.0,12.0,4.0,48.0,8.0,4.0,600.0,60
3695,100% WHOLE WHEAT BREAD,Grains,250.0,7.14,5.36,42.9,7.1,3.6,446.0,60
3696,100% WHOLE WHEAT BREAD,Grains,250.0,10.7,3.57,46.4,7.1,7.14,500.0,70
3697,100% WHOLE WHEAT BREAD,Grains,233.0,9.3,3.49,46.5,7.0,6.98,326.0,60
3698,100% WHOLE WHEAT BREAD,Grains,238.0,11.9,3.57,45.2,7.1,7.14,429.0,70
3699,100% WHOLE WHEAT BREAD,Grains,244.0,11.1,3.33,40.0,6.7,6.67,533.0,60
3700,100% WHOLE WHEAT BREAD,Grains,242.0,9.09,3.03,48.5,6.1,9.09,348.0,60
3701,100% WHOLE WHEAT BREAD,Grains,242.0,11.3,3.23,45.2,6.5,4.8,387.0,70
3702,100% WHOLE WHEAT BREAD,Grains,240.0,12.0,3.0,40.0,6.0,6.0,420.0,70
3703,100% WHOLE WHEAT BREAD,Grains,250.0,10.7,3.57,42.9,7.1,3.6,0.0,70
3704,100% WHOLE WHEAT BREAD,Grains,265.0,11.8,2.94,47.1,8.8,5.9,559.0,60
3705,100% WHOLE WHEAT BREAD,Grains,250.0,10.7,3.57,46.4,7.1,7.14,571.0,60
3706,100% WHOLE WHEAT BREAD,Grains,214.0,10.7,1.79,50.0,7.1,7.14,536.0,60
3707,100% WHOLE WHEAT BREAD,Grains,240.0,10.0,3.0,48.0,6.0,6.0,440.0,60
3708,100% WHOLE WHEAT BREAD,Grains,280.0,12.0,4.0,48.0,8.0,4.0,440.0,70
3709,100% WHOLE WHEAT BREAD,Grains,240.0,12.0,3.0,44.0,6.0,6.0,460.0,70
3710,100% WHOLE WHEAT BREAD,Grains,214.0,10.7,1.79,50.0,7.1,7.14,536.0,60
3711,100% WHOLE WHEAT BREAD,Grains,222.0,11.1,3.33,44.4,8.9,0.0,422.0,70
3712,100% WHOLE WHEAT BREAD,Grains,235.0,11.8,4.41,44.1,5.9,8.82,559.0,60
3713,100% WHOLE WHEAT BREAD,Grains,214.0,10.7,1.79,50.0,7.1,7.14,536.0,60
3714,100% WHOLE WHEAT BREAD,Grains,260.0,12.0,3.0,46.0,8.0,8.0,460.0,70
3715,100% WHOLE WHEAT BREAD,Grains,228.0,10.5,3.51,43.9,5.3,7.02,439.0,70
3716,100% WHOLE WHEAT BREAD,Grains,250.0,7.14,5.36,42.9,7.1,3.6,446.0,60
3717,100% WHOLE WHEAT BREAD,Grains,240.0,6.0,3.0,24.0,4.0,2.0,230.0,60
3718,100% WHOLE WHEAT BREAD,Grains,256.0,10.3,3.85,48.7,7.7,5.13,595.0,60
3719,100% WHOLE WHEAT BREAD,Grains,240.0,16.0,2.0,44.0,8.0,0.0,420.0,70
3720,100% WHOLE WHEAT BREAD,Grains,256.0,11.6,3.49,44.2,7.0,6.98,419.0,70
3722,100% WHOLE WHEAT BREAD,Grains,231.0,11.5,2.88,40.4,5.8,5.77,442.0,70
3723,100% WHOLE WHEAT BREAD,Grains,250.0,11.5,2.88,46.2,5.8,7.69,462.0,70
3724,100% WHOLE WHEAT BREAD,Grains,250.0,10.0,2.5,45.0,7.5,5.0,425.0,60
3725,100% WHOLE WHEAT BREAD,Grains,250.0,10.7,3.57,42.9,7.1,3.57,536.0,60
3726,100% WHOLE WHEAT BREAD,Grains,290.0,12.9,3.23,45.2,6.5,9.68,387.0,70
3727,100% WHOLE WHEAT BREAD,Grains,250.0,10.0,3.75,47.5,5.0,5.0,325.0,60
3728,100% WHOLE WHEAT BREAD,Grains,250.0,10.7,3.57,46.4,7.1,3.6,500.0,70
3729,100% WHOLE WHEAT BREAD,Grains,240.0,10.0,3.0,46.0,6.0,4.0,460.0,60
3730,100% WHOLE WHEAT BREAD,Grains,228.0,12.3,2.63,38.6,7.0,5.26,351.0,70
3731,100% WHOLE WHEAT BREAD,Grains,235.0,11.8,2.94,47.1,5.9,8.82,559.0,60
3732,100% WHOLE WHEAT BREAD,Grains,245.0,10.2,3.06,42.9,6.1,6.12,449.0,70
3733,100% WHOLE WHEAT BREAD,Grains,279.0,11.6,3.49,53.5,7.0,6.98,326.0,70
3734,100% WHOLE WHEAT BREAD,Grains,250.0,11.5,3.85,46.2,7.7,5.77,404.0,70
3735,100% WHOLE WHEAT BREAD,Grains,240.0,12.0,4.0,48.0,8.0,8.0,560.0,60
3736,100% WHOLE WHEAT BREAD,Grains,209.0,8.96,2.99,38.8,4.5,5.97,343.0,60
3737,100% WHOLE WHEAT BREAD,Grains,250.0,11.1,2.78,47.2,5.6,5.6,389.0,70
3738,100% WHOLE WHEAT BREAD,Grains,233.0,11.6,3.49,41.9,7.0,9.3,419.0,70
3739,100% WHOLE WHEAT BREAD,Grains,231.0,15.4,1.92,42.3,7.7,3.8,423.0,70
3740,100% WHOLE WHEAT BREAD,Grains,200.0,16.0,4.0,36.0,4.0,0.0,500.0,70
3741,100% WHOLE WHEAT BREAD,Grains,240.0,12.0,3.0,40.0,6.0,6.0,440.0,70
3742,100% WHOLE WHEAT BREAD,Grains,233.0,11.6,3.49,39.5,7.0,6.98,395.0,70
3743,100% WHOLE WHEAT BREAD,Grains,233.0,11.6,3.49,46.5,7.0,6.98,465.0,70
3744,100% WHOLE WHEAT BREAD,Grains,231.0,15.4,1.92,42.3,7.7,3.8,423.0,70
3745,100% WHOLE WHEAT BREAD,Grains,240.0,12.0,3.0,44.0,6.0,8.0,440.0,70
3746,100% WHOLE WHEAT BREAD,Grains,240.0,12.0,3.0,42.0,6.0,6.0,420.0,70
3747,100% WHOLE WHEAT BREAD,Grains,263.0,10.5,2.63,50.0,5.3,5.3,368.0,70
3748,100% WHOLE WHEAT BREAD ,Grains,250.0,10.7,3.57,42.9,7.1,3.57,464.0,70
3749,"100% WHOLE WHEAT BREAD, 100% WHOLE WHEAT",Grains,214.0,14.3,3.57,42.9,7.1,3.6,411.0,70
3750,"100% WHOLE WHEAT BREAD, 100% WHOLE WHEAT",Grains,240.0,14.0,3.0,42.0,6.0,6.0,460.0,70
3751,"100% WHOLE WHEAT BREAD, 100% WHOLE WHEAT",Grains,231.0,11.5,3.85,46.2,7.7,3.8,442.0,70
3752,"100% WHOLE WHEAT BREAD, 100% WHOLE WHEAT",Grains,255.0,10.6,3.19,46.8,6.4,6.38,447.0,70
3753,"100% WHOLE WHEAT BREAD, 100% WHOLE WHEAT",Grains,233.0,9.3,3.49,46.5,7.0,6.98,326.0,60
3754,"100% WHOLE WHEAT BREAD, 100% WHOLE WHEAT",Grains,240.0,10.0,4.0,46.0,6.0,4.0,440.0,60
3755,"100% WHOLE WHEAT BREAD, 100% WHOLE WHEAT",Grains,250.0,11.5,2.88,48.1,5.8,5.8,442.0,70
3756,"100% WHOLE WHEAT BREAD, 100% WHOLE WHEAT",Grains,250.0,11.1,5.56,41.7,0.0,5.56,389.0,60
3757,"100% WHOLE WHEAT BREAD, 100% WHOLE WHEAT",Grains,256.0,11.6,3.49,48.8,4.7,9.3,349.0,70
3758,"100% WHOLE WHEAT BREAD, 100% WHOLE WHEAT",Grains,256.0,11.6,4.65,48.8,7.0,6.98,581.0,60
3759,"100% WHOLE WHEAT BREAD, 100% WHOLE WHEAT",Grains,279.0,14.0,4.65,44.2,7.0,6.98,442.0,70
3760,"100% WHOLE WHEAT BREAD, 100% WHOLE WHEAT",Grains,259.0,11.1,3.7,48.2,4.0,3.7,389.0,70
3761,"100% WHOLE WHEAT BREAD, 100% WHOLE WHEAT",Grains,231.0,11.5,3.85,46.2,7.7,3.8,442.0,70
3762,"100% WHOLE WHEAT BREAD, 100% WHOLE WHEAT",Grains,244.0,11.1,3.33,46.7,6.7,2.2,467.0,70
3763,"100% WHOLE WHEAT BREAD, 100% WHOLE WHEAT",Grains,250.0,11.5,2.88,48.1,5.8,5.8,442.0,70
3764,"100% WHOLE WHEAT BREAD, 100% WHOLE WHEAT",Grains,250.0,11.5,2.88,48.1,5.8,5.8,423.0,70
3765,"100% WHOLE WHEAT BREAD, 100% WHOLE WHEAT",Grains,246.0,10.5,3.51,45.6,5.3,5.3,439.0,70
3766,"100% WHOLE WHEAT BREAD, 100% WHOLE WHEAT",Grains,263.0,10.5,2.63,47.4,7.9,7.9,395.0,70
3767,"100% WHOLE WHEAT BREAD, 100% WHOLE WHEAT",Grains,240.0,12.0,3.0,44.0,6.0,8.0,440.0,70
3768,"100% WHOLE WHEAT BREAD, 100% WHOLE WHEAT",Grains,171.0,12.2,2.44,39.0,12.2,7.3,366.0,70
3769,"100% WHOLE WHEAT BREAD, 100% WHOLE WHEAT",Grains,222.0,7.41,3.7,44.4,4.0,7.4,370.0,60
3770,"100% WHOLE WHEAT BREAD, 100% WHOLE WHEAT",Grains,263.0,13.2,2.63,50.0,5.3,7.9,395.0,70
3771,"100% WHOLE WHEAT BREAD, 100% WHOLE WHEAT",Grains,233.0,11.6,3.49,44.2,7.0,4.7,395.0,70
3772,"100% WHOLE WHEAT BREAD, 100% WHOLE WHEAT",Grains,265.0,10.2,5.1,46.9,8.2,8.2,367.0,70
3773,"100% WHOLE WHEAT BREAD, 100% WHOLE WHEAT",Grains,240.0,12.0,4.0,48.0,8.0,8.0,560.0,60
3774,"100% WHOLE WHEAT BREAD, 100% WHOLE WHEAT",Grains,214.0,10.7,3.57,39.3,7.1,3.6,464.0,70
3775,"100% WHOLE WHEAT BREAD, 100% WHOLE WHEAT",Grains,231.0,15.4,1.92,42.3,7.7,3.8,423.0,70
3776,"100% WHOLE WHEAT BREAD, 100% WHOLE WHEAT",Grains,237.0,10.5,2.63,47.4,5.3,5.3,395.0,70
3777,"100% WHOLE WHEAT BREAD, 100% WHOLE WHEAT",Grains,256.0,11.6,3.49,44.2,7.0,6.98,419.0,70
3778,"100% WHOLE WHEAT BREAD, 100% WHOLE WHEAT",Grains,233.0,11.6,3.49,46.5,7.0,7.0,395.0,70
3779,"100% WHOLE WHEAT BREAD, 100% WHOLE WHEAT",Grains,222.0,11.1,3.7,40.7,7.4,3.7,500.0,70
3780,"100% WHOLE WHEAT BREAD, 100% WHOLE WHEAT",Grains,231.0,15.4,1.92,42.3,7.7,3.8,423.0,70
3781,"100% WHOLE WHEAT BREAD, 100% WHOLE WHEAT",Grains,250.0,10.7,3.57,42.9,7.1,3.6,0.0,70
3782,"100% WHOLE WHEAT BREAD, 100% WHOLE WHEAT",Grains,231.0,15.4,1.92,42.3,7.7,3.8,423.0,70
3783,"100% WHOLE WHEAT BREAD, 100% WHOLE WHEAT",Grains,231.0,11.5,3.85,46.2,7.7,3.8,462.0,70
3784,"100% WHOLE WHEAT BREAD, 100% WHOLE WHEAT",Grains,231.0,11.5,3.85,46.2,7.7,3.8,442.0,70
3785,"100% WHOLE WHEAT BREAD, 100% WHOLE WHEAT",Grains,200.0,13.3,2.22,42.2,11.1,4.44,378.0,70
3786,"100% WHOLE WHEAT BREAD, 100% WHOLE WHEAT",Grains,250.0,10.0,2.5,47.5,7.5,7.5,500.0,60
3787,"100% WHOLE WHEAT BREAD, 100% WHOLE WHEAT",Grains,250.0,11.5,3.85,46.2,5.8,3.8,442.0,70
3788,"100% WHOLE WHEAT BREAD, 100% WHOLE WHEAT",Grains,244.0,11.1,3.33,46.7,6.7,0.0,689.0,60
3789,"100% WHOLE WHEAT BREAD, 100% WHOLE WHEAT",Grains,250.0,12.5,2.5,45.0,7.5,7.5,475.0,70
3790,"100% WHOLE WHEAT BREAD, 100% WHOLE WHEAT",Grains,212.0,13.5,2.88,42.3,7.7,1.9,423.0,70
3791,"100% WHOLE WHEAT BREAD, 100% WHOLE WHEAT",Grains,233.0,9.3,3.49,44.2,7.0,2.3,395.0,60
3792,"100% WHOLE WHEAT BREAD, 100% WHOLE WHEAT",Grains,232.0,10.7,2.68,44.6,7.1,1.8,464.0,70
3793,"100% WHOLE WHEAT BREAD, BIG HORN VALLEY",Grains,231.0,11.5,3.85,46.2,7.7,7.69,327.0,70
3794,"100% WHOLE WHEAT BREAD, WHOLE GRAINS",Grains,237.0,10.5,2.63,47.4,5.3,7.89,395.0,70
3795,"100% WHOLE WHEAT BREAD, WHOLE WHEAT",Grains,240.0,12.0,3.0,42.0,6.0,6.0,440.0,70
3796,"100% WHOLE WHEAT BREAD, WHOLE WHEAT",Grains,250.0,10.7,3.57,42.9,7.1,3.57,536.0,60
3797,"100% WHOLE WHEAT BREAD, WHOLE WHEAT",Grains,240.0,10.0,3.0,48.0,6.0,6.0,440.0,60
3798,"100% WHOLE WHEAT BREAD, WHOLE WHEAT",Grains,256.0,11.6,3.49,48.8,7.0,9.3,349.0,70
3799,"100% WHOLE WHEAT BREAD, WHOLE WHEAT",Grains,263.0,10.5,2.63,50.0,5.3,5.3,368.0,70
3800,"100% WHOLE WHEAT BREAD, WHOLE WHEAT",Grains,233.0,11.6,2.33,46.5,7.0,4.7,419.0,70
3801,"100% WHOLE WHEAT BREAD, WHOLE WHEAT",Grains,263.0,10.5,3.95,50.0,5.3,5.3,368.0,70
3802,"100% WHOLE WHEAT BREAD, WHOLE WHEAT",Grains,214.0,14.3,3.57,42.9,7.1,3.6,411.0,70
3803,"100% WHOLE WHEAT BREAD, WHOLE WHEAT",Grains,171.0,12.2,2.44,39.0,12.2,7.3,366.0,70
3804,"100% WHOLE WHEAT BREAD, WHOLE WHEAT",Grains,214.0,10.7,3.57,42.9,7.1,7.14,446.0,70
3805,"100% WHOLE WHEAT BREAD, WHOLE WHEAT",Grains,240.0,10.0,4.0,46.0,6.0,4.0,440.0,60
3806,"100% WHOLE WHEAT BREAD, WHOLE WHEAT",Grains,250.0,12.5,2.5,45.0,7.5,7.5,475.0,70
3807,"100% WHOLE WHEAT BREAD, WHOLE WHEAT",Grains,233.0,11.6,3.49,46.5,7.0,7.0,395.0,70
3808,"100% WHOLE WHEAT BREAD, WHOLE WHEAT",Grains,259.0,11.1,3.7,48.2,4.0,7.4,444.0,70
3809,"100% WHOLE WHEAT BUNS, 100% WHOLE WHEAT",Other,263.0,10.5,3.51,49.1,7.0,5.3,579.0,60
3810,"100% WHOLE WHEAT BUNS, 100% WHOLE WHEAT",Other,263.0,10.5,3.51,49.1,7.0,5.3,579.0,60
3811,"100% WHOLE WHEAT CINNAMON WITH RAISINS SWIRL BREAD, 100% WHOLE WHEAT CINNAMON WITH RAISINS",Grains,273.0,12.1,4.55,48.5,6.1,12.1,364.0,70
3812,"100% WHOLE WHEAT COUNTRY PREMIUM BREAD, 100% WHOLE WHEAT",Grains,250.0,11.1,2.78,47.2,5.6,5.6,472.0,70
3813,"100% WHOLE WHEAT COUNTRY STYLE BREAD, 100% WHOLE WHEAT",Grains,245.0,10.2,4.08,49.0,6.1,6.1,388.0,70
3814,"100% WHOLE WHEAT DELI-THIN SANDWICH BREAD, WHOLE WHEAT",Grains,233.0,11.6,3.49,46.5,11.6,6.98,419.0,75
3815,"100% WHOLE WHEAT DINNER ROLLS, 100% WHOLE WHEAT",Other,263.0,13.2,2.63,44.7,5.3,5.3,421.0,70
3816,"100% WHOLE WHEAT DUTCH COUNTRY BREAD, 100% WHOLE WHEAT",Grains,237.0,10.5,2.63,47.4,5.3,5.3,447.0,70
3817,"100% WHOLE WHEAT DUTCH COUNTRY BREAD, 100% WHOLE WHEAT",Grains,237.0,10.5,2.63,47.4,5.3,5.3,447.0,70
3818,100% WHOLE WHEAT ENGLISH MUFFINS,Other,197.0,7.58,1.52,39.4,6.1,3.0,379.0,60
3819,100% WHOLE WHEAT ENGLISH MUFFINS,Other,211.0,8.77,1.75,40.4,5.3,1.75,404.0,60
3820,100% WHOLE WHEAT ENGLISH MUFFINS,Other,183.0,9.86,1.41,33.8,4.2,1.41,479.0,60
3821,"100% WHOLE WHEAT ENGLISH MUFFINS, 100% WHOLE WHEAT",Other,281.0,12.3,3.51,52.6,7.0,8.77,474.0,70
3822,"100% WHOLE WHEAT ENGLISH MUFFINS, 100% WHOLE WHEAT",Other,211.0,10.5,2.63,38.6,5.3,1.75,316.0,70
3823,"100% WHOLE WHEAT ENGLISH MUFFINS, 100% WHOLE WHEAT",Other,211.0,8.77,1.75,40.4,5.3,1.75,386.0,60
3824,"100% WHOLE WHEAT ENGLISH MUFFINS, 100% WHOLE WHEAT",Other,211.0,10.5,2.63,42.1,5.3,3.5,368.0,70
3825,"100% WHOLE WHEAT ENGLISH MUFFINS, 100% WHOLE WHEAT",Other,193.0,10.5,1.75,36.8,4.0,1.8,298.0,70
3826,"100% WHOLE WHEAT ENGLISH MUFFINS, 100% WHOLE WHEAT",Other,193.0,10.5,1.75,36.8,4.0,1.8,298.0,70
3827,"100% WHOLE WHEAT ENGLISH MUFFINS, 100% WHOLE WHEAT",Other,211.0,8.77,1.75,43.9,5.3,7.0,386.0,60
3828,"100% WHOLE WHEAT ENGLISH MUFFINS, 100% WHOLE WHEAT",Other,230.0,9.84,2.46,41.0,6.6,1.6,410.0,60
3829,"100% WHOLE WHEAT ENGLISH MUFFINS, 100% WHOLE WHEAT",Other,175.0,10.5,1.75,31.6,3.5,1.8,439.0,70
3830,"100% WHOLE WHEAT ENGLISH MUFFINS, WHOLE WHEAT",Other,197.0,9.84,1.64,39.3,4.9,1.6,279.0,60
3831,"100% WHOLE WHEAT FLATBREAD ROUNDS, 100% WHOLE WHEAT",Grains,233.0,11.6,3.49,46.5,11.6,6.98,465.0,70
3832,"100% WHOLE WHEAT FLAX & FIBER SANDWICH THINS ROLLS, 100% WHOLE WHEAT FLAX & FIBER",Other,246.0,10.5,4.39,47.4,7.0,3.5,509.0,60
3833,100% WHOLE WHEAT FLOUR,Other,333.0,13.3,1.67,70.0,10.0,0.0,0.0,70
3834,"100% WHOLE WHEAT FLOUR FAJITA TORTILLAS, 100% WHOLE WHEAT",Other,286.0,10.7,7.14,50.0,7.1,3.57,643.0,60
3835,"100% WHOLE WHEAT GOURMET THIN ROLLS, WHOLE WHEAT",Other,233.0,11.6,2.33,51.2,11.6,4.7,395.0,70
3836,"100% WHOLE WHEAT GRAIN BREAD, 100% WHOLE WHEAT",Grains,246.0,12.3,3.51,45.6,5.3,7.0,474.0,70
3837,"100% WHOLE WHEAT GRAIN MACARONI PRODUCT, PENNE RIGATE, PENNE RIGATE",Other,321.0,12.5,2.68,71.4,10.7,3.57,0.0,70
3838,"100% WHOLE WHEAT GRAIN MACARONI PRODUCT, ROTINI",Other,321.0,12.5,2.68,71.4,10.7,3.57,0.0,70
3839,"100% WHOLE WHEAT GRAINS ENGLISH MUFFINS, WHOLE WHEAT",Other,231.0,9.23,2.31,44.6,4.6,7.7,400.0,60
3840,"100% WHOLE WHEAT HALF LOAF BREAD, 100% WHOLE WHEAT",Grains,250.0,10.7,3.57,46.4,7.1,3.6,500.0,70
3841,"100% WHOLE WHEAT HAMBURG ROLLS, 100% WHOLE WHEAT",Other,208.0,11.3,3.77,37.7,5.7,3.8,415.0,70
3842,100% WHOLE WHEAT HAMBURGER,Other,228.0,10.5,3.51,43.9,8.8,5.26,456.0,70
3843,"100% WHOLE WHEAT HAMBURGER BUNS, 100% WHOLE WHEAT",Other,245.0,11.3,3.77,45.3,5.7,3.77,377.0,70
3844,"100% WHOLE WHEAT HAMBURGER BUNS, 100% WHOLE WHEAT",Other,246.0,14.0,2.63,45.6,7.0,5.26,386.0,70
3845,"100% WHOLE WHEAT HAMBURGER BUNS, 100% WHOLE WHEAT",Other,216.0,9.46,3.38,39.2,5.4,2.7,419.0,60
3846,"100% WHOLE WHEAT HAMBURGER BUNS, 100% WHOLE WHEAT",Other,245.0,11.3,3.77,45.3,7.5,3.77,358.0,70
3847,"100% WHOLE WHEAT HAMBURGER BUNS, 100% WHOLE WHEAT",Other,230.0,9.46,4.05,43.2,5.4,6.76,446.0,60
3848,"100% WHOLE WHEAT HAMBURGER BUNS, 100% WHOLE WHEAT",Other,255.0,13.7,2.94,43.1,5.9,5.9,412.0,70
3849,"100% WHOLE WHEAT HAMBURGER BUNS, 100% WHOLE WHEAT",Other,220.0,10.0,2.0,40.0,6.0,6.0,380.0,60
3850,"100% WHOLE WHEAT HAMBURGER BUNS, 100% WHOLE WHEAT",Other,260.0,12.0,3.0,50.0,6.0,8.0,500.0,70
3851,"100% WHOLE WHEAT HAMBURGER BUNS, WHOLE WHEAT",Other,263.0,12.3,4.39,47.4,7.0,5.3,544.0,60
3852,100% WHOLE WHEAT HAMBURGER ROLLS,Other,245.0,11.3,3.77,47.2,5.7,5.7,396.0,70
3853,"100% WHOLE WHEAT HEARTY HOMESTYLE BREAD, 100% WHOLE WHEAT",Grains,250.0,10.7,3.57,46.4,7.1,7.1,,70
3854,"100% WHOLE WHEAT HEARTY HOMESTYLE BREAD, 100% WHOLE WHEAT",Grains,265.0,11.8,2.94,47.1,8.8,5.9,559.0,60
3855,100% WHOLE WHEAT HOT DOG BUNS,Other,263.0,14.0,2.63,45.6,7.0,5.26,404.0,70
3856,100% WHOLE WHEAT HOT DOG BUNS,Other,211.0,10.5,2.63,40.4,5.3,5.26,421.0,70
3857,"100% WHOLE WHEAT HOT DOG BUNS, 100% WHOLE WHEAT",Other,261.0,10.9,3.26,50.0,4.3,8.7,500.0,70
3858,"100% WHOLE WHEAT HOT DOG BUNS, 100% WHOLE WHEAT",Other,228.0,10.5,3.51,43.9,7.0,5.26,491.0,70
3859,"100% WHOLE WHEAT HOT DOG BUNS, 100% WHOLE WHEAT",Other,239.0,10.9,4.35,45.6,6.5,4.35,370.0,70
3860,"100% WHOLE WHEAT HOT DOG BUNS, 100% WHOLE WHEAT",Other,263.0,12.3,4.39,47.4,7.0,5.3,544.0,60
3861,"100% WHOLE WHEAT HOT DOG BUNS, 100% WHOLE WHEAT",Other,226.0,11.3,2.83,39.6,,5.7,377.0,60
3862,"100% WHOLE WHEAT HOT DOG BUNS, 100% WHOLE WHEAT",Other,263.0,10.5,3.51,49.1,7.0,5.3,579.0,60
3863,"100% WHOLE WHEAT HOT DOG BUNS, 100% WHOLE WHEAT",Other,246.0,10.5,3.51,45.6,7.0,3.5,456.0,70
3864,"100% WHOLE WHEAT HOT DOG BUNS, 100% WHOLE WHEAT",Other,263.0,10.5,3.51,49.1,7.0,5.3,579.0,60
3865,"100% WHOLE WHEAT HOT DOG BUNS, 100% WHOLE WHEAT",Other,220.0,10.0,2.0,40.0,6.0,6.0,380.0,60
3866,"100% WHOLE WHEAT HOT DOG BUNS, WHOLE WHEAT",Other,263.0,10.5,3.51,49.1,7.0,5.3,579.0,60
3867,"100% WHOLE WHEAT HOT DOG BUNS, WHOLE WHEAT",Other,250.0,11.8,3.95,47.4,6.6,5.3,553.0,60
3868,100% WHOLE WHEAT HOT DOG ROLLS,Other,245.0,11.3,3.77,47.2,7.5,3.8,396.0,70
3869,"100% WHOLE WHEAT HOT DOG ROLLS, WHOLE WHEAT",Other,239.0,10.9,4.35,45.6,6.5,4.3,370.0,70
3870,"100% WHOLE WHEAT ITALIAN BREAD, 100% WHOLE WHEAT ITALIAN",Grains,257.0,11.4,2.86,45.7,5.7,5.7,629.0,60
3871,"100% WHOLE WHEAT ITALIAN BREAD, 100% WHOLE WHEAT ITALIAN",Grains,257.0,11.4,2.86,45.7,5.7,5.7,629.0,60
3872,"100% WHOLE WHEAT LIGHT STYLE BREAD, 100% WHOLE WHEAT",Grains,228.0,12.3,1.75,45.6,8.8,5.3,351.0,70
3873,100% WHOLE WHEAT LONG STICKS WITH SEA SALT PRETZELS,Other,382.0,14.3,5.36,71.4,7.1,3.57,1700.0,60
3874,"100% WHOLE WHEAT MACARONI PRODUCT, ANGEL HAIR",Other,375.0,12.5,2.68,73.2,10.7,3.57,0.0,70
3875,"100% WHOLE WHEAT MACARONI PRODUCT, PENNE RIGATE",Other,375.0,12.5,2.68,73.2,10.7,3.57,,70
3876,"100% WHOLE WHEAT MACARONI PRODUCT, PENNE RIGATE",Other,375.0,12.5,2.68,73.2,8.9,3.57,0.0,70
3877,"100% WHOLE WHEAT MACARONI PRODUCT, ROTINI",Other,375.0,12.5,2.68,73.2,10.7,3.57,,70
3878,"100% WHOLE WHEAT MACARONI PRODUCT, ROTINI",Other,357.0,12.5,2.68,73.2,8.9,3.57,0.0,70
3879,"100% WHOLE WHEAT MACARONI PRODUCT, SPAGHETTI",Other,357.0,14.3,1.79,71.4,8.9,3.57,0.0,70
3880,"100% WHOLE WHEAT MACARONI PRODUCT, SPAGHETTI",Other,375.0,12.5,2.68,73.2,10.7,3.57,,70
3881,"100% WHOLE WHEAT MACARONI PRODUCT, SPAGHETTI NO. 8",Other,321.0,12.5,2.68,71.4,10.7,3.57,0.0,70
3882,"100% WHOLE WHEAT MUFFINS, 100% WHOLE WHEAT",Other,211.0,8.77,1.75,40.4,5.3,1.75,404.0,60
3883,"100% WHOLE WHEAT MULTI-GRAIN, WHOLE WHEAT",Other,257.0,13.5,4.05,44.6,1.0,5.41,432.0,60
3884,"100% WHOLE WHEAT OLD FASHIONED HAMBURGER BUNS, 100% WHOLE WHEAT",Other,270.0,9.46,3.38,52.7,6.8,6.8,459.0,60
3885,"100% WHOLE WHEAT OLD FASHIONED SELECT BREADS, WHOLE WHEAT",Grains,233.0,9.3,3.49,41.9,7.0,2.33,488.0,60
3886,"100% WHOLE WHEAT ORGANIC BREAD, 100% WHOLE WHEAT",Grains,237.0,13.2,2.63,44.7,7.9,7.89,316.0,70
3887,"100% WHOLE WHEAT ORGANIC BREAD, 100% WHOLE WHEAT",Grains,263.0,10.5,3.95,50.0,7.9,7.9,447.0,70
3888,"100% WHOLE WHEAT ORGANIC SOFT BREAD, WHOLE WHEAT",Grains,246.0,10.5,4.39,45.6,5.3,5.3,351.0,70
3889,"100% WHOLE WHEAT ORIGINAL BAGELS, 100% WHOLE WHEAT",Other,246.0,12.3,1.75,47.4,5.3,7.0,474.0,70
3890,"100% WHOLE WHEAT ORZO PASTA, WHOLE WHEAT",Grains,357.0,12.5,1.79,69.6,16.1,,0.0,70
3891,100% WHOLE WHEAT PENNE RIGATE,Other,375.0,12.5,2.68,73.2,10.7,3.57,0.0,70
3892,"100% WHOLE WHEAT PITA BREAD, 100% WHOLE WHEAT",Grains,246.0,10.5,3.51,47.4,7.0,1.8,404.0,70
3893,"100% WHOLE WHEAT PITA POCKETS, 100% WHOLE WHEAT",Other,238.0,9.52,3.57,50.0,11.9,4.8,476.0,60
3894,"100% WHOLE WHEAT PITA POCKETS, WHOLE WHEAT",Other,246.0,10.5,3.51,47.4,7.0,1.8,404.0,70
3895,"100% WHOLE WHEAT POCKET THINS FLATBREAD, 100% WHOLE WHEAT",Grains,238.0,9.52,3.57,47.6,11.9,4.76,452.0,60
3896,100% WHOLE WHEAT POTATO BREAD,Grains,229.0,14.3,4.29,40.0,5.7,8.57,314.0,70
3897,"100% WHOLE WHEAT POTATO ROLLS, POTATO",Other,235.0,16.5,4.71,40.0,7.1,9.41,318.0,70
3898,"100% WHOLE WHEAT PRE-SLICED BAGELS, 100% WHOLE WHEAT",Other,263.0,11.6,2.11,53.7,7.4,6.3,368.0,70
3899,"100% WHOLE WHEAT PRE-SLICED BAGELS, 100% WHOLE WHEAT",Other,271.0,11.8,2.35,51.8,8.2,5.9,494.0,70
3900,"100% WHOLE WHEAT PRE-SLICED BAGELS, 100% WHOLE WHEAT",Other,239.0,10.9,2.17,54.4,10.9,6.5,435.0,70
3901,"100% WHOLE WHEAT PRE-SLICED BREAD, WHOLE WHEAT",Grains,209.0,9.3,3.49,39.5,4.7,2.3,395.0,60
3902,"100% WHOLE WHEAT PREMIUM BREAD, WHOLE WHEAT",Grains,233.0,9.3,3.49,46.5,7.0,4.7,442.0,60
3903,"100% WHOLE WHEAT PREMIUM SANDWICH BREAD, 100% WHOLE WHEAT",Grains,250.0,10.7,3.57,46.4,7.1,3.6,500.0,70
3904,100% WHOLE WHEAT PRETZELS,Snacks & Sweets,393.0,14.3,3.57,78.6,8.9,3.57,1000.0,60
3905,100% WHOLE WHEAT PRETZELS,Snacks & Sweets,429.0,16.1,14.3,64.3,7.1,3.57,989.0,60
3906,"100% WHOLE WHEAT PRODUCT, THIN SPAGHETTI",Other,357.0,12.5,2.68,73.2,8.9,0.0,0.0,70
3907,"100% WHOLE WHEAT RAISIN WALNUT BREAD, 100% WHOLE WHEAT RAISIN WALNUT",Grains,298.0,10.5,10.5,43.9,5.3,19.3,263.0,60
3908,"100% WHOLE WHEAT ROCKY MOUNTAIN SOURDOUGH BREAD, WHOLE WHEAT",Grains,179.0,7.14,0.89,37.5,7.1,0.0,411.0,60
3909,"100% WHOLE WHEAT ROLLS, 100% WHOLE WHEAT",Other,246.0,10.5,3.51,49.1,7.0,3.5,526.0,60
3910,"100% WHOLE WHEAT ROUND TOP BREAD, 100% WHOLE WHEAT",Grains,240.0,12.0,3.0,42.0,6.0,6.0,420.0,70
3911,"100% WHOLE WHEAT ROUND TOP BREAD, 100% WHOLE WHEAT",Grains,214.0,10.7,3.57,42.9,7.1,7.14,429.0,70
3912,100% WHOLE WHEAT SANDWICH BREAD,Grains,250.0,14.3,5.36,50.0,7.1,3.6,429.0,70
3913,"100% WHOLE WHEAT SANDWICH BREAD, 100% WHOLE WHEAT",Grains,250.0,14.3,3.57,46.4,7.1,7.1,411.0,70
3914,"100% WHOLE WHEAT SANDWICH BREAD, 100% WHOLE WHEAT",Grains,222.0,8.33,2.78,44.4,8.3,8.3,389.0,60
3915,"100% WHOLE WHEAT SANDWICH BREAD, 100% WHOLE WHEAT",Grains,231.0,11.5,3.85,46.2,7.7,3.8,423.0,70
3916,"100% WHOLE WHEAT SANDWICH BREAD, 100% WHOLE WHEAT",Grains,258.0,12.9,3.23,48.4,6.5,6.5,484.0,70
3917,"100% WHOLE WHEAT SANDWICH BREAD, 100% WHOLE WHEAT",Grains,231.0,11.5,3.85,46.2,7.7,3.8,442.0,70
3918,"100% WHOLE WHEAT SANDWICH BREAD, 100% WHOLE WHEAT",Grains,235.0,11.8,2.94,47.1,5.9,5.9,441.0,70
3919,"100% WHOLE WHEAT SANDWICH BREAD, 100% WHOLE WHEAT",Grains,273.0,9.09,3.03,48.5,6.1,9.1,409.0,60
3920,"100% WHOLE WHEAT SANDWICH BREAD, 100% WHOLE WHEAT",Grains,231.0,15.4,1.92,42.3,7.7,3.8,423.0,70
3921,"100% WHOLE WHEAT SANDWICH BREAD, WHEAT",Grains,269.0,11.5,3.85,46.2,7.7,7.7,404.0,70
3922,"100% WHOLE WHEAT SANDWICH BREAD, WHOLE WHEAT",Grains,240.0,12.0,2.0,48.0,4.0,8.0,480.0,70
3923,"100% WHOLE WHEAT SANDWICH BREAD, WHOLE WHEAT",Grains,250.0,11.5,2.88,48.1,5.8,5.8,423.0,70
3924,"100% WHOLE WHEAT SANDWICH BUNS, WHOLE WHEAT",Other,263.0,10.5,3.51,49.1,7.0,5.3,579.0,60
3925,"100% WHOLE WHEAT SANDWICH SLENDERS, 100% WHOLE WHEAT",Other,233.0,11.6,3.49,48.8,11.6,7.0,395.0,70
3926,"100% WHOLE WHEAT SANDWICH THINS ROLLS, 100% WHOLE WHEAT",Other,233.0,11.6,2.33,51.2,11.6,4.7,395.0,70
3927,"100% WHOLE WHEAT SANDWICH THINS ROLLS, 100% WHOLE WHEAT",Other,246.0,121.0,2.63,49.1,7.0,3.5,491.0,70
3928,"100% WHOLE WHEAT SANDWICH THINS ROLLS, 100% WHOLE WHEAT",Other,233.0,11.6,2.33,48.8,11.6,4.7,465.0,70
3929,"100% WHOLE WHEAT SANDWICH THINS ROLLS, 100% WHOLE WHEAT",Other,246.0,10.5,3.51,49.1,7.0,3.5,526.0,60
3930,"100% WHOLE WHEAT SANDWICH THINS ROLLS, 100% WHOLE WHEAT",Other,233.0,11.6,2.33,51.2,11.6,4.7,395.0,70
3931,"100% WHOLE WHEAT SANDWICH THINS ROLLS, 100% WHOLE WHEAT",Other,246.0,10.5,2.63,49.1,7.0,3.5,491.0,70
3932,"100% WHOLE WHEAT SANDWICH THINS ROLLS, 100% WHOLE WHEAT",Other,246.0,10.5,2.63,49.1,7.0,3.5,491.0,70
3933,"100% WHOLE WHEAT SANDWICH THINS ROLLS, 100% WHOLE WHEAT",Other,246.0,10.5,2.63,49.1,7.0,3.5,491.0,70
3934,100% WHOLE WHEAT SEASONED BREAD CRUMBS,Grains,357.0,14.3,5.36,64.3,3.6,7.1,2070.0,60
3935,"100% WHOLE WHEAT SELECT BREADS, 100% WHOLE WHEAT",Grains,233.0,11.6,3.49,44.2,7.0,4.7,395.0,70
3936,"100% WHOLE WHEAT SIMPLY SMALL BREAD, 100% WHOLE WHEAT",Grains,275.0,10.0,3.75,50.0,7.5,5.0,450.0,60
3937,"100% WHOLE WHEAT SIMPLY SMALL BREAD, 100% WHOLE WHEAT",Grains,275.0,10.0,3.75,50.0,7.5,5.0,450.0,60
3938,"100% WHOLE WHEAT SLICED BAGELS, 100% WHOLE WHEAT",Other,200.0,9.41,1.76,41.2,5.9,3.5,365.0,60
3939,100% WHOLE WHEAT SLICED BREAD,Grains,240.0,12.0,3.0,40.0,6.0,6.0,520.0,60
3940,100% WHOLE WHEAT SLICED BREAD,Grains,240.0,12.0,3.0,42.0,6.0,6.0,420.0,70
3941,100% WHOLE WHEAT SLICED BREAD ,Grains,240.0,12.0,4.0,48.0,8.0,4.0,520.0,60
3942,"100% WHOLE WHEAT SLICED BREAD, 100% WHOLE WHEAT",Grains,231.0,15.4,1.92,42.3,7.7,3.8,423.0,70
3943,"100% WHOLE WHEAT SLICED BREAD, 100% WHOLE WHEAT",Grains,280.0,12.0,4.0,48.0,8.0,4.0,440.0,70
3944,"100% WHOLE WHEAT SLICED BREAD, 100% WHOLE WHEAT",Grains,250.0,10.7,3.57,46.4,7.1,3.6,500.0,70
3945,"100% WHOLE WHEAT SLICED ENGLISH MUFFINS, 100% WHOLE WHEAT",Other,231.0,9.23,2.31,44.6,4.6,7.7,400.0,60
3946,"100% WHOLE WHEAT SLIDERS MINI BUNS, WHOLE WHEAT",Other,250.0,10.7,3.57,50.0,7.1,3.6,536.0,60
3947,"100% WHOLE WHEAT SMALL SLICE BREAD, 100% WHOLE WHEAT",Grains,250.0,10.7,3.57,50.0,7.1,7.1,375.0,70
3948,"100% WHOLE WHEAT SMALL SLICE BREAD, 100% WHOLE WHEAT",Grains,250.0,10.7,3.57,50.0,7.1,7.1,375.0,70
3949,"100% WHOLE WHEAT SMALL SLICE BREAD, 100% WHOLE WHEAT",Grains,250.0,10.7,3.57,50.0,7.1,7.1,375.0,70
3950,"100% WHOLE WHEAT SOFT BREAD, 100% WHOLE WHEAT",Grains,246.0,8.77,3.51,43.9,7.0,5.3,351.0,60
3951,"100% WHOLE WHEAT SOFT BREAD, 100% WHOLE WHEAT",Grains,250.0,9.62,2.88,50.0,5.8,5.8,365.0,60
3952,"100% WHOLE WHEAT SOFT BREAD, 100% WHOLE WHEAT",Grains,260.0,10.0,3.0,50.0,6.0,6.0,360.0,60
3953,100% WHOLE WHEAT SPAGHETTI,Other,375.0,12.5,2.68,73.2,10.7,3.57,0.0,70
3954,"100% WHOLE WHEAT STONE GROUND BREAD, 100% WHOLE WHEAT",Grains,260.0,10.0,4.0,46.0,6.0,4.0,420.0,60
3955,"100% WHOLE WHEAT STONE GROUND BREAD, 100% WHOLE WHEAT",Grains,260.0,10.0,5.0,46.0,8.0,4.0,400.0,60
3956,"100% WHOLE WHEAT STONE GROUND BREAD, 100% WHOLE WHEAT",Grains,231.0,11.5,2.88,50.0,5.8,3.8,423.0,70
3957,"100% WHOLE WHEAT STONE GROUND BREAD, 100% WHOLE WHEAT",Grains,231.0,11.5,2.88,50.0,5.8,5.77,423.0,70
3958,"100% WHOLE WHEAT SUGAR FREE SLICED WIDE PAN BREAD, 100% WHOLE WHEAT",Grains,244.0,11.1,3.33,44.4,4.4,0.0,644.0,60
3959,100% WHOLE WHEAT TEXAS ROLLS,Other,232.0,8.93,2.68,44.6,5.4,7.14,393.0,60
3960,100% WHOLE WHEAT THIN SANDWICH ROLLS,Other,256.0,9.3,2.33,51.2,9.3,4.7,326.0,60
3961,"100% WHOLE WHEAT THIN SLICED BREAD, 100% WHOLE WHEAT",Grains,250.0,10.7,3.57,46.4,7.1,3.6,482.0,70
3962,"100% WHOLE WHEAT THIN-SLICED BREAD, 100% WHOLE WHEAT",Grains,259.0,11.1,3.7,48.2,7.4,7.4,481.0,70
3963,100% WHOLE WHEAT TORTILLAS,Other,314.0,11.4,10.0,51.4,8.6,2.86,686.0,60
3964,"100% WHOLE WHEAT VERY THIN SLICED BREAD, WHOLE WHEAT",Grains,244.0,11.1,4.44,46.7,6.7,4.4,400.0,70
3965,"100% WHOLE WHEAT WHOLE GRAIN BREAD, 100% WHOLE WHEAT",Grains,250.0,12.5,3.12,43.8,6.2,6.2,438.0,70
3966,"100% WHOLE WHEAT WHOLE GRAINS BREAD WITH HEARTY BITS, 100% WHOLE WHEAT",Grains,256.0,9.3,4.65,48.8,7.0,7.0,372.0,60
3967,"100% WHOLE WHEAT WHOLE GRAINS BREAD, 100% WHOLE WHEAT",Grains,256.0,9.3,4.65,48.8,7.0,,372.0,60
3968,"100% WHOLE WHEAT WHOLE GRAINS BREAD, 100% WHOLE WHEAT",Grains,256.0,9.3,3.49,51.2,7.0,7.0,372.0,60
3969,"100% WHOLE WHEAT WHOLE GRAINS BREAD, 100% WHOLE WHEAT",Grains,256.0,9.3,4.65,48.8,7.0,7.0,372.0,60
3970,"100% WHOLE WHEAT WHOLE GRAINS BREAD, 100% WHOLE WHEAT",Grains,256.0,9.3,4.65,48.8,7.0,7.0,372.0,60
3971,"100% WHOLE WHEAT WIDE PAN BREAD, 100% WHOLE WHEAT",Grains,267.0,11.1,3.33,51.1,6.7,6.67,578.0,60
3972,"100% WHOLE WHEAT WIDE PAN SANDWICH BREAD, 100% WHOLE WHEAT",Grains,256.0,14.0,2.33,48.8,7.0,2.3,442.0,70
3973,"100% WHOLE WHEAT WITH HONEY, HONEY",Other,222.0,13.3,3.33,44.4,6.7,4.4,333.0,70
3974,100% WHOLE WHEAT WITH MULTIGRAIN,Other,186.0,11.6,2.33,37.2,9.3,2.33,198.0,70
3975,100% WHOLE WHEAT WITH MULTIGRAIN SMART POCKETS,Other,286.0,14.3,2.86,48.6,11.4,0.0,143.0,70
3976,"100% WHOLE WHEAT WITH MULTIGRAIN SMART POCKETS, 100% WHOLE WHEAT WITH MULTIGRAIN",Other,286.0,14.3,2.86,48.6,11.4,0.0,143.0,70
3977,"100% WHOLE WHEAT, BREAD",Grains,240.0,12.0,3.0,42.0,6.0,6.0,420.0,70
3978,"100% WHOLE WHEAT, HOT DOG",Other,228.0,10.5,2.63,43.9,7.0,5.26,491.0,70
3979,100% WILD CAUGHT WALLEYE FILLETS,Seafood,82.0,18.8,1.76,0.0,0.0,0.0,29.0,60
3980,100% WOLE WHEAT,Other,275.0,10.0,2.5,50.0,7.5,10.0,425.0,60
3981,100/150 CKD P&D SHRIMP,Other,119.0,25.0,1.79,0.0,0.0,0.0,286.0,60
3982,100/150 CP&D SHRIMP,Other,71.0,15.3,0.59,0.0,0.0,0.0,400.0,60
3983,100/150 CRAWFISH MEAT,Seafood,83.0,16.7,1.19,0.0,0.0,0.0,95.0,60
3984,100/150 CRAWFISH MEAT,Seafood,83.0,16.7,1.19,0.0,0.0,0.0,95.0,60
3985,100/150 CRAWFSH MEAT F/ON,Other,82.0,17.6,1.18,0.0,0.0,0.0,188.0,60
3986,1005 DURUM SEMOLINA RIGATONI,Other,351.0,12.3,1.75,71.9,3.5,3.51,0.0,70
3987,100ct/2oz Fresh Green Apple Slices,Fruits,53.0,0.0,0.0,14.0,3.5,8.77,0.0,65
3988,10LB-UP W.G BLK GROUPER,Other,88.0,19.5,0.88,0.0,0.0,0.0,53.0,60
3989,11 OZ LOBSTER TAILS,Other,115.0,20.4,1.33,2.65,0.0,0.0,177.0,60
3990,110/130 GULF PUD SHRIMP,Other,107.0,20.5,1.79,0.89,0.0,0.0,143.0,60
3991,12 COUNT LARGE ROUND GOURMET RAVIOLI,Other,188.0,12.9,12.9,17.6,0.0,1.18,188.0,60
3992,12 EGGS GRADE A LARGE WHITE,Other,140.0,12.0,10.0,0.0,,,140.0,60
3993,12 EGGS GRADE AA LARGE CAGE FREE,Other,140.0,12.0,10.0,0.0,,,140.0,60
3994,12 ENRICHED DINNER ROLLS,Other,238.0,7.14,2.38,50.0,4.8,2.38,452.0,60
3995,"12 G. PROTEIN BAR, APPLE CINNAMON",Snacks & Sweets,404.0,23.1,15.4,46.2,9.6,0.0,240.0,70
3996,"12 G. PROTEIN BAR, MANGO PINEAPPLE",Snacks & Sweets,404.0,23.1,13.5,46.2,7.7,28.8,269.0,60
3997,12 GRADE A JUMBO EGGS,Other,143.0,12.7,9.52,0.0,,,143.0,60
3998,12 GRADE A MEDIUM BROWN CAGE-FREE EGGS,Other,159.0,13.6,9.09,2.27,,,125.0,60
3999,12 GRADE AA EGGS EXTRA LARGE,Other,125.0,12.5,8.04,0.0,,,134.0,60
4000,12 GRADE AA LARGE EGGS,Other,140.0,12.0,10.0,0.0,,,140.0,60
4001,12 GRAIN BREAD,Grains,279.0,11.6,6.98,44.2,7.0,4.65,442.0,70
4002,12 GRAIN BREAD,Grains,233.0,11.6,4.65,44.2,7.0,6.98,349.0,70
4003,12 GRAIN BREAD,Grains,233.0,11.6,4.65,44.2,7.0,6.98,349.0,70
4004,12 GRAIN BREAD,Grains,256.0,11.6,4.65,44.2,4.7,6.98,442.0,70
4005,"12 GRAIN BREAD, 12 GRAIN",Grains,233.0,11.6,4.65,46.5,4.7,7.0,302.0,70
4006,"12 GRAIN BREAD, 12 GRAIN",Grains,233.0,11.6,4.65,44.2,9.3,7.0,349.0,70
4007,"12 GRAIN BREAD, 12 GRAIN",Grains,256.0,9.3,3.49,51.2,7.0,6.98,419.0,60
4008,"12 GRAIN BREAD, 12 GRAIN",Grains,263.0,13.2,6.58,44.7,5.3,5.3,474.0,70
4009,"12 GRAIN BREAD, 12 GRAIN",Grains,279.0,11.6,6.98,44.2,7.0,4.7,442.0,70
4010,"12 GRAIN LIGHT BREAD, 12 GRAIN",Grains,196.0,10.9,4.35,45.6,6.5,4.3,457.0,70
4011,"12 GRAIN RYE LIBERATE BREAD, 12 GRAIN RYE",Grains,241.0,14.8,3.7,40.7,9.3,1.85,278.0,70
4012,"12 GRAIN SANDWICH BREAD, 12 GRAIN",Grains,265.0,10.2,7.14,42.9,4.1,2.0,449.0,70
4013,"12 GRAIN SANDWICH SLENDERS, 12 GRAIN",Other,233.0,9.3,3.49,48.8,11.6,4.7,442.0,60
4014,"12 GRAIN WHOLE GRAIN BREAD, 12 GRAIN",Grains,256.0,9.3,3.49,48.8,7.0,6.98,419.0,60
4015,"12 GRAIN WHOLE GRAINS BREAD, 12 GRAIN",Grains,263.0,10.5,6.58,44.7,7.9,5.3,447.0,70
4016,"12 GRAIN WHOLE GRAINS BREAD, 12 GRAIN",Grains,256.0,11.6,6.98,44.2,7.0,4.7,419.0,70
4017,"12 GRAIN WHOLE GRAINS BREAD, 12 GRAIN",Grains,263.0,13.2,6.58,44.7,5.3,5.3,474.0,70
4018,"12 GRAIN WHOLE GRAINS BREAD, 12 GRAIN",Grains,263.0,10.5,6.58,44.7,7.9,5.3,421.0,70
4019,"12 GRAIN WHOLE GRAINS BREAD, 12 GRAIN",Grains,256.0,11.6,6.98,44.2,7.0,4.7,419.0,70
4020,"12 GRAIN WHOLE GRAINS BREAD, 12 GRAIN",Grains,256.0,11.6,6.98,44.2,7.0,4.7,419.0,70
4021,"12 GRAIN WHOLE GRAINS BREAD, 12 GRAIN",Grains,256.0,11.6,6.98,44.2,7.0,4.7,419.0,70
4022,12 GRAIN WHOLE WHEAT BREAD,Grains,267.0,11.1,5.56,46.7,6.7,6.67,300.0,70
4023,"12 GRAINS & SEEDS BREAD, 12 GRAINS & SEEDS",Grains,250.0,13.6,4.55,43.2,6.8,4.5,477.0,70
4024,12 LARGE BROWN EGGS,Other,140.0,12.0,9.0,2.0,,,130.0,60
4025,12 LARGE EGGS,Other,140.0,12.0,10.0,0.0,0.0,0.0,140.0,60
4026,12 LARGE EGGS,Other,140.0,12.0,10.0,0.0,0.0,0.0,140.0,60
4027,12 MINI CRABCAKES,Other,198.0,12.3,11.3,10.4,0.9,0.94,434.0,60
4028,12 OZ CAB RIBEYE,Meat & Poultry,188.0,19.6,11.6,0.0,0.0,0.0,89.0,60
4029,12 OZ CH L/ON RIBEYE STK,Meat & Poultry,188.0,19.6,11.6,0.0,0.0,0.0,89.0,60
4030,"12 RED CORN TORTILLAS, 12 RED CORN",Other,217.0,5.0,2.5,45.0,5.0,0.0,17.0,60
4031,12 SOFT KAISER ROLLS ENRICED,Grains,349.0,14.0,4.65,67.4,2.3,6.98,465.0,60
4032,"12"" PEPPERONI PIZZA WITH RUSTIC STYLE CRUST, RUSTIC STYLE CRUST",Other,247.0,11.0,10.4,28.6,3.2,1.3,552.0,60
4033,"12"" X 16"" MADE WITH WHOLE GRAIN PIZZA DOUGH / 51%",Other,228.0,9.82,2.36,42.9,4.58,4.82,208.0,60
4034,"12"" X 16"" WHOLE GRAIN RICH PARBAKED PIZZA CRUST",Other,266.0,8.3,5.81,44.8,3.3,1.7,432.0,60
4035,12-14 OZ H&G FLOUNDER,Other,71.0,12.5,1.79,0.0,0.0,0.0,295.0,60
4036,12-GRAIN SLICED BREAD,Grains,279.0,9.3,3.49,51.2,4.7,6.98,442.0,60
4037,12/12ct Ultra Loco Bread Round,Grains,228.0,7.02,2.63,42.1,5.3,1.8,219.0,60
4038,12/12ct Ultra Loco Bread Round,Grains,228.0,7.02,2.63,42.1,5.3,1.8,219.0,60
4039,12/12ct Ultra Loco Bread Squared,Grains,268.0,7.14,5.36,46.4,5.4,1.79,241.0,60
4040,12/14 OZ BRAZ LOB TAILS,Other,115.0,20.4,1.77,0.88,0.0,0.0,150.0,60
4041,12/14 OZ CAN LOBSTER TAIL,Other,80.0,17.0,0.89,0.0,0.0,0.0,429.0,60
4042,12/14 OZ CAN LOBSTER TAIL,Other,80.0,17.0,0.89,0.0,0.0,0.0,429.0,60
4043,12/14 OZ GROUPER FILLETS,Other,88.0,19.5,0.88,0.0,0.0,0.0,62.0,60
4044,12/14 OZ LOBSTER TAILS,Other,116.0,20.5,1.34,2.68,0.0,0.0,179.0,60
4045,12/14 OZ LOBSTER TAILS,Other,116.0,20.5,1.34,2.68,0.0,0.0,179.0,60
4046,12/14 OZ LOBSTER TAILS,Other,106.0,20.4,1.33,1.77,0.0,0.0,336.0,60
4047,12/14 OZ LOBSTER TAILS,Other,116.0,20.5,1.34,2.68,0.0,0.0,179.0,60
4048,12/14 OZ LOBSTER TAILS,Other,116.0,20.5,1.34,2.68,0.0,0.0,179.0,60
4049,12/14 OZ LOBSTER TAILS,Other,116.0,20.5,1.34,2.68,0.0,0.0,179.0,60
4050,12/14 OZ SNAPPER FILLET,Other,98.0,20.5,1.34,0.0,0.0,0.0,62.0,60
4051,12/14 OZ SNAPPER FILLET,Other,97.0,20.4,1.33,0.0,0.0,0.0,62.0,60
4052,12/14 OZ SPOTTED SEATROUT,Other,150.0,21.2,6.64,0.0,0.0,0.0,53.0,60
4053,12/14OZ BRAZ LOBSTER TAIL,Other,116.0,20.5,1.34,2.68,0.0,0.0,179.0,60
4054,12/14OZ CO SNAPPER FILLET,Other,98.0,20.5,1.34,0.0,0.0,0.0,62.0,60
4055,12/16 OZ CO SNAPPER FILLE,Other,98.0,20.5,1.34,0.0,0.0,0.0,62.0,60
4056,12/16 OZ GROUPER FILLET,Other,88.0,19.5,0.88,0.0,0.0,0.0,53.0,60
4057,12/16 OZ SPOTTED SEATROUT,Other,150.0,21.2,6.55,0.0,0.0,0.0,53.0,60
4059,124 ROTINI PASTA,Grains,351.0,12.3,1.75,70.2,2.8,2.98,0.0,60
4060,125/0.34 OZ TREE TOP APPLE CRISPS APPLE FLAVOR CASE,Fruits,400.0,0.0,0.0,100.0,10.0,0.0,0.0,60
4061,125/0.34OZ TREE TOP APPLE CRISPS STRAWBERRY FLAVOR CASE,Fruits,400.0,0.0,0.0,100.0,10.0,0.0,0.0,60
4062,12ct Ultra Loco Bread Squared,Grains,268.0,7.14,5.36,46.4,5.4,1.79,241.0,60
4063,12OZ CAB PRIME CC STRIP,Meat & Poultry,152.0,23.2,6.25,0.0,0.0,0.0,58.0,60
4064,"12PC AVOCADO REGULAR ROLL QBR, AVOCADO REGULAR",Other,143.0,1.72,5.17,21.8,3.4,5.75,338.0,60
4065,"13 BEAN SOUP MIX, 13 BEAN",Other,364.0,21.8,1.82,65.4,32.7,0.0,0.0,70
4066,"13 BEAN SOUP MIX, 13 BEAN",Other,351.0,21.0,0.88,63.2,31.6,1.75,0.0,70
4067,"13 GRAINS & SEEDS ORGANIC BREAD, 13 GRAINS & SEEDS",Grains,250.0,12.5,3.12,40.6,6.2,3.1,344.0,70
4068,13/15 P&D T/ON SHRIMP,Other,62.0,11.6,0.89,0.0,0.0,0.0,76.0,60
4069,130/150 GULF PUD SHRIMP,Other,71.0,15.3,0.59,0.0,0.0,0.0,400.0,60
4070,14 BEAN SOUP MIX,Other,371.0,22.9,1.43,60.0,25.7,2.86,0.0,70
4071,14 GRAIN BREAD,Grains,257.0,11.4,2.86,48.6,5.7,8.57,600.0,60
4072,14 OZ C/C PORK RIB CHOP,Meat & Poultry,170.0,20.5,8.93,0.0,0.0,0.0,54.0,60
4073,14-16 OZ H&G FLOUNDER,Other,71.0,12.5,1.79,0.0,0.0,0.0,295.0,60
4074,"14-DAY MEAL REPLACEMENT SYSTEM, CHOCOLATE ",Other,333.0,43.6,5.13,30.8,10.3,18.0,256.0,65
4075,14/16 OZ BRAZIL LOB TAILS,Other,116.0,20.5,1.34,2.68,0.0,0.0,179.0,60
4076,14/16 OZ CAN LOBSTER TAIL,Other,80.0,17.0,0.89,0.0,0.0,0.0,429.0,60
4077,14/16 OZ GROUPER FILLETS,Other,88.0,19.5,0.88,0.0,0.0,0.0,53.0,60
4078,14/16 OZ LOBSTER TAILS,Other,116.0,20.5,1.34,2.68,0.0,0.0,179.0,60
4079,14/16 OZ LOBSTER TAILS,Other,116.0,20.5,1.34,2.68,0.0,0.0,179.0,60
4080,14/16 OZ LOBSTER TAILS,Other,116.0,20.5,1.34,2.68,0.0,0.0,179.0,60
4081,14/16 OZ LOBSTER TAILS,Other,116.0,20.5,1.34,2.68,0.0,0.0,179.0,60
4082,14/16 OZ SNAPPER FILLETS,Other,98.0,20.5,1.34,0.0,0.0,0.0,62.0,60
4083,14/16OZ  GROUPER FILLET,Other,88.0,19.5,0.88,0.0,0.0,0.0,53.0,60
4084,14/16OZ BRAZ LOBSTER TAIL,Other,115.0,20.4,1.33,2.65,0.0,0.0,177.0,60
4085,15 BEAN SOUP,Other,343.0,22.9,1.43,57.1,25.7,2.86,200.0,70
4087,"15 GRAIN & SEED BREAD, 15 GRAIN & SEED",Grains,256.0,9.3,4.65,46.5,4.7,2.3,488.0,60
4088,"15 GRAIN & SEED THIN SLICED BREAD, 15 GRAIN & SEED",Grains,250.0,10.7,3.57,46.4,3.6,3.6,482.0,70
4089,"15 WHOLE GRAIN BREAD, 15 WHOLE GRAIN",Grains,279.0,11.6,5.81,44.2,7.0,7.0,267.0,70
4090,15% LEG CRAB MEAT,Seafood,67.0,15.0,0.83,0.0,0.0,0.0,100.0,60
4091,150 CALORIES PENNE,Other,268.0,10.7,1.79,75.0,21.0,3.57,71.0,70
4092,150 CALORIES PENNE RIGATE,Other,268.0,12.5,1.79,73.2,21.0,1.79,,70
4093,150 CALORIES ROTINI,Other,268.0,12.5,1.79,73.2,21.0,1.79,,70
4094,150 CALORIES THIN SPAGHETTI,Other,268.0,12.5,1.79,75.0,21.0,1.79,,70
4095,150 CALORIES THIN SPAGHETTI,Other,268.0,10.7,1.79,75.0,23.2,3.57,71.0,70
4096,150/200 CP&D SHRIMP,Other,82.0,20.0,0.0,0.0,0.0,0.0,294.0,60
4097,150/200 CRAWFSH MEAT F/ON,Other,82.0,17.6,1.18,0.0,0.0,0.0,188.0,60
4098,150/200 GULF PUD SHRIMP,Other,107.0,20.5,1.79,0.89,0.0,0.0,152.0,60
4099,150/250 CKD SALAD SHRIMP,Other,98.0,17.9,1.79,0.0,0.0,0.0,143.0,60
4100,150/UP GULF PUD SHRIMP,Other,107.0,20.5,1.79,0.89,0.0,0.0,152.0,60
4101,"150B Breadstick, Cheese, WG - Comm",Dairy,230.0,12.4,8.85,25.7,1.8,1.77,372.0,60
4102,150CT ULTRA LOCO PERSONAL PAN BREAD,Grains,0.0,7.02,1.75,43.9,5.3,0.0,298.0,60
4103,16 BEAN SOUP MIX,Other,348.0,21.7,2.17,63.0,19.6,4.35,0.0,70
4104,"16 BEAN SOUP MIX WITH HAM FLAVOR SEASONING PACKET, HAM FLAVOR SEASONING",Other,257.0,20.0,1.43,62.9,28.6,0.0,200.0,70
4105,"16 BEAN SOUP MIX WITH HAM FLAVOR, HAM",Other,257.0,20.0,1.43,62.9,22.9,2.86,286.0,70
4106,"16 BEAN SOUP MIX WITH HAM FLAVORING, HAM",Other,257.0,20.0,2.86,62.9,25.7,0.0,200.0,70
4107,16 BEAN SOUP MIX WITH HAM SEASONING,Other,346.0,23.1,0.96,61.5,19.2,3.85,231.0,70
4108,"16 BEAN SOUP MIX, 16 BEAN",Other,343.0,22.9,0.0,62.9,20.0,0.0,214.0,70
4109,"16 BEAN SOUP MIX, 16 BEAN",Other,257.0,20.0,1.43,62.9,28.6,0.0,14.0,70
4110,"16 BEAN SOUP MIX, 16 BEAN",Vegetables,333.0,22.9,1.04,60.4,18.8,4.17,62.0,70
4111,"16 BEAN SOUP MIX, 16 BEAN",Other,257.0,20.0,1.43,62.9,28.6,0.0,14.0,70
4112,"16 BEAN SOUP MIX, CAJUN",Other,200.0,22.9,0.0,60.0,34.3,2.86,514.0,60
4113,"16 BEAN SOUP MIX, HAM",Vegetables,263.0,18.4,1.32,63.2,23.7,2.63,132.0,70
4114,"16 BEAN SOUP STARTER, 16 BEAN",Other,257.0,20.0,1.43,62.9,22.9,0.0,29.0,70
4115,16 OZ CH T-BONE STK,Meat & Poultry,143.0,19.6,6.25,0.0,0.0,0.0,31.0,60
4116,16 Pepperoni Pizza on Whole Wheat and Soy Crust,Other,317.0,22.0,14.0,26.0,4.0,1.0,587.0,60
4117,"16 Whole Wheat Self-Rising Four Cheese Meateaters Pizza, Pre-Cut",Dairy,230.0,13.8,10.7,19.4,1.88,0.0,414.0,60
4118,"16"" Cheese Pizza on Whole Wheat and Soy Crust",Dairy,303.0,23.0,10.0,27.0,4.0,1.0,405.0,70
4119,16'' FRESH 'N READY WGR OVEN RISING SHEETED PIZZA DOUGH W/ SAUCE RING,Other,231.0,9.23,3.85,40.0,4.6,3.1,415.0,60
4120,"16-BEAN SOUP STARTER, 16-BEAN",Vegetables,257.0,20.0,1.43,62.9,28.6,0.0,14.0,70
4121,16.00OZ SANTITAS REGULAR,Snacks & Sweets,500.0,7.14,21.4,67.9,7.1,0.0,411.0,60
4122,16/20 HEADLESS S/O SHRIMP,Other,98.0,17.9,1.79,0.0,0.0,0.0,143.0,60
4123,16/20 IQF S/ON SHRIMP,Other,71.0,16.1,0.89,0.0,0.0,0.0,170.0,60
4124,16/20 IQF S/ON SHRIMP,Other,107.0,20.5,1.79,0.89,0.0,0.0,143.0,60
4125,16/20 OZ CAN LOBSTER TAIL,Other,80.0,17.0,0.89,0.0,0.0,0.0,429.0,60
4126,16/20 OZ GROUPER FILLETS,Other,88.0,19.5,0.88,0.0,0.0,0.0,62.0,60
4127,16/20 OZ H&G FLOUNDER,Other,71.0,12.5,1.79,0.0,0.0,0.0,295.0,60
4128,16/20 OZ LOBSTER TAILS,Other,116.0,20.5,1.34,2.68,0.0,0.0,179.0,60
4129,16/20 OZ LOBSTER TAILS,Other,116.0,20.5,1.34,2.68,0.0,0.0,179.0,60
4130,16/20 OZ LOBSTER TAILS,Other,116.0,20.5,1.34,2.68,0.0,0.0,179.0,60
4131,16/20 OZ LOBSTER TAILS,Other,80.0,17.0,0.89,0.0,0.0,0.0,429.0,60
4132,16/20 OZ LOBSTER TAILS,Other,116.0,20.5,1.34,2.68,0.0,0.0,179.0,60
4133,16/20 OZ SNAPPER FILLET,Other,97.0,20.4,1.33,0.0,0.0,0.0,62.0,60
4134,16/20 OZ SNAPPER FILLETS,Other,98.0,20.5,1.34,0.0,0.0,0.0,62.0,60
4135,16/20 RAW ARGENTINE RED SHRIMP,Seafood,82.0,18.2,0.91,0.0,0.0,0.0,145.0,60
4136,16/20OZ BRAZ LOBSTER TAIL,Other,116.0,20.5,1.34,2.68,0.0,0.0,179.0,60
4137,16/20OZ BRAZ LOBSTER TAIL,Other,116.0,20.5,1.34,2.68,0.0,0.0,179.0,60
4138,16/22 WHL BOILED CRAWFISH,Seafood,83.0,16.7,1.19,0.0,0.0,0.0,95.0,60
4139,16/23 WHL BOILED CRAWFISH,Seafood,83.0,16.7,1.19,0.0,0.0,0.0,95.0,60
4140,16/25 CT BABY OCTOPUS,Other,62.0,11.6,0.89,1.79,0.0,0.0,188.0,60
4141,16/25 DOM S/O SHRIMP,Other,71.0,13.3,0.88,0.88,0.0,0.0,142.0,60
4142,16/32 OZ COD FILLETS,Other,100.0,21.2,1.18,0.0,0.0,0.0,65.0,60
4143,16/32 OZ S/P COD FILLETS,Other,75.0,15.9,0.88,0.0,0.0,0.0,49.0,60
4144,16/32 OZ S/P COD FILLETS,Other,80.0,17.9,0.89,0.0,0.0,0.0,54.0,60
4145,16/32 OZ S/P POLLOCK FILL,Other,89.0,19.6,0.89,0.0,0.0,0.0,89.0,60
4146,16OZ CAB PORTERHOUSE STK,Meat & Poultry,161.0,22.3,7.14,0.0,0.0,0.0,54.0,60
4147,16OZ CAB PRIME CC STRIP,Meat & Poultry,152.0,23.2,6.25,0.0,0.0,0.0,58.0,60
4148,16Z ROLD GOLD SOURDOUGH,Other,393.0,10.7,5.36,78.6,3.6,0.0,1180.0,60
4149,"17 GRAINS & SEEDS WHOLE GRAINS BREAD, 17 GRAINS & SEEDS",Grains,271.0,12.5,5.21,45.8,6.2,6.2,521.0,60
4150,"17 GRAINS & SEEDS WHOLE GRAINS EXTRA GRAINY BREAD, 17 GRAINS & SEEDS",Grains,256.0,11.6,5.81,44.2,9.3,4.7,419.0,70
4151,"17 GRAINS & SEEDS WHOLE GRAINS EXTRA GRAINY BREAD, 17 GRAINS & SEEDS",Grains,256.0,11.6,5.81,44.2,9.3,4.7,419.0,70
4152,17 LINGUINE PASTA,Grains,351.0,12.3,1.75,70.2,2.8,2.98,0.0,60
4153,17 WHOLE GRAINS & SEEDS BREAD,Grains,256.0,11.6,5.81,44.2,9.3,4.7,419.0,70
4154,"17.6oz Jar of WOWBUTTER Creamy, Peanut & Tree Nut Free",Other,625.0,21.9,46.9,25.0,6.2,6.2,312.0,60
4155,"17.6oz Jar WOWBUTTER Crunchy, Peanut & Tree Nut Free",Other,625.0,21.9,46.9,25.0,6.2,6.2,312.0,60
4156,18 CORN TORTILLAS,Other,200.0,4.0,2.0,40.0,6.0,0.0,40.0,60
4157,18 GRAINS&SEEDS BREAD,Grains,256.0,9.3,4.65,48.8,4.7,9.3,302.0,60
4158,18 LARGE GRADE AA BROWN EGGS,Other,140.0,12.0,9.0,2.0,,,130.0,60
4159,18 OZ CAB T-BONE STK,Meat & Poultry,143.0,19.6,6.25,0.0,0.0,0.0,31.0,60
4160,"18 RABBITS, ORGANIC WALNUTS, FLAX, AND CACAO NIBS VERITAS GRANOLA",Other,483.0,10.3,27.6,51.7,6.9,10.3,34.0,60
4161,18/20 OZ WH GRN LOBSTER,Other,116.0,20.5,1.34,2.68,0.0,0.0,179.0,60
4162,"180 SNACKS, ALMOND POPS, CRANBERRIES, CRANBERRIES",Snacks & Sweets,536.0,14.3,32.1,53.6,7.1,28.6,143.0,60
4163,1883 CRUNCHY OLD FASHIONED PEANUT BUTTER,Other,562.0,21.9,46.9,25.0,9.4,6.25,438.0,60
4164,"1888 MIX PEANUTS, RAISINS, DRIED SWEETENED CRANBERRIES, BANANA CHIPS AND ALMONDS, 1888 MIX",Snacks & Sweets,452.0,12.9,25.8,51.6,6.5,9.7,145.0,60
4165,"19 GRAIN BREAD, 19 GRAIN",Grains,256.0,11.6,4.65,46.5,4.7,7.0,419.0,70
4166,1ST & 2ND CHICKEN PARTY WINGS SECTIONS,Meat & Poultry,170.0,15.2,11.6,0.0,0.0,0.0,170.0,60
4167,2 HARD COOKED PEELED EGGS,Other,114.0,12.5,7.95,0.0,0.0,0.0,125.0,60
4168,2 HARD-COOKED RED BEET EGGS PERFECT PEELED,Other,159.0,13.6,7.95,9.09,0.0,0.0,80.0,60
4169,"2 OLIVE ROASTED GARLIC SALSA, MEDIUM HOT",Other,32.0,0.0,0.0,6.45,3.2,3.23,371.0,65
4170,2 ORGANIC VEGGIE BURGERS,Meat & Poultry,319.0,10.6,18.6,28.3,5.3,2.65,265.0,70
4171,"2 SPAGHETTI & 2 AANGEL HAIR PASTA, WHOLE WHEAT MACARONI PRODUCT",Grains,339.0,12.5,2.68,71.4,8.9,3.57,0.0,70
4172,"2 THIN, CRISPY CAULIFLOWER PIZZA CRUSTS, CAULIFLOWER",Other,316.0,5.26,10.5,54.4,5.3,1.8,368.0,60
4173,2% LOW FAT COTTAGE CHEESE,Dairy,88.0,11.5,2.65,4.42,0.0,3.54,398.0,60
4174,2% LOW FAT COTTAGE CHEESE,Dairy,80.0,11.5,2.21,3.54,0.0,3.54,310.0,60
4175,2% LOW FAT COTTAGE CHEESE,Dairy,80.0,11.3,2.0,4.0,0.0,3.33,313.0,60
4176,2% LOW FAT SMALL CURD COTTAGE CHEESE,Dairy,85.0,11.1,2.14,5.13,0.0,0.0,214.0,60
4177,2% LOW FAT SMALL CURD COTTAGE CHEESE,Dairy,80.0,12.4,2.21,3.54,0.0,3.54,372.0,60
4178,2% LOW FAT SMALL CURD COTTAGE CHEESE,Dairy,84.0,10.9,2.1,5.88,0.0,0.0,345.0,60
4179,2% LOW FAT SMALL CURD COTTAGE CHEESE,Dairy,88.0,11.5,2.21,4.42,0.0,3.54,381.0,60
4180,2% LOW FAT SMALL CURD COTTAGE CHEESE,Dairy,85.0,11.3,2.11,4.23,0.0,3.52,324.0,60
4181,2% LOW FAT SMALL CURD COTTAGE CHEESE,Dairy,77.0,10.6,2.11,3.52,0.0,0.0,394.0,60
4182,2% LOW FAT SMALL CURD COTTAGE CHEESE,Dairy,80.0,11.5,2.21,4.42,0.0,0.0,310.0,60
4183,2% LOW FAT SMALL CURD COTTAGE CHEESE,Dairy,80.0,11.5,2.21,4.42,0.0,0.0,310.0,60
4184,2% LOW FAT SMALL CURD COTTAGE CHEESE,Dairy,84.0,10.9,2.1,5.88,0.0,0.0,345.0,60
4185,2% LOW FAT SMALL CURD COTTAGE CHEESE,Dairy,80.0,11.5,1.77,4.42,0.0,2.65,274.0,60
4186,2% LOW FAT SMALL CURD COTTAGE CHEESE,Dairy,80.0,11.5,2.21,4.42,0.0,0.9,319.0,60
4187,2% LOWFAT COTTAGE CHEESE,Dairy,79.0,10.5,2.19,4.39,0.0,0.9,430.0,60
4188,2% LOWFAT COTTAGE CHEESE,Dairy,80.0,11.5,2.21,3.54,0.0,2.65,398.0,60
4189,2% LOWFAT COTTAGE CHEESE,Dairy,80.0,11.5,2.21,4.42,0.0,3.54,425.0,60
4190,2% LOWFAT COTTAGE CHEESE SMALL CURD,Dairy,88.0,11.5,2.21,5.31,0.0,0.0,310.0,60
4191,2% LOWFAT LARGE CURD COTTAGE CHEESE,Dairy,85.0,11.0,2.12,5.93,0.0,4.24,305.0,60
4192,2% LOWFAT SMALL CURD COTTAGE CHEESE,Dairy,80.0,10.6,2.21,3.54,0.0,3.54,372.0,60
4193,2% LOWFAT SMALL CURD COTTAGE CHEESE,Dairy,80.0,10.6,2.21,3.54,0.0,3.54,372.0,60
4194,2% LOWFAT SMALL CURD COTTAGE CHEESE,Dairy,85.0,11.1,2.14,5.98,0.0,0.0,308.0,60
4195,2% LOWFAT SMALL CURD COTTAGE CHEESE,Dairy,84.0,10.9,2.1,5.88,0.0,0.0,345.0,60
4196,2% LOWFAT SMALL CURD COTTAGE CHEESE,Dairy,80.0,11.5,2.21,3.54,0.0,2.65,398.0,60
4197,2% LOWFAT SMALL CURD COTTAGE CHEESE,Dairy,80.0,10.6,2.21,3.54,0.0,3.54,372.0,60
4198,2% LOWFAT SMALL CURD COTTAGE CHEESE,Dairy,84.0,10.9,2.1,5.88,0.0,4.2,345.0,60
4199,2% LOWFAT SMALL CURD COTTAGE CHEESE,Dairy,80.0,10.6,2.21,4.42,0.0,3.54,336.0,60
4200,2% LOWFAT SMALL CURD COTTAGE CHEESE,Dairy,80.0,11.5,2.21,3.54,0.0,2.65,398.0,60
4201,2% LOWFAT SMALL CURD COTTAGE CHEESE,Dairy,85.0,11.1,2.14,5.98,0.0,0.0,308.0,60
4202,2% LOWFAT SMALL CURD COTTAGE CHEESE,Dairy,85.0,11.1,2.14,5.98,0.0,0.0,308.0,60
4203,2% LOWFAT SMALL CURD COTTAGE CHEESE,Dairy,80.0,10.6,2.21,3.54,0.0,0.0,372.0,60
4204,2% LOWFAT SMALL CURD COTTAGE CHEESE,Dairy,88.0,11.5,2.65,4.42,0.0,0.0,398.0,60
4205,2% LOWFAT SMALL CURD COTTAGE CHEESE,Dairy,80.0,11.5,2.21,3.54,0.0,2.65,398.0,60
4206,2% LOWFAT SMALL CURD COTTAGE CHEESE,Dairy,85.0,11.1,2.14,5.98,0.0,5.13,308.0,60
4207,2% LOWFAT SMALL CURD COTTAGE CHEESE,Dairy,71.0,10.7,2.23,4.46,0.0,3.57,357.0,60
4208,2% LOWFAT SMALL CURD COTTAGE CHEESE,Dairy,73.0,10.6,2.03,4.07,0.0,3.25,341.0,60
4209,2% LOWFAT SMALL CURD COTTAGE CHEESE,Dairy,80.0,11.5,2.21,5.31,0.0,0.9,354.0,60
4210,2% LOWFAT SMALL CURD COTTAGE CHEESE,Dairy,94.0,11.1,2.14,6.84,0.0,0.0,359.0,60
4212,2% LOWFAT SMALL CURD COTTAGE CHEESE,Dairy,80.0,11.5,2.21,5.31,0.0,0.9,354.0,60
4213,2% LOWFAT SMALL CURD COTTAGE CHEESE,Dairy,80.0,11.5,2.21,3.54,0.0,2.65,398.0,60
4214,"2% LOWFAT SMALL CURD COTTAGE CHEESE WITH CHIVES, CHIVES",Dairy,80.0,10.6,2.21,3.54,0.0,3.54,372.0,60
4215,2% LOWFAT SMALL CURD CULTURED COTTAGE CHEESE,Dairy,88.0,12.4,2.21,3.54,0.0,3.54,354.0,60
4216,"2% MILKFAT COTTAGE CHEESE, PUMPKIN & SPICE",Dairy,87.0,11.3,1.67,6.67,0.7,3.3,247.0,60
4217,2% MILKFAT LARGE CURD COTTAGE CHEESE,Dairy,80.0,13.3,2.21,2.65,0.0,0.0,345.0,60
4218,2% MILKFAT LOW FAT LARGE CURD POT STYLE COTTAGE CHEESE,Dairy,80.0,13.3,2.21,2.65,0.0,0.0,345.0,60
4219,2% MILKFAT LOWFAT COTTAGE CHEESE,Dairy,80.0,10.6,2.21,5.31,0.0,4.42,407.0,60
4220,2% MILKFAT SMALL CURD COTTAGE CHEESE,Dairy,73.0,11.8,2.27,2.73,0.0,2.73,436.0,60
4221,2% MILKFAT SMALL CURD COTTAGE CHEESE,Dairy,80.0,10.6,2.21,5.31,0.0,4.42,407.0,60
4222,2% MILKFAT SMALL CURD LOWFAT COTTAGE CHEESE,Dairy,91.0,13.6,1.82,3.64,0.0,2.73,409.0,60
4223,2% REDUCED FAT LOWFAT COTTAGE CHEESE,Dairy,88.0,11.5,2.21,4.42,0.0,3.54,434.0,60
4224,2% SMALL CURD LOWFAT COTTAGE CHEESE,Dairy,80.0,11.5,2.21,4.42,0.0,0.9,319.0,60
4225,2% SMALL CURD LOWFAT COTTAGE CHEESE,Dairy,80.0,11.5,2.21,4.42,0.0,0.9,319.0,60
4226,2% SMALL CURD LOWFAT COTTAGE CHEESE,Dairy,80.0,10.6,2.21,5.31,0.0,3.54,425.0,60
4227,2-2.5 LB GREEN LOBSTERS,Other,116.0,20.5,1.34,2.68,0.0,0.0,179.0,60
4228,2-3 BEER BATTERED POLLOCK,Other,223.0,12.5,8.04,25.0,0.9,0.0,420.0,60
4229,"2-3 LB """"D"""" TRIM SALMON FL",Other,205.0,20.5,13.4,0.0,0.0,0.0,58.0,60
4230,2-3 LB SALMON SIDES,Other,223.0,20.5,16.1,0.0,0.0,0.0,40.0,60
4231,2-3 LB TRIM D SALMON SIDE,Other,205.0,20.5,13.4,0.0,0.0,0.0,58.0,60
4232,2-3OZ TENDERLOIN MEDALION,Meat & Poultry,142.0,22.1,6.19,0.0,0.0,0.0,44.0,60
4233,2-4 IPW CLEANED OCTOPUS,Other,80.0,15.2,0.89,2.68,0.0,0.0,232.0,60
4234,2-4 LB WGGS LANE SNAPPER,Other,98.0,20.5,1.34,0.0,0.0,0.0,62.0,60
4235,2-4 LB WGGS YT SNAPPER,Other,98.0,20.5,1.34,0.0,0.0,0.0,62.0,60
4236,"2.3/3 OZ """"KC""""LOB TAILS",Other,116.0,20.5,1.34,2.68,0.0,0.0,179.0,60
4237,2.5 lb Bag of Whole Grain Corn Masa Nacho Lil Bites,Other,281.0,13.2,12.3,29.8,3.5,0.0,482.0,70
4238,2/2-3 LB RAW SALMON SIDE,Other,205.0,20.5,13.4,0.0,0.0,0.0,58.0,60
4239,2/3 LB WGGS SNAPPER,Other,98.0,20.5,1.34,0.0,0.0,0.0,62.0,60
4240,2/3 OZ CAN LOBSTER TAIL,Other,80.0,17.0,0.89,0.0,0.0,0.0,429.0,60
4241,2/3 OZ CAN LOBSTER TAILS,Other,80.0,17.0,0.89,0.0,0.0,0.0,429.0,60
4242,2/3 OZ FLOUNDER FILLET,Other,71.0,12.5,1.79,0.0,0.0,0.0,295.0,60
4243,2/3 OZ IQF TILAPIA FILLET,Other,133.0,28.3,1.77,0.0,0.0,0.0,204.0,60
4244,2/3 OZ IQF TILAPIA FILLET,Other,94.0,20.0,1.76,0.0,0.0,0.0,53.0,65
4245,2/3 OZ SWAI,Other,54.0,10.7,1.79,0.0,0.0,0.0,438.0,60
4246,2/4 CLEAN SQUID TUBES,Other,89.0,15.2,1.34,2.68,0.0,0.0,45.0,60
4247,2/4 CT IPW FROG LEGS,Meat & Poultry,71.0,16.1,0.0,0.0,0.0,0.0,58.0,60
4248,2/4 INCH SQUID T&T,Other,89.0,15.2,1.34,2.68,0.0,0.0,45.0,60
4249,2/4 INCH SQUID TUBES,Other,89.0,15.2,1.34,2.68,0.0,0.0,45.0,60
4250,2/4 MAHI PORTIONS,Other,89.0,18.8,0.89,0.0,0.0,0.0,89.0,60
4251,2/4 OZ ALASKA POLLOCK FIL,Other,71.0,17.9,0.0,0.0,0.0,0.0,161.0,60
4252,2/4 OZ GROUPER FILLET,Other,88.0,19.5,0.88,0.0,0.0,0.0,53.0,60
4253,2/4 OZ GROUPER FILLETS,Other,88.0,19.5,0.58,0.0,0.0,0.0,53.0,60
4254,2/4 OZ HOGFISH FILLETS,Seafood,98.0,20.5,1.34,0.0,0.0,0.0,62.0,60
4255,2/4 OZ I/L SEA TROUT FIL,Other,150.0,21.2,6.64,0.0,0.0,0.0,53.0,60
4256,2/4 OZ I/L SEA TROUT FIL,Other,152.0,20.5,6.25,0.0,0.0,0.0,54.0,60
4257,2/4 OZ IQF POLLOCK FILLET,Other,94.0,20.0,1.18,0.0,0.0,0.0,118.0,60
4258,2/4 OZ IQF POLLOCK FILLET,Other,89.0,19.6,0.89,0.0,0.0,0.0,89.0,60
4259,2/4 OZ IQF SKIN ON PERCH,Other,80.0,15.2,1.34,0.0,0.0,0.0,286.0,60
4260,2/4 OZ IQF SKIN ON PERCH,Other,79.0,15.3,1.18,0.0,0.0,0.0,287.0,60
4261,2/4 OZ ROCK FISH FILLETS,Seafood,89.0,17.9,1.34,0.0,0.0,0.0,71.0,60
4262,2/4 OZ S/ ON WHITING FILL,Other,89.0,18.8,1.34,0.0,0.0,0.0,71.0,60
4263,2/4 OZ SK/ON WHITING FIL,Other,88.0,18.6,1.33,0.0,0.0,0.0,71.0,60
4264,2/4 OZ SPOTTED SEATROUT,Other,152.0,20.5,6.25,0.0,0.0,0.0,54.0,60
4265,2/4 OZ WHITING FILLET,Other,89.0,18.8,1.34,0.0,0.0,0.0,71.0,60
4266,2/4 OZ WHITING FILLET,Other,89.0,18.8,1.34,0.0,0.0,0.0,71.0,60
4267,2/5 OZ IQF TILAPIA FILLET,Other,94.0,20.0,1.76,0.0,0.0,0.0,53.0,65
4268,2/UP WAHOO LOINS,Other,170.0,19.6,8.93,0.0,0.0,0.0,80.0,60
4269,20 OZ/UP LOBSTER TAILS,Other,115.0,20.4,1.33,2.65,0.0,0.0,177.0,60
4270,20 OZ/UP LOBSTER TAILS,Other,115.0,20.4,1.33,2.65,0.0,0.0,177.0,60
4271,20 OZ/UP LOBSTER TAILS,Other,116.0,20.5,1.34,2.68,0.0,0.0,179.0,60
4272,20 OZ/UP LOBSTER TAILS,Other,116.0,20.5,1.34,2.68,0.0,0.0,179.0,60
4273,20 OZ/UP LOBSTER TAILS,Other,116.0,20.5,1.34,2.68,0.0,0.0,179.0,60
4274,20/24 OZ DOVER SOLE,Other,71.0,12.5,1.79,0.0,0.0,0.0,295.0,60
4275,20/24 OZ H&G FLOUNDER,Other,71.0,12.5,1.79,0.0,0.0,0.0,295.0,60
4276,20/24OZ RIBEYE B/I COWBOY,Meat & Poultry,226.0,28.3,11.5,0.0,0.0,0.0,71.0,60
4277,20/30 CT BLK SCALLOPS,Other,111.0,18.6,0.88,1.77,0.0,0.0,230.0,60
4278,20/30 CT IQF SCALLOPS,Other,71.0,12.4,0.44,3.54,0.0,0.0,389.0,60
4279,20/30 CT IQF SCALLOPS,Other,111.0,18.6,0.88,1.77,0.0,0.0,230.0,60
4280,20/30 CT IQF SCALLOPS,Other,71.0,12.5,0.45,2.68,0.0,0.0,393.0,60
4281,20/30 CT IQF SCALLOPS,Other,71.0,12.5,0.45,2.68,0.0,0.0,393.0,60
4282,20/30 CT. BREADED OYSTERS,Grains,247.0,11.8,14.1,20.0,14.1,1.18,518.0,65
4283,2030 PLANT-BASED PATTIES,Other,195.0,14.2,9.73,7.96,5.3,0.0,221.0,70
4284,"21 GRAINS & SEEDS HAMBURGER BUNS, 21 GRAINS & SEEDS",Other,317.0,13.3,6.67,61.7,6.7,8.3,567.0,60
4285,"21 GRAINS & SEEDS THIN SLICED BREAD, 21 GRAINS & SEEDS",Grains,312.0,12.5,6.25,53.1,6.2,6.2,391.0,70
4286,"21 GRAINS & SEEDS THIN SLICED ORGANIC BREAD, 21 GRAINS & SEEDS",Grains,286.0,10.7,3.57,53.6,3.6,7.1,232.0,70
4287,21 WHOLE GRAINS & SEEDS ORGANIC BURGER BUNS,Other,258.0,9.68,4.84,50.0,6.5,8.1,452.0,60
4288,"21 WHOLE GRAINS AND SEEDS ORGANIC BURGER BUNS, 21 WHOLE GRAINS AND SEEDS",Other,258.0,9.68,4.84,50.0,6.5,8.1,452.0,60
4289,21/25 CKD P&D T/ON SHRIMP,Other,98.0,17.9,1.79,0.0,0.0,0.0,143.0,60
4290,21/25 DOM S/ON WHT SHRIMP,Other,107.0,20.5,1.79,0.89,0.0,0.0,152.0,60
4291,21/25 HEADLESS S/O SHRIMP,Other,98.0,19.6,0.89,0.0,0.0,0.0,170.0,60
4292,21/25 Raw Easy Peel Shrimp,Other,83.0,15.9,0.88,1.77,0.0,0.88,398.0,60
4293,21/25 S/ON WHITE SHRIMP,Other,71.0,15.9,0.88,0.0,0.0,0.0,168.0,60
4294,21/30 CPTO SHRIMP,Other,71.0,15.3,0.59,0.0,0.0,0.0,400.0,60
4295,"22 DAYS NUTRITION, ORGANIC PROTEIN BAR, DAILY, MOCHA MANTRA, DAILY, MOCHA MANTRA",Snacks & Sweets,440.0,20.0,24.0,42.0,10.0,28.0,40.0,60
4296,"22 GRAINS & SEEDS BREAD, 22 GRAINS & SEEDS",Grains,275.0,10.0,8.75,45.0,12.5,5.0,375.0,60
4297,"22 GRAINS & SEEDS ORGANIC BREAD, 22 GRAINS & SEEDS",Grains,292.0,12.5,6.25,47.9,8.3,8.3,479.0,70
4298,"22 GRAINS & SEEDS ORGANIC BREAD, 22 GRAINS & SEEDS",Grains,292.0,12.5,6.25,45.8,8.3,8.3,458.0,70
4299,"22 GRAINS & SEEDS ORGANIC THIN-SLICED BREAD, 22 GRAINS & SEEDS",Grains,296.0,14.8,5.56,48.2,7.4,7.4,463.0,70
4300,"22 GRAINS & SEEDS ORGANIC THIN-SLICED BREAD, 22 GRAINS & SEEDS",Grains,296.0,14.8,5.56,48.2,7.4,7.4,463.0,70
4301,"22 GRAINS & SEEDS ORGANIC THIN-SLICED BREAD, 22 GRAINS & SEEDS",Grains,296.0,14.8,5.56,48.2,7.4,7.4,463.0,70
4302,"22 GRAINS & SEEDS THIN-SLICED BREAD, 22 GRAINS & SEEDS",Grains,296.0,11.1,5.56,48.2,7.4,7.4,481.0,70
4303,22 PENNETTE RIGATE,Other,357.0,14.3,1.79,71.4,3.6,3.57,0.0,70
4304,"22 WHOLE GRAINS & SEEDS ORGANIC BREAD, 22 WHOLE GRAINS & SEEDS",Grains,292.0,12.5,6.25,45.8,8.3,8.3,458.0,70
4305,"22 WHOLE GRAINS & SEEDS ORGANIC BREAD, 22 WHOLE GRAINS & SEEDS",Grains,292.0,12.5,6.25,45.8,8.3,8.3,458.0,70
4306,"24 CARROT GOLD CARROT, RAISIN, FLAX GRAIN-FREE MUFFINS, 24 CARROT GOLD",Other,240.0,6.67,12.0,29.3,5.3,0.0,320.0,60
4307,24 GRAIN & SEED BREAD,Grains,279.0,11.6,8.14,44.2,9.3,9.3,395.0,70
4308,"24 GRAINS & SEEDS ORGANIC BREAD, 24 GRAINS & SEEDS",Grains,289.0,13.2,5.26,50.0,7.9,7.9,395.0,70
4309,24 Great American Hard White Whole Grain Dough Mix No Yeast,Other,360.0,13.0,3.5,70.0,7.0,1.0,450.0,70
4310,24 LB GREAT AMERICAN PIZZA CRUST MIX WITH YEAST,Other,1060.0,35.3,10.3,206.0,5.9,5.9,1910.0,60
4311,24/26 OZ H&G FLOUNDER,Other,71.0,12.5,1.79,0.0,0.0,0.0,295.0,60
4312,24/28 OZ LOBSTER TAILS,Other,115.0,20.4,1.33,2.65,0.0,0.0,177.0,60
4313,24/28 OZ WH GRN LOBSTER,Other,116.0,20.5,1.34,2.68,0.0,0.0,179.0,60
4314,25% LESS SODIUM SOLID WHITE ALBACORE IN WATER TUNA,Other,97.0,23.0,0.88,0.0,0.0,0.0,212.0,60
4315,250/350 IQF CKD SHRIMP,Other,129.0,25.9,2.35,1.18,0.0,0.0,182.0,60
4316,26-28 OZ H&G FLOUNDER,Other,71.0,12.5,1.79,0.0,0.0,0.0,295.0,60
4317,26/30 BRD COCONUT SHRIMP,Other,260.0,12.0,16.0,18.0,2.0,2.0,440.0,60
4318,26/30 CKD P&D T/ON SHRIMP,Other,99.0,21.2,1.18,0.0,0.0,0.0,224.0,60
4320,26/30 CPTO SHRIMP,Other,82.0,20.0,0.0,0.0,0.0,0.0,294.0,60
4321,26/30 DOM S/ON WHT SHRIMP,Other,106.0,20.4,1.77,0.88,0.0,0.0,142.0,60
4322,26/30 HEADLESS S/O SHRIMP,Other,94.0,21.2,1.18,0.0,0.0,0.0,412.0,60
4323,26/30 IQF BTO WHT SHRIMP,Other,98.0,17.9,1.79,0.0,0.0,0.0,312.0,60
4324,26/30 IQF S/ON SHRIMP,Other,71.0,16.1,0.89,0.0,0.0,0.0,116.0,60
4325,26/30 P&D T/ON SHRIMP,Other,97.0,20.4,0.88,0.0,0.0,0.0,221.0,60
4326,26/30 RAW EL PEELO SHRIMP,Seafood,59.0,11.8,1.18,0.0,0.0,0.0,271.0,60
4327,26/30 S/ON WHITE SHRIMP,Other,97.0,17.7,1.77,0.0,0.0,0.0,310.0,60
4328,26/35 CPTO SHRIMP,Other,94.0,21.2,1.18,0.0,0.0,0.0,224.0,60
4329,"27 GRAINS AND SEEDS ORGANIC SANDWICH BREAD, 27 GRAINS AND SEEDS",Grains,263.0,10.5,5.26,42.1,7.9,7.9,303.0,70
4330,"27 GRAINS AND SEEDS SANDWICH BREAD, 27 GRAINS AND SEEDS",Grains,263.0,10.5,5.26,42.1,7.9,7.9,303.0,70
4331,"27 GRAINS AND SEEDS SANDWICH BREAD, 27 GRAINS AND SEEDS",Grains,263.0,10.5,5.26,42.1,7.9,7.9,303.0,70
4332,"27 GRAINS AND SEEDS SANDWICH BREAD, 27 GRAINS AND SEEDS",Grains,263.0,10.5,5.26,42.1,7.9,7.9,303.0,70
4333,27 RIGATONI PASTA,Grains,351.0,12.3,1.75,70.2,2.8,2.98,0.0,60
4334,28/30 OZ H&G FLOUNDER,Other,71.0,12.5,1.79,0.0,0.0,0.0,295.0,60
4335,"2ND STORY BAKE SHOP, BUCKWHEAT BLUE CHEESE",Dairy,286.0,10.7,3.57,53.6,3.6,0.0,571.0,60
4336,2OZ FAS PREMIUM HOKI PORT,Other,88.0,16.8,2.21,0.0,0.0,0.0,58.0,60
4337,"2x6 Breakfast Pizzazz Whole Grain Sausage, 2.44 oz, CN",Dairy,232.0,11.6,10.1,21.7,1.4,2.9,464.0,60
4338,"3 - SEED OATNUT BREAD, 3 - SEED",Grains,316.0,10.5,7.89,50.0,2.6,7.9,474.0,60
4339,"3 BEAN ORGANIC LOW SODIUM BLEND, 3 BEAN",Other,77.0,5.38,0.0,14.6,3.8,0.77,100.0,60
4340,"3 BEAN VEGAN CHILI, 3 BEAN",Other,78.0,4.69,0.0,14.1,6.2,1.6,391.0,60
4341,3 CHEESE & SPINACH RAVIOLI,Dairy,270.0,11.3,5.22,44.4,1.7,0.87,383.0,60
4342,3 Cheese Enchiladas Bulk,Dairy,236.0,12.3,12.6,18.5,3.1,0.0,293.0,60
4343,"3 CHEESE MINI  PIZZA BAGELS, MOZZARELLA; CHEDDAR; MONTEREY JACK CHEESE",Dairy,209.0,11.0,5.49,29.7,1.1,1.1,462.0,60
4344,3 CHEESE MINI PIZZA BAGELS,Dairy,205.0,11.4,4.55,29.6,2.3,3.41,477.0,60
4345,3 CHEESE RAVIOLI,Dairy,270.0,11.3,5.22,44.4,1.7,0.87,383.0,60
4346,"3 CHEESE SWIFT MAC MACARONI & CHEESE CUPS, 3 CHEESE SWIFT MAC",Dairy,379.0,12.1,6.9,69.0,3.4,1.7,862.0,60
4347,"3 CHEESE TOPPED WITH TOMATO SAUCE, MOZZARELLA, CHEDDAR & MONTEREY JACK CHEESES MINI PIZZA BAGELS, 3 CHEESE",Dairy,205.0,11.4,5.11,30.7,3.4,4.55,386.0,70
4348,"3 Cheese, Cooked Sausage Crumbles (Made with Turkey) & Egg Breakfast Burrito Individually Wrapped, Serving Size 6 Ounce, Individual Unit Max 36 per Case.",Dairy,213.0,10.3,9.55,21.6,2.3,0.1,393.0,60
4349,"3 COLOR CHEESE TORTELLINI, 3 COLOR CHEESE",Dairy,278.0,13.0,4.35,48.7,2.6,2.61,174.0,60
4350,"3 COLOR CHEESE TORTELLINI, 3 COLOR CHEESE",Dairy,278.0,13.0,4.35,48.7,2.6,0.0,174.0,60
4351,"3 COLOR WITH 4CHEESE PASTA,TORTELLINI, 4 CHEESE",Dairy,261.0,13.0,5.22,40.9,1.7,0.0,330.0,60
4352,"3 EGG WHITES FRUITS AND NUTS PEANUT BUTTER BARS, 3 EGG WHITES FRUITS AND NUTS",Fruits,400.0,28.0,16.0,38.0,4.0,28.0,500.0,60
4353,"3 HANDMADE FILLED THICK TORTILLAS, BEAN & CHEESE GORDITAS",Dairy,195.0,6.19,7.96,32.7,4.4,0.88,177.0,60
4354,3 MINUTE ELBOWS PASTA,Grains,357.0,12.5,1.79,73.2,3.6,0.0,0.0,70
4355,3 MINUTE PENNE PASTA,Grains,357.0,12.5,1.79,73.2,3.6,0.0,0.0,70
4356,"3 ORGANIC VEGGIE BURGERS, BARBECUE",Meat & Poultry,333.0,12.0,18.7,30.7,9.3,4.0,227.0,70
4357,"3 ORGANIC VEGGIE BURGERS, GARDEN HERB",Meat & Poultry,320.0,10.7,18.7,28.0,5.3,2.67,267.0,70
4358,3 OZ BEEF TENDER MED07,Meat & Poultry,142.0,22.1,6.19,0.0,0.0,0.0,44.0,60
4359,3 OZ COD LOINS,Other,80.0,17.9,0.89,0.0,0.0,0.0,54.0,60
4360,3 OZ IQF FLOUNDER FILLETS,Other,71.0,12.5,1.79,0.0,0.0,0.0,295.0,60
4361,3 SEEDED WHOLEGRAIN SANDWICH ROLLS,Other,233.0,6.67,2.5,48.3,13.3,1.67,483.0,60
4362,3 SEEDED WHOLEGRAIN SANDWICH ROLLS,Other,233.0,6.67,2.5,48.3,13.3,1.67,483.0,60
4363,3% CURCUMIN TURMERIC ORGANIC POWDER DIETARY SUPPLEMENT,Other,341.0,11.4,14.8,68.2,22.7,0.0,0.0,75
4364,3% CURCUMIN TURMERIC ORGANIC POWDER DIETARY SUPPLEMENT,Other,341.0,11.4,14.8,68.2,22.7,0.0,0.0,75
4365,3-4 LB. SALMON FILLETS,Other,223.0,20.5,16.1,0.0,0.0,0.0,40.0,60
4366,3-5 LB GROUPER FILLETS,Other,88.0,19.5,0.88,0.0,0.0,0.0,62.0,60
4367,3-5 LB IVP AMBERJACK LOIN,Other,107.0,21.4,1.79,0.0,0.0,0.0,36.0,60
4368,3-5 LB RED GROUPER LOIN,Other,88.0,19.5,0.88,0.0,0.0,0.0,62.0,60
4369,3-5 LB WG KING MACKEREL,Other,107.0,19.6,1.79,0.0,0.0,0.0,161.0,60
4370,"3-BEAN SALAD, 3-BEAN",Other,85.0,3.1,0.0,16.3,3.9,8.53,202.0,60
4371,3/4 OZ CAN LOBSTER TAILS,Other,80.0,17.0,0.89,0.0,0.0,0.0,429.0,60
4372,3/4 OZ CAN LOBSTER TAILS,Other,80.0,17.0,0.89,0.0,0.0,0.0,429.0,60
4373,3/5 LB AHI TUNA LOINS,Other,107.0,24.1,0.45,0.0,0.0,0.0,45.0,65
4374,3/5 LB CO MAHI LOIN,Other,88.0,18.6,0.88,0.0,0.0,0.0,88.0,60
4375,3/5 LB CO MAHI-MAHI LOINS,Other,89.0,18.8,0.89,0.0,0.0,0.0,89.0,60
4376,3/5 LB MAHI MAHI LOINS,Other,89.0,18.8,0.89,0.0,0.0,0.0,89.0,60
4377,3/5 LB RED GROUPER LOINS,Other,88.0,19.5,0.88,0.0,0.0,0.0,53.0,60
4378,3/5 LB SALMON FILLETS,Other,223.0,20.5,16.1,0.0,0.0,0.0,40.0,60
4379,3/5 OZ CATFISH FILLET,Seafood,142.0,15.0,8.85,0.0,0.0,0.0,62.0,60
4380,3/5 OZ CATFISH FILLET,Seafood,116.0,15.2,6.25,0.0,0.0,0.0,98.0,60
4381,3/5 OZ CATFISH SHANK FIL,Seafood,116.0,15.2,6.25,0.0,0.0,0.0,98.0,60
4382,3/5 OZ FLOUNDER FILLETS,Other,62.0,12.4,1.77,0.0,0.0,0.0,80.0,60
4383,3/5 OZ IQF TILAPIA FILLET,Other,88.0,18.6,0.88,0.0,0.0,0.0,35.0,60
4384,3/5 OZ SWAI,Other,80.0,18.8,0.89,0.0,0.0,0.0,259.0,60
4385,3/5 OZ SWAI,Other,54.0,10.7,1.79,0.0,0.0,0.0,438.0,60
4386,3/5 OZ SWAI FILLET,Other,88.0,18.6,0.88,0.0,0.0,0.0,97.0,60
4387,3/5 OZ SWAI FILLETS,Other,89.0,18.8,0.89,0.0,0.0,0.0,98.0,60
4388,3/5 OZ SWAI FILLETS,Other,54.0,10.7,1.79,0.0,0.0,0.0,438.0,60
4389,3/5 OZ V/P TILAPIA FILLET,Other,87.0,18.6,0.88,0.0,0.0,0.0,35.0,60
4390,"3/8"" FRIES",Other,312.0,3.4,15.0,41.0,3.8,0.0,210.0,60
4391,30% LESS SODIUM CHILI SEASONING MIX,Other,333.0,11.1,5.56,66.7,22.2,,2440.0,60
4392,"30% LESS SODIUM CHILI SEASONING MIX, 30% LESS SODIUM CHILI",Other,333.0,11.1,11.1,66.7,11.1,11.1,2670.0,60
4393,30/40 CKD P&D T/ON SHRIMP,Other,98.0,17.9,1.79,0.0,0.0,0.0,143.0,60
4394,30/40 CT IQF P&D SHRIMP,Other,107.0,20.5,1.79,0.0,0.0,0.0,143.0,60
4395,30/40 CT IQF SCALLOPS,Other,111.0,18.6,0.88,1.77,0.0,0.0,230.0,60
4396,30/40 DOM P&D SHRIMP,Other,71.0,13.3,0.88,0.88,0.0,0.0,142.0,60
4397,30/40 IQF SCALLOPS,Other,71.0,12.5,0.45,2.68,0.0,0.0,393.0,60
4398,30/40 S/ON SHRIMP,Other,88.0,17.7,1.77,0.0,0.0,0.0,142.0,60
4399,31/35 BTFLY T/ON SHRIMP,Other,98.0,17.9,1.79,0.0,0.0,0.0,312.0,60
4400,31/35 DOM S/ON WHT SHRIMP,Other,107.0,20.5,1.79,0.89,0.0,0.0,143.0,60
4401,31/35 IQF S/ON SHRIMP,Other,98.0,17.9,1.79,0.0,0.0,0.0,143.0,60
4402,31/35 S/ON WHITE SHRIMP,Other,71.0,15.9,0.88,0.0,0.0,0.0,168.0,60
4403,31/40 CPTO SHRIMP,Other,71.0,15.3,0.59,0.0,0.0,0.0,400.0,60
4404,31/40 CPTO SHRIMP,Other,71.0,15.3,0.59,0.0,0.0,0.0,400.0,60
4405,31/40 RAW P&D SHRIMP,Other,54.0,13.4,0.0,0.0,0.0,0.0,312.0,60
4406,32.00OZ TOSTITOS THICK CUT YELLOW CORN,Snacks & Sweets,500.0,7.14,21.4,71.4,3.6,0.0,393.0,60
4407,324ct Ultra Loco Garlic & Herb Breadstick,Grains,214.0,7.14,1.79,42.9,3.6,0.0,286.0,60
4408,35 ELBOWS PASTA,Grains,351.0,12.3,1.75,70.2,2.8,2.98,0.0,60
4409,36/40 IQF BFLY T/O SHRIMP,Other,98.0,17.9,1.79,0.0,0.0,0.0,312.0,60
4410,36/40 S/ON WHITE SHRIMP,Other,97.0,17.7,1.77,0.0,0.0,0.0,310.0,60
4411,"365 EVERYDAY VALUE, ALMOND BUTTER, CREAMY, CREAMY",Other,594.0,21.9,53.1,21.9,9.4,6.25,0.0,70
4412,"365 EVERYDAY VALUE, BAKED NAAN CHIPS",Snacks & Sweets,464.0,10.7,17.9,64.3,7.1,3.57,571.0,60
4413,"365 EVERYDAY VALUE, BAKED NAAN CHIPS, GREEN CHILI CHUTNEY, GREEN CHILI CHUTNEY",Snacks & Sweets,464.0,10.7,16.1,67.9,7.1,7.14,893.0,60
4414,"365 EVERYDAY VALUE, BAKED PITA CHIPS",Snacks & Sweets,393.0,7.14,17.9,50.0,3.6,3.57,411.0,60
4415,"365 EVERYDAY VALUE, BEEF LASAGNA",Meat & Poultry,178.0,8.18,4.83,27.1,4.8,1.12,152.0,60
4416,"365 EVERYDAY VALUE, BLACK BEAN & CORN SALSA",Other,50.0,0.0,0.0,10.0,3.3,6.67,500.0,60
4417,"365 EVERYDAY VALUE, BLACK LENTILS",Vegetables,395.0,30.2,1.16,69.8,20.9,0.0,0.0,70
4418,"365 EVERYDAY VALUE, BREAD CRUMBS WHOLE WHEAT",Grains,333.0,13.3,1.67,60.0,10.0,3.33,0.0,70
4419,"365 EVERYDAY VALUE, BREADED CHICKENLESS NUGGETS",Meat & Poultry,217.0,15.0,8.33,20.0,3.3,1.67,583.0,60
4420,"365 EVERYDAY VALUE, CANNELLINI BEANS",Other,85.0,6.15,0.0,15.4,6.2,0.77,77.0,60
4421,"365 EVERYDAY VALUE, CHUNK WHITE ALBACORE TUNA",Other,130.0,27.8,2.78,0.0,0.0,0.0,37.0,60
4422,"365 EVERYDAY VALUE, CHUNK WHITE ALBACORE TUNA",Seafood,130.0,27.8,1.85,0.0,0.0,0.0,194.0,60
4423,"365 EVERYDAY VALUE, COUSCOUS, GARLIC & OLIVE OIL, GARLIC & OLIVE OIL",Other,365.0,11.5,1.92,75.0,3.8,5.77,923.0,60
4424,"365 EVERYDAY VALUE, CREAMY CASHEW BUTTER",Other,594.0,12.5,53.1,28.1,3.1,3.12,0.0,60
4425,"365 EVERYDAY VALUE, CRUNCHY ALMOND BUTTER",Other,594.0,21.9,53.1,21.9,9.4,6.25,0.0,70
4426,"365 EVERYDAY VALUE, ENRICHED EXTRA WIDE EGG NOODLES",Other,357.0,12.5,1.79,71.4,3.6,1.79,9.0,70
4427,"365 EVERYDAY VALUE, FIBER BREAD, OAT & HONEY, OAT & HONEY",Grains,233.0,11.6,3.49,44.2,7.0,4.65,349.0,70
4428,"365 EVERYDAY VALUE, FLATEBREADS, ORIGINAL, ORIGINAL",Grains,389.0,11.1,8.33,72.2,5.6,0.0,1110.0,60
4429,"365 EVERYDAY VALUE, MEATLESS MEATBALLS",Meat & Poultry,183.0,20.0,6.67,15.0,5.0,1.67,617.0,60
4430,"365 EVERYDAY VALUE, ORGANIC BONELESS SKINLESS CHICKEN BREASTS WITH RIB MEAT",Meat & Poultry,116.0,22.3,2.68,0.0,0.0,0.0,45.0,60
4431,"365 EVERYDAY VALUE, ORGANIC CREAMY PEANUT BUTTER",Other,656.0,21.9,53.1,21.9,6.2,6.25,0.0,60
4432,"365 EVERYDAY VALUE, ORGANIC CRUNCHY PRETZEL STICKS",Snacks & Sweets,393.0,10.7,0.0,82.1,3.6,3.57,1070.0,60
4433,"365 EVERYDAY VALUE, ORGANIC EGG WHITES",Other,54.0,10.9,0.0,0.0,0.0,0.0,163.0,60
4434,"365 EVERYDAY VALUE, ORGANIC HOMESTYLE MINI WAFFLES",Other,266.0,6.25,9.38,40.6,4.7,6.25,484.0,60
4435,"365 EVERYDAY VALUE, ORGANIC VEGAN LASAGNA",Other,155.0,7.04,2.46,28.9,4.9,1.41,99.0,60
4436,"365 EVERYDAY VALUE, ORGANIC VEGETABLE LASAGNA",Vegetables,158.0,7.04,3.17,27.5,4.6,1.41,70.0,60
4437,"365 EVERYDAY VALUE, ORGANIC WHOLE PEANUTS",Snacks & Sweets,607.0,28.6,53.6,14.3,10.7,3.57,321.0,60
4438,"365 EVERYDAY VALUE, ORGANIC, BLACK BEANS",Vegetables,340.0,22.0,0.0,64.0,24.0,2.0,0.0,70
4439,"365 EVERYDAY VALUE, ORGANIC, BROWN FLAXSEED",Grains,542.0,16.7,41.7,29.2,29.2,0.0,21.0,70
4440,"365 EVERYDAY VALUE, ORGANIC, GARBANZO BEANS",Vegetables,360.0,20.0,6.0,60.0,18.0,10.0,20.0,70
4441,"365 EVERYDAY VALUE, PINTO BEANS",Vegetables,341.0,20.4,1.14,63.6,15.9,2.27,11.0,70
4442,"365 EVERYDAY VALUE, PITA CHIPS",Snacks & Sweets,393.0,14.3,10.7,64.3,10.7,3.57,786.0,60
4443,"365 EVERYDAY VALUE, POLLINATOR FRIENDLY ALMOND BUTTER, CREAMY, CREAMY",Other,594.0,21.9,53.1,21.9,9.4,6.25,0.0,70
4444,"365 EVERYDAY VALUE, POTATO CHIPS, SWEET CHILI GINGER, SWEET CHILI GINGER",Snacks & Sweets,536.0,3.57,35.7,50.0,3.6,0.0,429.0,60
4445,"365 EVERYDAY VALUE, PROTEIN, FIBER FLAKES & CLUSTERS`",Other,400.0,20.0,10.9,63.6,7.0,21.8,309.0,60
4446,"365 EVERYDAY VALUE, ROASTED & SALTED PEANUTS",Snacks & Sweets,607.0,28.6,53.6,14.3,10.7,3.57,321.0,60
4447,"365 EVERYDAY VALUE, ROASTED VERDE SALSA",Other,33.0,0.0,0.0,6.67,3.3,3.33,500.0,65
4448,"365 EVERYDAY VALUE, ROASTED VERDE SALSA",Other,33.0,0.0,0.0,6.67,3.3,3.33,500.0,65
4449,"365 EVERYDAY VALUE, SHELLED PUMPKIN SEEDS",Snacks & Sweets,571.0,28.6,50.0,10.7,7.1,0.0,0.0,60
4450,"365 EVERYDAY VALUE, SPAGHETTI",Other,357.0,10.7,1.79,75.0,3.6,3.57,0.0,70
4451,"365 EVERYDAY VALUE, SUMMIT SEEKER TRAIL MIX",Snacks & Sweets,571.0,17.9,46.4,25.0,7.1,7.14,0.0,60
4452,"365 EVERYDAY VALUE, SWEET POTATO PUFFS",Other,167.0,1.19,5.36,27.4,3.6,10.7,274.0,60
4453,"365 EVERYDAY VALUE, TAMARI RICE CRACKERS",Grains,433.0,6.67,6.67,83.3,3.3,3.33,367.0,60
4454,"365 EVERYDAY VALUE, TANDOORI WHOLE WHEAT NAAN",Other,306.0,8.24,8.24,48.2,5.9,4.71,494.0,60
4455,"365 EVERYDAY VALUE, TORTILLA CHIPS, WHITE CORN, WHITE CORN",Snacks & Sweets,464.0,7.14,16.1,71.4,7.1,0.0,161.0,60
4456,"365 EVERYDAY VALUE, TORTILLA CHIPS, YELLOW & BLUE CORN",Snacks & Sweets,464.0,7.14,17.9,71.4,7.1,0.0,161.0,60
4457,"365 EVERYDAY VALUE, TORTILLA STRIPS, YELLOW CORN",Snacks & Sweets,464.0,7.14,16.1,71.4,7.1,0.0,161.0,60
4458,"365 EVERYDAY VALUE, WHOLE GRAIN WHEAT SQUARES CEREAL",Other,367.0,8.16,2.04,77.6,8.0,0.0,0.0,60
4459,"365 EVERYDAY VALUE, WHOLE WHEAT HOT DOG BUNS",Other,240.0,10.0,4.0,44.0,6.0,4.0,420.0,60
4460,"365 ORGANIC EVERYDAY VALUE, ORGANIC VEGETARIAN CHILI, SPICY, SPICY",Other,98.0,5.31,2.04,14.3,4.1,1.22,216.0,60
4461,38OZ CH PORTERHOUSE,Meat & Poultry,223.0,22.3,7.14,0.0,0.0,0.0,54.0,60
4462,"3x4 Breakfast Pizzazz, Turkey Sausage, Whole Grain, 2.66 oz, CN",Other,213.0,12.0,6.0,25.3,4.0,2.67,440.0,70
4463,"4 BEAN MEDLEY WILD CAUGHT TUNA, 4 BEAN MEDLEY",Other,241.0,12.9,15.9,11.8,2.9,1.76,400.0,60
4464,"4 CHEESE TORTELLINI, 4 CHEESE",Dairy,261.0,13.0,5.22,40.9,1.7,0.0,322.0,60
4465,"4 CHEESE ULTIMATE PIZZA, 4 CHEESE",Dairy,240.0,10.8,8.53,29.5,1.6,2.33,,60
4466,4 GRAIN BLEND,Grains,375.0,10.0,3.75,75.0,15.0,1.25,0.0,60
4467,"4 ITALIAN SHELLS & CHEESE, 4 ITALIAN",Dairy,380.0,15.5,5.63,64.8,5.6,0.0,972.0,60
4468,"4 MEAT FREE SAUSAGE ROLLS, 4 MEAT",Meat & Poultry,292.0,11.2,18.0,19.0,4.6,0.1,480.0,60
4469,4 OZ AHI TUNA STEAK,Other,107.0,24.1,0.45,0.0,0.0,0.0,45.0,60
4470,4 OZ ATLANTIC COD LOINS,Other,80.0,17.9,0.89,0.0,0.0,0.0,54.0,60
4471,4 OZ COD LOINS,Other,80.0,17.9,0.89,0.0,0.0,0.0,54.0,60
4472,4 OZ CUBED BEEF STK,Meat & Poultry,152.0,21.4,7.14,0.0,0.0,0.0,54.0,60
4473,4 OZ DOM LAMB LOIN CHOP,Meat & Poultry,143.0,20.5,5.36,0.0,0.0,0.0,67.0,60
4474,4 OZ IQF FLOUNDER FILLETS,Other,71.0,12.5,1.79,0.0,0.0,0.0,295.0,60
4475,4 OZ IQF HADDOCK LOINS,Other,71.0,15.9,0.0,0.0,0.0,0.0,212.0,60
4476,4 OZ LOBSTER TAILS,Other,115.0,20.4,1.33,2.65,0.0,0.0,177.0,60
4477,4 OZ LOBSTER TAILS,Other,116.0,20.5,1.34,2.68,0.0,0.0,179.0,60
4478,4 OZ MAHI-MAHI PORT,Other,89.0,18.8,0.89,0.0,0.0,0.0,89.0,60
4479,4 OZ NORG SALMON PORTIONS,Other,223.0,20.5,16.1,0.0,0.0,0.0,40.0,60
4480,4 OZ RAW BRD FISH SQUARES,Seafood,133.0,19.5,0.88,10.6,0.0,2.65,248.0,60
4481,4 OZ RAW BRD FISH SQUARES,Seafood,133.0,19.5,0.88,10.6,0.0,2.65,248.0,60
4482,4 OZ SOCKEYE SALMON PORT,Other,134.0,22.3,4.46,0.0,0.0,0.0,80.0,60
4483,4 OZ SOLE FILLET,Other,71.0,12.5,1.79,0.0,0.0,0.0,295.0,60
4484,4 OZ SPLIT LOBSTER TAIL,Other,80.0,17.0,0.89,0.0,0.0,0.0,429.0,60
4485,4 OZ SPLIT LOBSTER TAIL,Other,80.0,17.0,0.89,0.0,0.0,0.0,429.0,60
4486,4 OZ T/C SALMON PORTIONS,Other,223.0,20.5,16.1,0.0,0.0,0.0,40.0,60
4487,4 OZ V/P CHUM SALMON POR,Other,116.0,20.5,3.57,0.0,0.0,0.0,49.0,60
4488,4 OZ. CAN LOBSTER TAILS,Other,80.0,17.0,0.89,0.0,0.0,0.0,429.0,60
4489,4 OZ. SALMON PORTIONS,Other,205.0,20.5,13.4,0.0,0.0,0.0,58.0,60
4490,4 PACK PIZZA BAGEL,Other,204.0,11.5,6.19,24.8,0.9,3.54,425.0,60
4491,4 PISTACHIO BALLS,Snacks & Sweets,455.0,13.6,22.7,50.0,9.1,4.5,0.0,70
4492,4 PITA CHIPS,Snacks & Sweets,504.0,14.3,14.3,78.6,3.6,3.6,750.0,60
4493,4 PRETZEL BAGUETTES MULTIGRAIN MINI,Other,376.0,10.6,12.9,55.3,4.7,4.71,506.0,60
4494,"4 TURKEY PATTIES, LIGHTLY SEASONED",Other,152.0,18.8,8.04,0.89,,0.0,402.0,60
4495,"4 YELLOWFIN TUNA BURGERS, 4 YELLOWFIN",Other,165.0,17.6,6.59,8.79,1.1,0.0,429.0,60
4496,"4"" Breadsticks Stuffed with Sauce, Cheese and Pepperoni",Dairy,230.0,10.1,7.59,29.3,1.24,1.57,475.0,60
4497,"4"""" TACO SHELLS",Other,419.0,6.45,12.9,71.0,6.5,0.0,0.0,60
4498,"4"""" TOSTADA SHELLS",Other,406.0,9.38,12.5,71.9,6.2,0.0,0.0,60
4499,4% COTTAGE CHEESE,Dairy,97.0,10.6,4.42,3.54,0.0,2.65,310.0,60
4500,4% COTTAGE CHEESE,Dairy,97.0,11.5,3.98,3.54,0.0,3.54,354.0,60
4501,4% COTTAGE CHEESE,Dairy,106.0,11.5,4.42,3.54,0.0,3.54,434.0,60
4502,4% COTTAGE CHEESE,Dairy,100.0,11.3,4.0,4.67,0.0,3.33,347.0,60
4503,4% COTTAGE CHEESE,Dairy,97.0,11.5,4.42,3.54,0.0,3.54,345.0,60
4504,4% LACTOSE FREE ORGANIC COTTAGE CHEESE,Dairy,97.0,10.6,4.42,2.65,0.0,1.77,363.0,60
4505,4% LARGE CURD COTTAGE CHEESE,Dairy,97.0,12.4,4.42,3.54,0.0,2.65,425.0,60
4506,4% LARGE CURD COTTAGE CHEESE,Dairy,97.0,12.4,3.98,2.65,0.0,2.65,372.0,60
4507,4% LARGE CURD COTTAGE CHEESE,Dairy,88.0,10.5,3.95,3.51,0.0,0.9,395.0,60
4508,4% LARGE CURD COTTAGE CHEESE,Dairy,97.0,11.5,4.42,4.42,0.0,3.54,310.0,60
4509,4% LARGE CURD COTTAGE CHEESE,Dairy,97.0,10.6,4.42,3.54,0.0,2.65,398.0,60
4510,4% LARGE CURD COTTAGE CHEESE,Dairy,97.0,10.6,4.42,4.42,0.0,3.54,336.0,60
4511,4% LARGE CURD COTTAGE CHEESE,Dairy,106.0,10.6,4.42,3.54,0.0,0.0,372.0,60
4512,4% LARGE CURD COTTAGE CHEESE,Dairy,97.0,10.6,4.42,6.19,0.0,0.0,407.0,60
4513,4% LARGE CURD COTTAGE CHEESE,Dairy,106.0,11.5,4.42,4.42,0.0,0.0,381.0,60
4514,4% LARGE CURD COTTAGE CHEESE,Dairy,102.0,10.2,4.24,5.08,0.0,0.0,297.0,60
4515,4% LARGE CURD COTTAGE CHEESE,Dairy,97.0,10.6,4.42,4.42,0.0,3.54,381.0,60
4516,4% LARGE CURD COTTAGE CHEESE,Dairy,97.0,10.6,4.42,4.42,0.0,3.54,381.0,60
4517,4% LARGE CURD COTTAGE CHEESE,Dairy,97.0,10.6,4.42,4.42,0.0,3.54,363.0,60
4518,4% LARGE CURD COTTAGE CHEESE,Dairy,106.0,11.5,4.42,4.42,0.2,3.54,381.0,60
4519,4% LARGE CURD COTTAGE CHEESE,Dairy,97.0,10.6,4.42,4.42,0.0,3.54,381.0,60
4520,4% LARGE CURD COTTAGE CHEESE,Dairy,98.0,10.7,4.02,2.68,0.0,2.68,411.0,60
4521,4% LARGE CURD COTTAGE CHEESE,Dairy,97.0,10.6,4.42,4.42,0.0,2.65,336.0,60
4522,4% LARGE CURD COTTAGE CHEESE,Dairy,106.0,11.5,4.42,4.42,0.0,3.54,398.0,60
4523,4% LARGE CURD COTTAGE CHEESE,Dairy,102.0,10.2,4.24,5.08,0.0,3.39,297.0,60
4524,4% LARGE CURD COTTAGE CHEESE,Dairy,97.0,10.6,4.42,4.42,0.0,2.65,407.0,60
4525,4% LARGE CURD COTTAGE CHEESE,Dairy,106.0,11.5,4.42,4.42,0.0,0.0,381.0,60
4526,4% LARGE CURD COTTAGE CHEESE,Dairy,106.0,10.6,4.42,3.54,0.0,3.54,372.0,60
4527,4% LARGE CURD COTTAGE CHEESE,Dairy,100.0,10.9,4.55,3.64,0.0,0.0,373.0,60
4528,4% LARGE CURD COTTAGE CHEESE,Dairy,97.0,10.6,4.42,4.42,0.0,3.54,381.0,60
4529,4% LARGE CURD COTTAGE CHEESE,Dairy,106.0,11.5,4.42,4.42,0.2,3.54,381.0,60
4530,4% LARGE CURD COTTAGE CHEESE,Dairy,97.0,10.6,4.42,4.42,,3.54,354.0,60
4531,4% LARGE CURD COTTAGE CHEESE,Dairy,97.0,10.6,4.42,6.19,0.0,0.0,407.0,60
4532,4% LARGE CURD COTTAGE CHEESE,Dairy,106.0,11.5,4.42,4.42,0.0,0.0,381.0,60
4533,4% LARGE CURD COTTAGE CHEESE,Dairy,106.0,11.5,4.42,4.42,0.0,3.54,381.0,60
4534,4% LARGE CURD COTTAGE CHEESE,Dairy,106.0,11.5,4.42,4.42,0.2,3.54,381.0,60
4535,4% LOWFAT SMALL CURD COTTAGE CHEESE,Dairy,80.0,10.6,2.21,5.31,0.0,4.42,407.0,60
4536,4% MILK FAT MINIMUM COTTAGE CHEESE,Dairy,107.0,11.6,4.02,5.36,0.0,3.57,357.0,60
4537,4% MILKBAT MINIMUM LARGE CURD COTTAGE CHEESE,Dairy,97.0,10.6,4.42,4.42,0.0,3.54,354.0,60
4538,4% MILKFAT LARGE CURD COTTAGE CHEESE,Dairy,106.0,11.5,4.42,4.42,0.2,3.54,381.0,60
4539,4% MILKFAT LARGE CURD COTTAGE CHEESE,Dairy,97.0,10.6,4.42,4.42,0.0,3.54,425.0,60
4540,"4% MILKFAT LARGE CURD COTTAGE CHEESE, 4% MILKFAT LARGE CURD",Dairy,88.0,10.5,3.95,3.51,0.0,0.9,395.0,60
4541,4% MILKFAT MIN LARGE CURD COTTAGE CHEESE,Dairy,106.0,11.5,4.42,4.42,0.0,3.54,389.0,60
4542,4% MILKFAT MIN SMALL CURD COTTAGE CHEESE,Dairy,97.0,10.6,4.42,4.42,0.0,3.54,425.0,60
4543,"4% MILKFAT MIN SMALL CURD COTTAGE CHEESE WITH CHIVE, CHIVE",Dairy,106.0,11.5,4.42,4.42,0.2,3.54,389.0,60
4544,"4% MILKFAT MIN SMALL CURD COTTAGE CHEESE WITH CHIVE, CHIVE",Dairy,106.0,11.5,4.42,4.42,0.2,3.54,389.0,60
4545,4% MILKFAT MIN SMALL CURD COUNTRY STYLE COTTAGE CHEESE,Dairy,106.0,11.5,4.42,4.42,0.2,3.54,389.0,60
4547,4% MILKFAT MIN. SMALL CURD COTTAGE CHEESE,Dairy,110.0,10.2,5.08,5.08,0.0,0.0,339.0,60
4548,4% MILKFAT MINIMUM LARGE CURD COTTAGE CHEESE,Dairy,106.0,11.5,4.42,4.42,0.2,3.54,381.0,60
4549,4% MILKFAT MINIMUM LARGE CURD COTTAGE CHEESE,Dairy,106.0,11.5,4.42,4.42,0.2,3.54,381.0,60
4550,4% MILKFAT MINIMUM LARGE CURD COTTAGE CHEESE,Dairy,98.0,10.7,4.46,3.57,0.0,2.68,366.0,60
4551,4% MILKFAT MINIMUM SMALL CURD COTTAGE CHEES,Dairy,106.0,13.3,4.42,2.65,0.0,0.0,327.0,60
4552,4% MILKFAT MINIMUM SMALL CURD COTTAGE CHEESE,Dairy,97.0,10.6,4.42,4.42,,0.0,363.0,60
4553,4% MILKFAT MINIMUM SMALL CURD COTTAGE CHEESE,Dairy,97.0,10.6,4.42,4.42,0.0,3.54,354.0,60
4554,4% MILKFAT MINIMUM SMALL CURD COTTAGE CURD,Dairy,97.0,10.6,4.42,4.42,0.0,0.0,354.0,60
4555,4% MILKFAT SMALL CURD COTTAGE CHEESE,Dairy,106.0,11.5,4.42,4.42,0.2,3.54,381.0,60
4556,4% MILKFAT SMALL CURD COTTAGE CHEESE,Dairy,97.0,10.6,4.42,4.42,0.0,3.54,425.0,60
4557,4% PASTEURIZED COTTAGE CHEESE,Dairy,97.0,10.6,4.42,4.42,0.0,3.54,425.0,60
4558,4% REGULAR SMALL CURD COTTAGE CHEESE,Dairy,96.0,10.5,4.39,4.39,0.0,3.51,377.0,60
4559,4% REGULAR SMALL CURD COTTAGE CHEESE,Dairy,105.0,12.4,3.81,3.81,0.0,3.81,362.0,60
4560,4% SMALL CURD COTTAGE CHEESE,Dairy,97.0,10.6,4.42,4.42,0.0,0.0,354.0,60
4561,4% SMALL CURD COTTAGE CHEESE,Dairy,97.0,10.6,4.42,4.42,0.0,3.54,354.0,60
4562,4% SMALL CURD COTTAGE CHEESE,Dairy,97.0,10.6,4.42,6.19,0.0,0.0,407.0,60
4563,4% SMALL CURD COTTAGE CHEESE,Dairy,105.0,12.3,4.39,4.39,0.0,2.63,395.0,60
4564,4% SMALL CURD COTTAGE CHEESE,Dairy,106.0,10.6,4.42,4.42,0.0,3.54,425.0,60
4565,4% SMALL CURD COTTAGE CHEESE,Dairy,97.0,10.6,4.42,4.42,0.0,0.0,354.0,60
4566,4% SMALL CURD COTTAGE CHEESE,Dairy,97.0,10.6,4.42,4.42,0.0,3.54,363.0,60
4567,4% SMALL CURD COTTAGE CHEESE,Dairy,97.0,10.6,4.42,4.42,0.0,3.54,425.0,60
4568,4% SMALL CURD COTTAGE CHEESE,Dairy,106.0,10.6,4.42,4.42,0.0,3.54,425.0,60
4569,4% SMALL CURD COTTAGE CHEESE,Dairy,106.0,11.5,4.42,4.42,0.0,0.0,381.0,60
4570,4% SMALL CURD COTTAGE CHEESE,Dairy,97.0,11.5,4.42,3.54,0.0,2.65,416.0,60
4571,4% SMALL CURD COTTAGE CHEESE,Dairy,97.0,11.5,4.42,3.54,0.0,3.54,407.0,60
4572,4% SMALL CURD COTTAGE CHEESE,Dairy,106.0,11.5,4.42,4.42,0.2,3.54,381.0,60
4573,4% SMALL CURD COTTAGE CHEESE,Dairy,97.0,11.5,3.98,4.42,0.0,3.54,345.0,60
4574,4% SMALL CURD COTTAGE CHEESE,Dairy,106.0,10.6,4.42,3.54,0.0,0.0,372.0,60
4575,4% SMALL CURD COTTAGE CHEESE,Dairy,97.0,10.6,4.42,4.42,,3.54,381.0,60
4576,4% SMALL CURD COTTAGE CHEESE,Dairy,110.0,10.2,5.08,5.08,0.0,0.0,339.0,60
4577,4% SMALL CURD COTTAGE CHEESE,Dairy,110.0,10.2,5.08,5.08,0.0,0.0,339.0,60
4578,4% SMALL CURD COTTAGE CHEESE,Dairy,97.0,10.6,4.42,4.42,0.0,3.54,363.0,60
4579,4% SMALL CURD COTTAGE CHEESE,Dairy,107.0,11.6,4.02,5.36,0.0,3.57,357.0,60
4580,4% SMALL CURD COTTAGE CHEESE,Dairy,106.0,11.5,4.42,4.42,0.2,0.0,381.0,60
4581,4% SMALL CURD COTTAGE CHEESE,Dairy,106.0,11.5,4.42,4.42,0.2,3.54,381.0,60
4582,4% SMALL CURD COTTAGE CHEESE,Dairy,100.0,12.7,4.09,2.73,0.0,1.82,436.0,60
4583,4% SMALL CURD COTTAGE CHEESE,Dairy,103.0,10.3,4.27,5.13,0.0,0.0,299.0,60
4584,4% SMALL CURD COTTAGE CHEESE,Dairy,97.0,10.6,4.42,6.19,0.0,0.0,407.0,60
4585,4% SMALL CURD COTTAGE CHEESE,Dairy,106.0,11.5,4.42,4.42,0.0,0.0,381.0,60
4586,4% SMALL CURD COTTAGE CHEESE,Dairy,97.0,10.6,4.42,5.31,0.0,4.42,398.0,60
4587,4% SMALL CURD COTTAGE CHEESE,Dairy,106.0,10.6,4.42,3.54,0.0,0.0,372.0,60
4588,4% SMALL CURD COTTAGE CHEESE,Dairy,105.0,12.3,4.39,4.39,0.0,2.63,395.0,60
4589,4% SMALL CURD COTTAGE CHEESE,Dairy,97.0,10.6,4.42,4.42,,3.54,381.0,60
4590,4% SMALL CURD COTTAGE CHEESE,Dairy,97.0,10.6,4.42,2.65,0.0,1.77,398.0,60
4591,4% SMALL CURD COTTAGE CHEESE,Dairy,106.0,11.5,4.42,4.42,0.0,3.54,310.0,60
4592,4% SMALL CURD COTTAGE CHEESE,Dairy,106.0,11.5,4.42,4.42,0.0,3.54,310.0,60
4593,4% SMALL CURD COTTAGE CHEESE,Dairy,106.0,10.6,4.42,3.54,0.0,3.54,372.0,60
4594,4% SMALL CURD COTTAGE CHEESE,Dairy,97.0,12.4,4.42,3.54,0.0,2.65,425.0,60
4595,4% SMALL CURD COTTAGE CHEESE,Dairy,103.0,10.3,4.27,5.13,0.0,3.42,299.0,60
4596,4% SMALL CURD COTTAGE CHEESE,Dairy,106.0,10.6,4.42,4.42,0.0,3.54,301.0,60
4597,4% SMALL CURD COTTAGE CHEESE,Dairy,106.0,11.5,4.42,4.42,0.0,0.0,381.0,60
4598,4% SMALL CURD COTTAGE CHEESE,Dairy,106.0,10.6,4.42,3.54,0.0,3.54,372.0,60
4599,4% SMALL CURD COTTAGE CHEESE,Dairy,106.0,11.5,4.42,4.42,0.2,3.54,381.0,60
4600,4% SMALL CURD COTTAGE CHEESE,Dairy,106.0,11.5,4.42,4.42,0.2,3.54,381.0,60
4601,4% SMALL CURD COTTAGE CHEESE,Dairy,100.0,12.7,4.55,4.55,0.0,3.64,409.0,60
4602,4% SMALL CURD COTTAGE CHEESE,Dairy,97.0,11.5,4.42,4.42,0.0,3.54,345.0,60
4603,4% SMALL CURD COTTAGE CHEESE,Dairy,106.0,13.3,4.42,2.65,0.0,0.0,363.0,60
4604,4% SMALL CURD COTTAGE CHEESE,Dairy,106.0,11.5,4.42,4.42,0.0,0.0,381.0,60
4605,4% SMALL CURD COTTAGE CHEESE,Dairy,97.0,11.5,4.42,4.42,0.0,0.0,345.0,60
4606,4% SMALL CURD COTTAGE CHEESE,Dairy,97.0,11.5,4.42,4.42,0.0,0.0,345.0,60
4607,4% SMALL CURD COTTAGE CHEESE,Dairy,105.0,12.3,4.39,4.39,0.0,2.63,395.0,60
4608,4% SMALL CURD COTTAGE CHEESE,Dairy,105.0,12.3,4.39,4.39,0.0,2.63,395.0,60
4609,4% SMALL CURD COTTAGE CHEESE,Dairy,97.0,10.6,4.42,3.54,0.0,2.65,283.0,60
4610,4% SMALL CURD COTTAGE CHEESE,Dairy,97.0,12.4,4.42,3.54,0.0,2.65,425.0,60
4611,4% SMALL CURD COTTAGE CHEESE,Dairy,97.0,10.6,4.42,4.42,0.0,3.54,363.0,60
4612,4% SMALL CURD COTTAGE CHEESE,Dairy,106.0,11.5,4.42,4.42,0.0,0.0,381.0,60
4613,4% SMALL CURD COTTAGE CHEESE,Dairy,97.0,10.6,4.42,4.42,0.0,3.54,363.0,60
4614,4% SMALL CURD COTTAGE CHEESE,Dairy,106.0,11.5,4.42,4.42,0.0,0.0,381.0,60
4615,4% SMALL CURD COTTAGE CHEESE,Dairy,106.0,10.6,4.42,4.42,0.0,3.54,425.0,60
4616,4% SMALL CURD COTTAGE CHEESE,Dairy,106.0,10.6,4.42,4.42,0.0,3.54,425.0,60
4617,4% SMALL CURD COTTAGE CHEESE,Dairy,97.0,10.6,4.42,4.42,0.0,3.54,416.0,60
4618,4% SMALL CURD COTTAGE CHEESE,Dairy,97.0,10.6,4.42,4.42,0.0,3.54,336.0,60
4619,4% SMALL CURD COTTAGE CHEESE,Dairy,106.0,12.4,4.42,3.54,0.0,3.54,354.0,60
4620,4% SMALL CURD COTTAGE CHEESE,Dairy,97.0,10.6,4.42,4.42,0.0,3.54,381.0,60
4621,4% SMALL CURD COTTAGE CHEESE,Dairy,97.0,10.6,4.42,4.42,0.0,3.54,363.0,60
4622,4% SMALL CURD COTTAGE CHEESE,Dairy,97.0,10.6,4.42,4.42,0.0,3.54,381.0,60
4623,4% SMALL CURD COTTAGE CHEESE,Dairy,97.0,10.6,4.42,6.19,0.0,0.0,407.0,60
4624,4% SMALL CURD COTTAGE CHEESE,Dairy,97.0,11.5,4.42,4.42,0.0,0.0,389.0,60
4625,4% SMALL CURD COTTAGE CHEESE,Dairy,97.0,10.6,4.42,2.65,0.0,1.77,398.0,60
4626,4% SMALL CURD COTTAGE CHEESE,Dairy,97.0,10.6,4.42,4.42,0.0,3.54,381.0,60
4627,"4% SMALL CURD COTTAGE CHEESE WITH CHIVES, CHIVES",Dairy,106.0,12.4,3.98,4.42,0.0,3.54,381.0,60
4628,"4% SMALL CURD COTTAGE CHEESE WITH CRACKED PEPPER, CRACKED PEPPER",Dairy,97.0,10.6,4.42,4.42,0.0,3.54,389.0,60
4629,"4% SMALL CURD COTTAGE CHEESE WITH SEA SALT, SEA SALT",Dairy,97.0,12.4,4.42,3.54,0.0,2.65,257.0,60
4630,"4% SMALL CURD COTTAGE CHEESE, COTTAGE CHEESE",Dairy,97.0,10.6,4.42,4.42,0.0,0.0,363.0,60
4631,4% SMALL CURD COUNTRY STYLE COTTAGE CHEESE,Dairy,106.0,11.5,4.42,4.42,0.0,3.54,389.0,60
4632,4% SMALL CURD REGULAR CULTURED COTTAGE CHEESE,Dairy,106.0,12.4,4.42,3.54,0.0,3.54,354.0,60
4633,4% WHIPPED COTTAGE CHEESE,Dairy,106.0,11.5,4.42,4.42,0.2,3.54,381.0,60
4634,4%MILKFAT MINIMUM COTTAGE CHEESE,Dairy,98.0,10.7,4.46,3.57,0.0,2.68,366.0,60
4635,4-10 OZ LOBSTER TAILS,Other,80.0,17.0,0.89,0.0,0.0,0.0,429.0,60
4636,4-5OZ BEEF TENDERLOIN,Meat & Poultry,143.0,22.3,6.25,0.0,0.0,0.0,45.0,60
4637,4-6 IPW CLEANED OCTOPUS,Other,80.0,15.2,0.89,2.68,0.0,0.0,232.0,60
4638,"4-CHEESE MOZZARELLA, PROVOLONE, FONTINA AND ROMANO CHEESE ON A FLOURLESS THIN CRUST PIZZA, 4-CHEESE",Dairy,212.0,17.3,12.8,16.0,12.2,0.0,500.0,60
4639,"4.4lb Jar, ALL NATURAL Non-GMO Peanut Free Spread Creamy",Other,625.0,21.9,46.9,25.0,6.2,6.2,312.0,60
4640,4.75 Inch White Corn Tortillas,Other,222.0,4.5,2.89,44.6,4.0,0.0,13.0,60
4641,4/5 OZ CAN LOBSTER TAILS,Other,80.0,17.0,0.89,0.0,0.0,0.0,429.0,60
4642,4/5 OZ CAN LOBSTER TAILS,Other,80.0,17.0,0.89,0.0,0.0,0.0,429.0,60
4643,4/5 OZ SPLIT LOBSTER TAIL,Other,80.0,17.0,0.89,0.0,0.0,0.0,429.0,60
4644,4/6 CT IPW FROG LEGS,Meat & Poultry,71.0,16.1,0.0,0.0,0.0,0.0,58.0,60
4645,4/6 INCH CLN SQUID T&T,Other,89.0,15.2,1.34,2.68,0.0,0.0,45.0,60
4646,4/6 INCH SQUID T&T,Other,89.0,15.2,1.34,2.68,0.0,0.0,45.0,60
4647,4/6 INCH SQUID TUBES,Other,89.0,15.2,1.34,2.68,0.0,0.0,45.0,60
4648,4/6 INCH SQUID TUBES,Other,89.0,15.2,1.34,2.68,0.0,0.0,45.0,60
4649,4/6 OZ CO GROUPER FILLETS,Other,88.0,19.5,0.88,0.0,0.0,0.0,53.0,60
4650,4/6 OZ CO SNAPPER FILLET,Other,98.0,20.5,1.34,0.0,0.0,0.0,62.0,60
4651,4/6 OZ CO SNAPPER FILLETS,Other,88.0,14.2,0.88,0.0,0.0,0.0,58.0,60
4652,4/6 OZ CO SNAPPER PORT,Other,98.0,20.5,1.34,0.0,0.0,0.0,62.0,60
4653,4/6 OZ CO V/P REDFISH,Seafood,116.0,17.0,4.46,0.89,0.0,0.0,58.0,60
4654,4/6 OZ CO V/P REDFISH,Seafood,116.0,17.0,4.46,0.89,0.0,0.0,58.0,60
4655,4/6 OZ CO V/P REDFISH,Seafood,116.0,17.0,4.46,0.89,0.0,0.0,58.0,60
4656,4/6 OZ CO V/P REDFISH,Seafood,116.0,17.0,4.46,0.89,0.0,0.0,58.0,60
4657,4/6 OZ GROUPER FILLETS,Other,88.0,19.5,0.88,0.0,0.0,0.0,53.0,60
4658,4/6 OZ GROUPER FILLETS,Other,89.0,19.6,0.89,0.0,0.0,0.0,54.0,60
4659,4/6 OZ H&G FLOUNDER,Other,71.0,12.5,1.79,0.0,0.0,0.0,295.0,60
4660,4/6 OZ HADDOCK FILLETS,Other,71.0,16.1,0.0,0.0,0.0,0.0,214.0,60
4661,4/6 OZ HOGFISH FILLETS,Seafood,98.0,20.5,1.34,0.0,0.0,0.0,62.0,60
4662,4/6 OZ I/L SEA TROUT FIL,Other,152.0,20.5,6.25,0.0,0.0,0.0,54.0,60
4663,4/6 OZ I/L SEA TROUT FIL,Other,152.0,20.5,6.25,0.0,0.0,0.0,54.0,60
4664,4/6 OZ IQF POLLOCK FILLET,Other,89.0,19.6,0.89,0.0,0.0,0.0,89.0,60
4665,4/6 OZ IQF POLLOCK FILLET,Other,89.0,19.6,0.89,0.0,0.0,0.0,89.0,60
4666,4/6 OZ ORANGE ROUGHY FIL,Other,71.0,16.1,0.89,0.0,0.0,0.0,71.0,60
4667,4/6 OZ Packers Raw Skin On Boneless Wild Canadian WALLEYE FILLET,Other,81.0,17.6,1.18,3.53,0.0,0.0,99.0,60
4668,4/6 OZ SALMON PORTIONS,Other,115.0,19.5,3.54,0.0,0.0,0.0,58.0,60
4669,4/6 OZ SK/ON WHITING FIL,Other,88.0,18.6,1.33,0.0,0.0,0.0,71.0,60
4670,4/6 OZ SNAPPER FILLET,Other,98.0,20.5,1.34,0.0,0.0,0.0,62.0,60
4671,4/6 OZ SNAPPER FILLET,Other,97.0,20.4,1.33,0.0,0.0,0.0,62.0,60
4672,4/6 OZ SNAPPER FILLETS,Other,98.0,20.5,1.34,0.0,0.0,0.0,62.0,60
4673,4/6 OZ SNAPPER PORTIONS,Other,98.0,20.5,1.34,0.0,0.0,0.0,62.0,60
4674,4/6 OZ SPOTTED SEA TROUT,Other,152.0,20.5,6.25,0.0,0.0,0.0,54.0,60
4675,4/6 OZ SQUID STEAKS,Other,89.0,15.2,1.34,2.68,0.0,0.0,45.0,60
4676,4/6 OZ WHITING FILLETS,Other,89.0,18.8,1.34,0.0,0.0,0.0,71.0,60
4677,4/8 OZ A/T FLOUNDER FIL,Other,71.0,12.5,1.79,0.0,0.0,0.0,295.0,60
4678,"40% LESS FAT SMOKY BBQ KETTLE COOKED POTATO CHIPS, BBQ",Snacks & Sweets,464.0,7.14,17.9,71.4,7.1,7.14,500.0,60
4679,"40% LESS SUGAR STRAWBERRY, LIME, RASPBERRY FRUIT POPS, STRAWBERRY; LIME; RASPBERRY",Fruits,70.0,0.0,0.0,24.1,11.8,10.2,27.0,60
4680,"40% LESS SUGAR STRAWBERRY, PINEAPPLE, MANGO FRUIT POPS, STRAWBERRY; PINEAPPLE; MANGO",Fruits,71.0,0.0,0.0,24.6,12.0,10.4,25.0,60
4681,40/50 BTFLY T/ON SHRIMP,Other,97.0,17.7,1.77,0.0,0.0,0.0,142.0,60
4682,40/50 CT/KG H/ON SHRIMP,Other,94.0,21.2,1.18,0.0,0.0,0.0,318.0,60
4683,40/50 IQF PINK SHRIMP,Other,74.0,15.9,0.88,0.0,0.0,0.0,168.0,60
4684,40/50 P&D SHRIMP,Other,98.0,17.9,1.79,0.0,0.0,0.0,143.0,60
4685,40/50 S/ON WHITE SHRIMP,Other,97.0,17.7,1.77,0.0,0.0,0.0,310.0,60
4686,40/60 CT IQF SCALLOPS,Other,71.0,12.4,0.44,3.54,0.0,0.0,389.0,60
4687,40/60 IQF SCALLOPS,Other,111.0,18.6,0.88,1.77,0.0,0.0,230.0,60
4688,41/50 BTFLY T/ON SHRIMP,Other,98.0,17.9,1.79,0.0,0.0,0.0,312.0,60
4689,41/50 CKD P&D T/ON SHRIMP,Other,99.0,21.2,1.18,0.0,0.0,0.0,224.0,60
4690,41/50 CP&D SHRIMP,Other,94.0,21.2,1.18,0.0,0.0,0.0,224.0,60
4691,41/50 CPTO SHRIMP,Other,71.0,15.3,0.59,0.0,0.0,0.0,400.0,60
4692,41/50 GULF PUD SHRIMP,Other,107.0,20.5,1.79,0.89,0.0,0.0,143.0,60
4693,41/50 IQF S/ON SHRIMP,Other,99.0,21.2,1.18,0.0,0.0,0.0,224.0,60
4694,41/50 P&D SHRIMP,Other,97.0,20.4,0.88,0.0,0.0,0.0,221.0,60
4695,41/50 P&D SHRIMP,Other,98.0,17.9,1.79,0.0,0.0,0.0,312.0,60
4696,41/50 P&D SHRIMP,Other,98.0,17.9,1.79,0.0,0.0,0.0,312.0,60
4697,41/50 ROUND BRD SHRIMP,Other,102.0,18.6,0.88,0.0,0.0,0.0,35.0,60
4698,"479, SIMPLY SEA SALT",Snacks & Sweets,500.0,7.14,25.0,57.1,10.7,0.0,286.0,60
4699,4CT PERFECTION DELI OLD WORLD WHEAT PITAS,Other,260.0,8.0,4.0,52.0,5.0,4.0,440.0,60
4700,"4x6 100% Mozzarella, Whole Grain, 4.65 oz, CN",Other,220.0,12.9,6.82,25.8,3.8,0.8,462.0,70
4701,"4x6 Cheese, Whole Grain, 4.56 oz, CN",Dairy,217.0,12.4,6.98,26.4,3.9,3.1,450.0,70
4702,"4x6 Pepperoni, Reduced Fat, Whole Grain, 4.65 oz, CN",Other,220.0,13.6,7.58,25.8,3.8,3.03,545.0,60
4703,"4x6 Turkey Sausage, Whole Grain, 4.56 oz, CN",Other,202.0,11.6,6.2,24.0,3.9,3.1,465.0,70
4704,"4x6, Pepperoni, Whole Grain, 4.56 oz, CN",Other,217.0,12.4,7.75,25.6,3.9,3.1,535.0,60
4705,5 BEAN MEDLEY,Vegetables,343.0,22.9,2.86,62.9,14.3,5.71,14.0,70
4706,"5 CAULIFLOWER FLATBREADS, 5 CAULIFLOWER",Grains,140.0,11.6,5.81,11.6,4.7,4.65,279.0,70
4707,"5 CHEESE MOZZARELLA, CHEDDAR, PARMESAN, ASIAGO & ROMANO ORIGINAL PIZZA, 5 CHEESE",Dairy,250.0,12.1,11.4,24.3,1.4,2.86,407.0,60
4708,"5 CHEESE MOZZARELLA, PROVOLONE, MONTEREY JACK, PARMESAN & ROMANO CHEESES TRADITIONAL CRUST PIZZA, 5 CHEESE",Dairy,265.0,11.6,10.9,29.2,0.7,0.7,408.0,60
4709,"5 CHEESE RICOTTA, ROMANO, CHEDDAR, PARMESAN, MOZZARELLA TOASTED RAVIOLI, 5 CHEESE",Dairy,247.0,11.8,5.88,36.5,4.7,1.18,306.0,70
4710,"5 CHEESE TORTELLINI, 5 CHEESE",Dairy,274.0,10.5,8.42,39.0,2.1,1.05,411.0,60
4711,5 GRAIN BLEND,Other,356.0,11.1,2.22,75.6,8.9,2.22,0.0,70
4712,"5 GRAIN CEREAL OATS, RYE, TRITICALE, BARLEY, GOLDEN FLAX",Other,375.0,12.5,6.25,67.5,8.0,2.5,0.0,70
4713,"5 GRAIN FLAX FLATBREADS, 5 GRAIN FLAX",Grains,188.0,12.5,3.12,40.6,15.6,0.0,375.0,70
4714,"5 GRAIN HOT CEREAL, 5 GRAIN",Other,375.0,12.5,2.5,75.0,12.5,0.0,12.0,70
4715,"5 GRAIN HOT CEREAL, 5 GRAIN",Other,375.0,12.5,2.5,75.0,12.5,0.0,12.0,70
4716,"5 GRAIN ORGANIC BROWN RICE, POPCORN, QUINOA, MILLET, AND FLAXSEED SALT - FREE PUFFED GRAIN CAKES, 5 GRAIN",Grains,393.0,7.14,3.57,82.1,7.1,0.0,0.0,60
4717,"5 GRAIN ORGANIC TEMPEH, 5 GRAIN",Meat & Poultry,227.0,17.3,9.33,20.0,5.3,1.33,0.0,70
4718,"5 GRAIN PILAF WITH RED QUINOA, BUCKWHEAT GROATS, BLACK BARLEY, MILLET & WHITE RICE, 5 GRAIN",Grains,420.0,12.0,1.0,0.09,6.0,0.0,760.0,60
4719,5 GRAIN ROLLED HOT CEREAL,Other,371.0,11.4,1.43,74.3,11.4,0.0,0.0,70
4720,"5 GRAINS MIXTURE OF SPELT, BARLEY, WHOLE GRAIN RICE, KAMUT KHORASAN WHEAT AND OATS, 5 GRAINS",Grains,343.0,11.4,2.86,70.0,7.1,1.43,0.0,70
4721,5 LAYER DIP,Other,117.0,3.33,6.67,10.0,3.3,3.33,467.0,60
4722,"5 LAYER DIP, BLACK BEAN & AVOCADO",Other,117.0,3.33,6.67,10.0,3.3,3.33,417.0,60
4723,"5 LAYER REFRIED BEANS, GUACAMOLE, SALSA, SOUR CREAM AND CHEDDAR CHEESE DIP, 5 LAYER",Dairy,117.0,3.33,6.67,10.0,3.3,3.33,500.0,60
4724,"5 O'CLOCK SOMEWHERE CAJUN FLAVORED PEANUTS, SESAME CHEESE STICKS, CHEDDAR WHALES, MINI PRETZELS AND RYE CHIPS SNACK MIX, 5 O'CLOCK SOMEWHERE",Dairy,533.0,13.3,30.0,50.0,6.7,0.0,600.0,60
4725,5 OZ BRAZ LOBSTER TAIL,Other,116.0,20.5,1.34,2.68,0.0,0.0,179.0,60
4726,5 OZ CH D/NUD TOP BUTT,Meat & Poultry,152.0,22.3,6.25,0.0,0.0,0.0,46.0,60
4727,5 OZ COD LOINS,Other,80.0,17.9,0.89,0.0,0.0,0.0,54.0,60
4728,5 OZ COD LOINS,Other,80.0,17.9,0.89,0.0,0.0,0.0,54.0,60
4729,5 OZ IQF FLOUNDER FILLETS,Other,71.0,12.5,1.79,0.0,0.0,0.0,295.0,60
4730,5 OZ IQF SOLE FILLET,Other,71.0,12.5,1.79,0.0,0.0,0.0,295.0,60
4731,5 OZ LOBSTER TAILS,Other,116.0,20.5,1.34,2.68,0.0,0.0,179.0,60
4732,5 OZ LOBSTER TAILS,Other,116.0,20.5,1.34,2.68,0.0,0.0,179.0,60
4733,5 OZ LOBSTER TAILS,Other,116.0,20.5,1.34,2.68,0.0,0.0,179.0,60
4734,5 OZ LOBSTER TAILS,Other,116.0,20.5,1.34,2.68,0.0,0.0,179.0,60
4735,5 OZ LOBSTER TAILS,Other,116.0,20.5,1.34,2.68,0.0,0.0,179.0,60
4736,5 OZ LOBSTER TAILS,Other,116.0,20.5,1.34,2.68,0.0,0.0,179.0,60
4737,5 OZ LOBSTER TAILS,Other,115.0,20.4,1.33,2.65,0.0,0.0,177.0,60
4738,5 OZ LOBSTER TAILS,Other,116.0,20.5,1.34,2.68,0.0,0.0,179.0,60
4739,5 Round Cheese Pizza on Whole Wheat & Soy Crust,Dairy,214.0,15.5,8.47,19.0,2.12,0.0,289.0,60
4740,"5 SEED BREAD, 5 SEED",Grains,143.0,17.9,5.36,42.9,32.0,0.0,411.0,70
4741,"5 SEED BREAD, 5 SEED",Grains,256.0,9.3,6.98,41.9,4.7,2.3,465.0,60
4742,"5 SEED CRUNCHY BUTTER, 5 SEED CRUNCHY",Other,625.0,25.0,53.1,15.6,6.2,3.1,147.0,60
4743,"5 WHOLE GRAIN BLEND A COMBINATION OF LONG GRAIN PARBOILED BROWN RICE, PEARLED DURUM WHEAT, COLUSARI RED RICE, SPROUTED BROWN RICE AND WILD RICE, 5 WHOLE GRAIN BLEND",Grains,356.0,8.89,2.22,75.6,6.7,0.0,0.0,60
4744,"5 YOGURT & OAT BAR, CHERRY & PISTACHIO",Dairy,400.0,15.6,13.3,57.8,6.7,31.1,356.0,60
4745,"5"" Lunch Around, Pepperoni, Reduced Fat, Whole Grain, 5.05 oz, CN, IW",Other,248.0,12.0,9.9,26.9,3.5,3.54,530.0,60
4746,"5"" Round Cheese Pizza, 5.05 oz, CN",Dairy,238.0,12.6,9.09,25.9,3.5,2.8,469.0,70
4747,"5"" WHOLE GRAIN RICH PROOF & BAKE SHEETED PIZZA DOUGH",Other,227.0,9.76,2.24,42.9,4.54,4.7,204.0,60
4748,5-10 LB KING MACKEREL,Other,107.0,19.6,1.79,0.0,0.0,0.0,89.0,60
4749,5-10 LB WG KING MACKEREL,Other,107.0,19.6,1.79,0.0,0.0,0.0,161.0,60
4750,5-10 LB WG KING MACKEREL,Other,107.0,19.6,1.79,0.0,0.0,0.0,161.0,60
4751,5-8 LB SWORDFISH LOINS CO,Seafood,142.0,19.5,7.08,0.0,0.0,0.0,80.0,60
4752,"5-SEED SESAME, AMARANTH, FLAX, CHIA, QUINOA MULTI-GRAIN CRUNCHY OVEN BAKED CRACKERS, 5-SEED",Other,467.0,10.0,16.7,66.7,6.7,0.0,367.0,60
4753,"5-SEED SESAME, FLAX, QUINOA, AMARANTH, CHIA, MULTI-GRAIN CRUNCHY, BAKED RICE CRACKERS, 5-SEED",Grains,433.0,10.0,11.7,73.3,6.7,0.0,500.0,60
4754,5-SPICE SEASONED ASIAN FUSION,Other,71.0,4.71,2.35,8.24,3.5,0.0,112.0,65
4755,"5.5/6.5 OZ. """"G"""" LOB TAILS",Other,116.0,20.5,1.34,2.68,0.0,0.0,179.0,60
4756,5/6 OZ CA LOBSTER TAILS,Other,80.0,17.0,0.89,0.0,0.0,0.0,429.0,60
4757,5/6 OZ CAN LOBSTER TAILS,Other,80.0,17.0,0.89,0.0,0.0,0.0,429.0,60
4758,5/7 LB AHI TUNA LOINS,Other,107.0,24.1,0.45,0.0,0.0,0.0,45.0,65
4759,5/7 LB MAHI-MAHI LOINS,Other,89.0,18.8,0.89,0.0,0.0,0.0,89.0,60
4760,5/7 OZ CATFISH FILLET,Seafood,116.0,15.2,6.25,0.0,0.0,0.0,98.0,60
4761,5/7 OZ CATFISH FILLET,Seafood,142.0,15.0,8.85,0.0,0.0,0.0,62.0,60
4762,5/7 OZ CATFISH SHANK FIL,Seafood,116.0,15.2,6.25,0.0,0.0,0.0,98.0,60
4763,5/7 OZ IQF TILAPIA FILLET,Other,87.0,18.6,0.88,0.0,0.0,0.0,35.0,65
4764,5/7 OZ IQF TILAPIA FILLET,Other,133.0,28.3,1.77,0.0,0.0,0.0,53.0,60
4765,5/7 OZ SWAI,Other,54.0,10.7,1.79,0.0,0.0,0.0,438.0,60
4766,5/7 OZ SWAI,Other,54.0,10.7,1.19,0.0,0.0,0.0,440.0,60
4767,5/7 OZ SWAI FILLETS,Other,54.0,10.7,1.79,0.0,0.0,0.0,438.0,60
4768,5/7 OZ SWAI FILLETS,Other,54.0,10.7,1.79,0.0,0.0,0.0,438.0,60
4769,5/7 OZ SWAI SPLITS,Other,88.0,18.8,1.18,0.0,0.0,0.0,96.0,60
4770,5/7 OZ SWAI SPLITS,Other,54.0,10.7,1.79,0.0,0.0,0.0,438.0,60
4771,5/7 OZ V/P TILAPIA FILLET,Other,89.0,19.0,1.49,0.0,0.0,0.0,42.0,60
4772,5/8 INCH CLN SQUID T&T,Other,89.0,15.2,1.34,2.68,0.0,0.0,45.0,60
4773,5/8 OZ FLOUNDER FILLETS,Other,71.0,12.5,1.79,0.0,0.0,0.0,295.0,60
4774,5/8 OZ FLOUNDER FILLETS,Other,71.0,12.5,1.79,0.0,0.0,0.0,295.0,60
4775,"50% LESS FAT KETTLE COOKED POTATO CHIPS, 50% LESS FAT",Snacks & Sweets,464.0,7.14,17.9,71.4,3.6,0.0,339.0,60
4776,"50% LESS FAT KETTLE COOKED POTATO CHIPS, 50% LESS FAT",Snacks & Sweets,464.0,7.14,17.9,71.4,3.6,0.0,339.0,60
4777,"50% LESS FAT KETTLE POTATO CHIPS, 50% LESS FAT",Snacks & Sweets,464.0,7.14,17.9,71.4,3.6,7.14,339.0,60
4778,50% LESS SODIUM BASICS CHICKPEAS,Other,100.0,5.38,1.54,15.4,4.6,2.31,138.0,60
4779,50% LESS SODIUM BASICS PINTO BEANS,Other,77.0,4.62,0.0,15.4,5.4,0.77,208.0,60
4780,50% SESAME MINI SUGARLESS HALVA SNACKS,Other,500.0,30.0,35.0,40.0,10.0,0.0,0.0,70
4781,50% SESAME SUGARLESS HALVA,Snacks & Sweets,480.0,12.0,36.0,48.0,8.0,0.0,0.0,60
4782,50/50 BLEND,Fruits,12.0,2.35,0.0,5.88,4.7,0.0,76.0,65
4783,50/50 CORN + FLOUR CRISPS,Other,500.0,7.14,25.0,64.3,3.6,7.1,393.0,60
4784,50/60 CT IQF SCALLOPS,Other,71.0,12.4,0.44,3.54,0.0,0.0,389.0,60
4785,50/60 IQF PINK SHRIMP,Other,80.0,16.1,0.89,0.0,0.0,0.0,170.0,60
4786,50/60 IQF PUD SHRIMP,Other,107.0,20.5,1.79,0.89,0.0,0.0,143.0,60
4787,50/60 KILO HEAD/ON SHRIMP,Other,107.0,20.5,1.79,0.0,0.0,0.0,152.0,60
4788,50/60 S/ON WHITE SHRIMP,Other,74.0,15.9,0.88,0.0,0.0,0.0,168.0,60
4789,51% whole grain crust suffed with a blend of mozzarella and cheddar cheeses.,Dairy,254.0,14.3,9.52,30.2,3.2,1.6,492.0,60
4790,"51% whole grain crust with blueberry bits, stuffed with a creamy cheese and topped with cinnamon sugar.",Dairy,277.0,12.3,10.8,33.8,1.5,9.2,477.0,60
4791,51% WHOLE GRAIN PASTA EXTRA WIDE RIBBON,Grains,357.0,12.5,1.79,71.4,10.7,3.57,18.0,70
4792,51/60 EZ PEEL SHRIMP,Other,101.0,21.4,1.19,0.0,0.0,0.0,226.0,60
4793,51/70 CKD P&D T/ON SHRIMP,Other,98.0,17.9,1.79,0.0,0.0,0.0,143.0,60
4794,52/70 CPD T/OFF SHRIMP,Other,71.0,15.3,0.59,0.0,0.0,0.0,400.0,60
4795,5LB-UP W.G. RED GROUPER,Other,88.0,19.5,0.88,0.0,0.0,0.0,53.0,60
4796,5LB.-UP GROUPER LOINS,Other,88.0,19.5,0.88,0.0,0.0,0.0,62.0,60
4797,5LB/UP BLACK GROUPER LOIN,Other,89.0,19.6,0.89,0.0,0.0,0.0,54.0,60
4798,6 CHEESE TORTELLINI,Dairy,296.0,12.2,5.22,48.7,2.6,0.87,383.0,60
4799,6 CRACKER VARIETIES PERFECT FOR EVERY CHEESE BOARD,Dairy,457.0,9.2,16.9,64.9,4.2,6.9,,60
4800,6 ENGLISH MUFFINS,Other,213.0,11.5,2.46,37.7,4.9,0.0,295.0,70
4801,6 ENGLISH MUFFINS FORK SPLIT,Other,228.0,8.77,1.75,43.9,3.5,3.51,491.0,60
4802,"6 GRAIN HOT CEREAL, 6 GRAIN",Other,375.0,15.0,3.75,70.0,10.0,2.5,0.0,70
4803,"6 GRAIN PANCAKE & WAFFLE MIX, 6 GRAIN",Other,350.0,27.5,1.25,57.5,5.0,10.0,750.0,60
4804,6 HARD BOILED EGGS,Other,136.0,13.6,9.09,0.0,,,136.0,60
4805,6 OZ AHI TUNA STEAK,Other,107.0,24.1,0.45,0.0,0.0,0.0,45.0,60
4806,6 OZ CH C/C TENDER STK,Meat & Poultry,143.0,22.3,6.25,0.0,0.0,0.0,45.0,60
4807,6 OZ CHILEAN SEA BASS,Other,97.0,18.6,1.77,0.0,0.0,0.0,66.0,60
4808,6 OZ CO SWORDFISH STEAK,Seafood,142.0,19.5,7.08,0.0,0.0,0.0,80.0,60
4809,6 OZ COD LOINS,Other,80.0,17.9,0.89,0.0,0.0,0.0,54.0,60
4810,6 OZ HALIBUT PORTIONS,Other,89.0,18.8,1.34,0.0,0.0,0.0,67.0,60
4811,6 OZ IQF FLOUNDER FILLETS,Other,71.0,12.5,1.79,0.0,0.0,0.0,295.0,60
4812,6 OZ IQF SOLE FILLET,Other,71.0,12.5,1.79,0.0,0.0,0.0,295.0,60
4813,6 OZ LOBSTER TAILS,Other,116.0,20.5,1.34,2.68,0.0,0.0,179.0,60
4814,6 OZ LOBSTER TAILS,Other,116.0,20.5,1.34,2.68,0.0,0.0,179.0,60
4815,6 OZ LOBSTER TAILS,Other,116.0,20.5,1.34,2.68,0.0,0.0,179.0,60
4816,6 OZ LOBSTER TAILS,Other,116.0,20.5,1.34,2.68,0.0,0.0,179.0,60
4817,6 OZ LOBSTER TAILS,Other,116.0,20.5,1.34,2.68,0.0,0.0,179.0,60
4818,6 OZ LOBSTER TAILS,Other,116.0,20.5,1.34,2.68,0.0,0.0,179.0,60
4819,6 OZ LOBSTER TAILS,Other,116.0,20.5,1.34,2.68,0.0,0.0,179.0,60
4820,6 OZ LOBSTER TAILS,Other,116.0,20.5,1.34,2.68,0.0,0.0,179.0,60
4821,6 OZ LOBSTER TAILS,Other,115.0,20.4,1.33,2.65,0.0,0.0,177.0,60
4822,6 OZ MAHI-MAHI PORT,Other,89.0,18.8,0.89,0.0,0.0,0.0,89.0,60
4823,6 OZ NORG V/P SALMON PORT,Other,223.0,20.5,16.1,0.0,0.0,0.0,40.0,60
4824,6 OZ ROLLED STFD O/ROUGHY,Other,112.0,11.2,3.53,8.82,0.6,1.76,353.0,60
4825,6 OZ STUFFED TILAPIA,Other,112.0,13.5,2.65,7.65,0.6,1.76,347.0,60
4826,6 OZ SWORDFISH STEAK,Seafood,143.0,19.6,6.25,0.0,0.0,0.0,80.0,60
4827,6 OZ V/P CHUM SALMON POR,Other,116.0,20.5,3.57,0.0,0.0,0.0,49.0,60
4828,6 OZ V/P SALMON PORT.,Other,223.0,20.5,16.1,0.0,0.0,0.0,40.0,60
4829,6 OZ WAHOO PORTION,Other,170.0,19.6,8.93,0.0,0.0,0.0,80.0,60
4830,6 OZ Y/FIN TUNA STEAK,Other,107.0,24.1,0.0,0.0,0.0,0.0,45.0,60
4831,"6 SEED SUNFLOWER, SESAME, FLAX, PUMPKIN, CHIA & HEMP SEEDS CRACKERS, 6 SEED",Other,567.0,13.3,43.3,36.7,10.0,0.0,450.0,70
4832,6 TOMATOES BASIL WRAPS,Other,175.0,12.5,5.0,37.5,22.5,2.5,500.0,70
4833,"6"" WHOLE GRAIN RICH ROUND FLATBREAD",Grains,282.0,8.82,7.05,47.6,3.5,1.8,265.0,60
4834,"6"""" WHITE CORN TORTILLAS",Other,260.0,6.0,0.0,54.0,4.0,0.0,100.0,60
4835,"6"""" YELLOW CORN TORTILLAS",Other,214.0,5.36,1.79,44.6,3.6,0.0,0.0,60
4836,6-8 IPW CLEANED OCTOPUS,Other,80.0,15.2,0.89,2.68,0.0,0.0,232.0,60
4837,"6-LAYER OF REFRIED BEANS, GUACAMOLE, GARDEN SALSA, CREAMY SALSA, SOUR CREAM AND SHREDDED CHEDDAR CHEESE DIP, 6-LAYER",Dairy,117.0,3.33,8.33,10.0,3.3,3.33,500.0,60
4838,"6-LAYERS BEANS, GUACAMOLE, GARDEN SALSA, CREAMY SALSA, SOUR CREAM AND SHREDDED CHEDDAR CHEESE DIP, 6-LAYERS",Dairy,117.0,3.33,8.33,10.0,3.3,3.33,500.0,60
4839,"6.5/7.5OZ. """"F"""" LOB TAILS",Other,115.0,20.4,1.33,2.65,0.0,0.0,177.0,60
4840,6/7 OZ CAN LOBSTER TAILS,Other,80.0,17.0,0.89,0.0,0.0,0.0,429.0,60
4841,6/7 OZ CAN LOBSTER TAILS,Other,80.0,17.0,0.89,0.0,0.0,0.0,429.0,60
4842,6/7 OZ. CAN LOBSTER TAILS,Other,80.0,17.0,0.89,0.0,0.0,0.0,429.0,60
4843,6/8 CT IPW FROG LEGS,Meat & Poultry,71.0,16.1,0.0,0.0,0.0,0.0,58.0,60
4844,6/8 HEAD ON F/W SHRIMP,Other,71.0,16.1,0.89,0.0,0.0,0.0,170.0,60
4845,6/8 OZ CO COBIA PORTIONS,Other,89.0,18.8,0.89,0.0,0.0,0.0,134.0,60
4846,6/8 OZ CO SNAPPER FILLET,Other,98.0,20.5,1.34,0.0,0.0,0.0,62.0,60
4847,6/8 OZ CO SNAPPER PORTION,Other,98.0,20.5,1.34,0.0,0.0,0.0,62.0,60
4848,6/8 OZ CO V/P REDFISH,Seafood,116.0,17.0,4.46,0.89,0.0,0.0,58.0,60
4849,6/8 OZ CO V/P REDFISH,Seafood,116.0,17.0,4.46,0.89,0.0,0.0,58.0,60
4850,6/8 OZ CO V/P REDFISH,Seafood,116.0,17.0,4.46,0.89,0.0,0.0,58.0,60
4851,6/8 OZ GROUPER FILLETS,Other,88.0,19.5,0.88,0.0,0.0,0.0,53.0,60
4852,6/8 OZ GROUPER FILLETS,Other,88.0,19.5,0.88,0.0,0.0,0.0,53.0,60
4853,6/8 OZ GROUPER FILLETS,Other,88.0,19.5,0.88,0.0,0.0,0.0,53.0,60
4854,6/8 OZ H&G FLOUNDER,Other,71.0,12.5,1.79,0.0,0.0,0.0,295.0,60
4855,6/8 OZ HOGFISH FILLETS,Seafood,98.0,20.5,1.34,0.0,0.0,0.0,62.0,60
4856,6/8 OZ I/L SEA TROUT FIL,Other,152.0,20.5,6.25,0.0,0.0,0.0,54.0,60
4857,6/8 OZ I/L SEA TROUT FIL,Other,152.0,20.5,6.25,0.0,0.0,0.0,54.0,60
4858,6/8 OZ IQF HADDOCK FILLET,Other,71.0,16.1,0.0,0.0,0.0,0.0,214.0,60
4859,6/8 OZ MACKEREL STEAKS,Other,134.0,19.6,6.25,0.0,0.0,0.0,58.0,60
4860,6/8 OZ ORANGE ROUGHY FIL,Other,71.0,16.1,0.89,0.0,0.0,0.0,71.0,60
4861,6/8 OZ ROCK FISH FILLETS,Seafood,89.0,18.8,1.34,0.0,0.0,0.0,71.0,60
4862,6/8 OZ SNAPPER FILLET,Other,98.0,20.5,1.34,0.0,0.0,0.0,62.0,60
4863,6/8 OZ SNAPPER FILLET,Other,98.0,20.5,1.34,0.0,0.0,0.0,62.0,60
4864,6/8 OZ SNAPPER PORTIONS,Other,98.0,20.5,1.34,0.0,0.0,0.0,62.0,60
4865,6/8 OZ SNAPPER PORTIONS,Other,98.0,20.5,1.34,0.0,0.0,0.0,62.0,60
4866,6/8 OZ SPOTTED SEA TROUT,Other,152.0,20.5,6.25,0.0,0.0,0.0,54.0,60
4867,6/8 OZ WHITING FILLETS,Other,89.0,18.8,1.34,0.0,0.0,0.0,71.0,60
4868,6/8 OZ. CO SNAPPER FILLET,Other,98.0,20.5,1.34,0.0,0.0,0.0,62.0,60
4869,6/8OZ CO SNAPPER PORTION,Other,97.0,20.4,1.33,0.0,0.0,0.0,62.0,60
4870,6/9 CT S/P PERCH FILLETS,Other,91.0,19.1,1.36,0.0,0.0,0.0,73.0,60
4871,60% LESS SODIUM CLASSIC CUT POTATO CHIPS,Snacks & Sweets,500.0,7.14,32.1,60.7,3.6,0.0,161.0,60
4872,60/70 CKD P&D T/ON SHRIMP,Other,53.0,13.3,0.44,0.0,0.0,0.0,301.0,60
4873,60/70 CT IQF P&D SHRIMP,Other,98.0,17.9,1.79,0.0,0.0,0.0,143.0,60
4874,60/70 IQF PINK SHRIMP,Other,71.0,16.1,0.89,0.0,0.0,0.0,116.0,60
4875,60/70 P & D SHRIMP,Other,98.0,17.9,1.79,0.0,0.0,0.0,143.0,60
4876,60/70 P&D T/OFF SHRIMP,Other,71.0,17.7,0.88,0.88,0.0,0.0,416.0,60
4877,60/70 S/ON WHITE SHRIMP,Other,98.0,17.9,1.79,0.0,0.0,0.0,143.0,60
4878,60/80 CT IQF SCALLOPS,Other,71.0,12.4,0.44,3.54,0.0,0.0,389.0,60
4879,60/80 CT IQF SCALLOPS,Other,71.0,12.5,0.45,2.68,0.0,0.0,393.0,60
4880,60/80 CT IQF SCALLOPS,Other,71.0,12.4,0.44,3.54,0.0,0.0,389.0,60
4881,"621356 Zee Zees Roasted Chickpeas, Kettle Corn, 0.75oz",Snacks & Sweets,429.0,19.0,11.9,61.9,23.8,4.8,524.0,60
4882,647 ITALIAN KAISER ROLLS,Other,177.0,11.3,2.42,51.6,25.8,3.2,516.0,60
4883,647 LONG ROLLS,Other,160.0,8.0,2.0,46.0,18.0,4.0,380.0,60
4884,647 MULTIGRAIN BREAD,Grains,148.0,7.41,3.7,48.2,25.9,3.7,389.0,60
4885,647 ORIGINAL ENGLISH MUFFINS,Other,158.0,8.77,0.88,49.1,19.3,0.0,386.0,60
4886,647 PLAIN BAGELS,Other,170.0,8.51,1.06,53.2,21.3,3.2,457.0,60
4887,647 WHEAT BREAD,Grains,143.0,7.14,3.57,46.4,25.0,3.57,464.0,60
4888,"647, LONG ROLLS",Other,160.0,8.0,2.0,46.0,18.0,4.0,380.0,60
4889,"647, SANDWICH ROLLS",Other,160.0,8.0,2.0,46.0,18.0,4.0,380.0,60
4890,"65% LESS FAT BAKED BUFFALO CHICKEN SANDWICH FLAVORED POTATO CRISPS, BUFFALO; CHICKEN",Meat & Poultry,429.0,7.14,12.5,75.0,3.6,7.1,500.0,60
4891,65% LESS FAT BAKED ORIGINAL POTATO CRISPS,Snacks & Sweets,429.0,7.14,12.5,75.0,3.6,7.1,482.0,60
4892,6OZ CRABMEAT STUFFED SWAI,Seafood,118.0,12.4,3.53,8.82,0.6,1.76,359.0,60
4893,6OZ CUBED BEEF STEAK,Meat & Poultry,152.0,21.4,7.14,0.0,0.0,0.0,54.0,60
4894,"7 ANCIENT GRAINS CRACKERS WITH A HINT OF SEA SALT, HINT OF SEA SALT",Other,433.0,6.67,8.33,80.0,3.3,0.0,267.0,60
4895,"7 ANCIENT GRAINS RICE CRACKERS WITH SEA SALT, 7 ANCIENT GRAINS WITH SEA SALT",Grains,433.0,6.67,8.33,80.0,3.3,0.0,267.0,60
4896,"7 GRAIN & LENTIL BLEND, 7 GRAIN & LENTIL",Grains,179.0,2.86,4.29,29.3,4.3,0.0,250.0,60
4897,7 GRAIN BREAD,Grains,256.0,9.3,3.49,51.2,4.7,7.0,372.0,60
4898,"7 GRAIN BREAD, 7 GRAIN",Grains,259.0,11.1,3.7,44.4,2.8,3.7,296.0,60
4899,"7 GRAIN GLUTEN FREE BREAD, 7 GRAIN",Grains,250.0,5.56,4.17,50.0,5.6,5.56,389.0,60
4900,7 GRAIN HOT CEREAL,Other,341.0,14.6,3.66,68.3,14.6,2.44,0.0,70
4901,"7 GRAIN HOT CEREAL, 7 GRAIN",Other,372.0,14.0,3.49,74.4,14.0,0.0,0.0,70
4902,"7 GRAIN LIGHT STYLE BREAD, 7 GRAIN",Grains,228.0,12.3,1.75,47.4,7.0,5.3,509.0,60
4903,7 GRAIN LOAF,Other,295.0,9.09,5.68,52.3,4.5,4.55,477.0,60
4904,"7 GRAIN OLIVE OIL CROSTINI, 7 GRAIN OLIVE OIL",Other,300.0,13.3,3.33,60.0,6.7,6.67,567.0,60
4905,"7 GRAIN ORGANIC SPROUTED 100% WHOLE GRAIN BREAD, 7 GRAIN",Grains,214.0,10.7,0.0,35.7,7.1,0.0,321.0,70
4906,7 GRAIN PANCAKE & WAFFLE MIX,Other,350.0,17.5,2.5,67.5,12.5,2.5,750.0,60
4907,"7 GRAIN RICE STEAMABLES, 7 GRAIN",Grains,171.0,4.29,5.0,27.9,3.6,0.71,236.0,60
4908,"7 GRAIN STEAMABLES RICE, 7 GRAIN",Grains,171.0,4.29,5.0,27.9,3.6,0.0,236.0,60
4909,"7 GRAINS ENRICHED MACARONI PRODUCT, FUSILLI NO. 34, 7 GRAINS",Other,375.0,19.6,2.68,67.9,3.6,1.79,125.0,70
4910,7 LAYER BEAN DIP,Other,133.0,6.67,8.33,10.0,3.3,0.0,350.0,60
4911,7 LAYER BEAN DIP,Other,150.0,6.67,10.0,6.67,3.3,3.33,317.0,60
4912,7 LAYER BEAN DIP TRAY,Other,120.0,6.0,7.0,10.0,4.0,2.0,300.0,60
4913,"7 NUT & SEED BREAD, 7 NUT & SEED",Grains,344.0,12.5,21.9,25.0,12.5,0.0,562.0,60
4914,"7 NUT & SEED BUTTER, POWER FUEL CRUNCHY",Other,576.0,18.2,51.5,24.2,9.1,3.03,91.0,60
4915,7 OZ BRAZ LOBSTER TAIL,Other,116.0,20.5,1.34,2.68,0.0,0.0,179.0,60
4916,7 OZ COD LOINS,Other,80.0,17.9,0.89,0.0,0.0,0.0,54.0,60
4917,7 OZ IQF FLOUNDER FILLETS,Other,71.0,12.5,1.79,0.0,0.0,0.0,295.0,60
4918,7 OZ LOBSTER TAILS,Other,116.0,20.5,1.34,2.68,0.0,0.0,179.0,60
4919,7 OZ LOBSTER TAILS,Other,116.0,20.5,1.34,2.68,0.0,0.0,179.0,60
4920,7 OZ LOBSTER TAILS,Other,116.0,20.5,1.34,2.68,0.0,0.0,179.0,60
4921,7 OZ LOBSTER TAILS,Other,116.0,20.5,1.34,2.68,0.0,0.0,179.0,60
4922,7 OZ LOBSTER TAILS,Other,116.0,20.5,1.34,2.68,0.0,0.0,179.0,60
4923,7 OZ LOBSTER TAILS,Other,116.0,20.5,1.34,2.68,0.0,0.0,179.0,60
4924,7 OZ LOBSTER TAILS,Other,116.0,20.5,1.34,2.68,0.0,0.0,179.0,60
4925,"7 SEEDS & GRAINS ARTISAN STYLE BREAD, SEEDS & GRAINS",Grains,279.0,6.98,10.5,41.9,7.0,4.7,465.0,60
4926,"7 SEEDS & GRAINS HEARTY ARTISAN STYLE BREAD, 7 SEEDS & GRAINS",Grains,279.0,6.98,10.5,41.9,7.0,4.7,465.0,60
4927,"7 SEEDS & GRAINS ORGANIC ROLLED TORTILLA CHIPS, 7 SEEDS & GRAINS",Snacks & Sweets,500.0,7.14,32.1,50.0,7.1,3.57,429.0,60
4928,"7 SELECT, GO! SMART, MULTI-GRAIN CORN TORTILLA CHIPS",Snacks & Sweets,464.0,7.14,25.0,53.6,10.7,3.57,321.0,60
4929,"7 SELECT, RICE CRACKER MIX",Grains,387.0,6.45,0.0,87.1,3.2,6.45,419.0,60
4930,"7 SELECT, ROASTED & SALTED MIXED NUTS",Snacks & Sweets,630.0,18.5,55.6,22.2,7.4,3.7,500.0,60
4931,"7 SELECT, ROASTED & SALTED WHOLE CASHEWS",Snacks & Sweets,571.0,17.9,46.4,28.6,3.6,7.14,500.0,60
4932,7 SISTERS' ANTIQUE BEAN & BARLEY SOUP MIX,Other,342.0,18.4,1.32,65.8,18.4,2.63,711.0,60
4933,"7 SPROUTED GRAINS BREAD, 7 SPROUTED GRAINS",Grains,281.0,12.5,3.12,46.9,9.4,6.2,438.0,70
4934,"7 SPROUTED RAISIN WHEAT WHOLEGRAIN BREAD, 7 SPROUTED RAISIN WHEAT",Grains,250.0,13.9,2.78,47.2,8.3,5.6,472.0,70
4935,"7 SPROUTED REDUCED SODIUM WHOLE GRAIN BREAD, 7 SPROUTED",Grains,250.0,13.9,2.78,47.2,8.3,5.6,236.0,70
4936,"7 SPROUTED RYE WHOLE GRAIN BREAD, 7 SPROUTED RYE WHOLEGRAIN",Grains,250.0,13.9,2.78,44.4,8.3,5.6,500.0,70
4937,"7 SPROUTED RYE WHOLEGRAIN BREAD, 7 SPROUTED RYE",Grains,250.0,13.9,2.78,44.4,8.3,5.6,444.0,70
4938,7 SPROUTED WHEAT WHOLE GRAIN BREAD,Grains,250.0,13.9,2.78,47.2,8.3,5.6,472.0,70
4939,"7 SPROUTED WHEAT WHOLE GRAIN BREAD, 7 SPROUTED WHEAT",Grains,250.0,13.9,2.78,47.2,8.3,5.6,500.0,70
4940,"7 SPROUTED WHOLE GRAIN BREAD, 7 SPROUTED",Grains,250.0,13.9,2.78,47.2,8.3,5.6,500.0,70
4941,"7 SPROUTED WHOLE GRAIN BREAD, 7 SPROUTED",Grains,250.0,13.9,2.78,47.2,8.3,5.6,69.0,70
4942,"7 SPROUTED WHOLE GRAIN BREAD, 7 SPROUTED WHOLE GRAIN",Grains,250.0,13.9,2.78,47.2,8.3,5.6,472.0,70
4943,"7 SPROUTED WHOLE GRAIN REDUCED SODIUM BREAD, 7 SPROUTED WHOLE GRAIN",Grains,250.0,13.9,2.78,47.2,8.3,5.6,278.0,70
4944,7 SPROUTED WHOLE GRAIN WRAPS,Other,279.0,11.6,5.81,51.2,9.3,4.7,581.0,60
4945,"7 SPROUTED WHOLE GRAIN WRAPS, 7 SPROUTED",Other,302.0,11.6,5.81,53.5,11.6,4.7,558.0,60
4946,"7 SPROUTED WHOLE GRAINS BURGER BUNS, 7 SPROUTED WHOLE GRAINS",Other,246.0,12.3,6.14,43.9,8.8,3.5,509.0,60
4947,"7 SPROUTED WHOLE GRAINS HOT DOG BUNS, 7 SPROUTED WHOLE GRAINS",Other,246.0,12.3,6.14,43.9,8.8,3.5,509.0,60
4948,7 SPROUTED WHOLE GRAINS RYE BREAD,Grains,214.0,14.3,3.57,39.3,10.7,3.6,429.0,70
4949,"7"" cheese filled breadsticks, 3 oz, CN",Dairy,247.0,10.6,8.24,32.9,3.5,1.18,435.0,70
4950,7-GRAIN BREAD,Grains,214.0,10.7,0.0,39.3,7.1,3.57,0.0,70
4951,"7-GRAIN FLATBREAD PIZZA CRUST, 7-GRAIN",Grains,240.0,12.0,5.0,46.0,10.0,2.0,400.0,70
4952,7-GRAIN HAMBURGER BUNS,Other,228.0,10.5,4.39,38.6,5.3,5.26,491.0,70
4953,"7-GRAIN POCKET BREAD, 7-GRAIN",Grains,234.0,8.51,2.13,48.9,6.4,0.0,223.0,60
4954,"7-GRAIN SPROUTED GRAIN SLICED BREAD, 7-GRAIN",Grains,250.0,11.1,4.17,41.7,8.3,2.78,472.0,75
4955,"7-GRAIN SPROUTED MASH HOT DOG BUNS, 7-GRAIN",Other,228.0,10.5,4.39,38.6,5.3,5.26,491.0,70
4956,"7-GRAIN SPROUTED WHOLE GRAIN BREAD, 7-GRAIN",Grains,233.0,11.6,1.16,46.5,9.3,4.7,628.0,60
4957,"7-SPROUTED GRAINS FLOURLESS SPROUTED GRAIN BREAD, 7-SPROUTED GRAINS",Grains,235.0,11.8,1.47,44.1,8.8,0.0,235.0,70
4958,"7-SPROUTED GRAINS FLOURLESS SPROUTED WHOLE GRAIN ENGLISH MUFFINS, 7-SPROUTED GRAINS",Other,21.0,10.5,2.63,42.1,7.9,0.0,211.0,70
4959,7/8 OZ CAN LOBSTER TAIL,Other,89.0,19.0,1.19,0.0,0.0,0.0,488.0,60
4960,7/8 OZ CAN LOBSTER TAILS,Other,80.0,17.0,0.89,0.0,0.0,0.0,429.0,60
4961,7/8 OZ. CAN LOBSTER TAILS,Other,80.0,17.0,0.89,0.0,0.0,0.0,429.0,60
4962,7/9 FARM H&G CATFISH,Seafood,116.0,15.2,6.25,0.0,0.0,0.0,98.0,60
4963,7/9 IQF TILAPIA FILLETS,Other,130.0,28.3,1.77,0.0,0.0,0.0,53.0,60
4964,7/9 OZ BARRAMUNDI FILLET,Other,89.0,17.9,2.98,0.0,0.0,0.0,36.0,60
4965,7/9 OZ CATFISH FILLET,Seafood,119.0,15.0,6.19,0.0,0.0,0.0,97.0,60
4966,7/9 OZ CATFISH FILLET,Seafood,116.0,15.2,6.25,0.0,0.0,0.0,98.0,60
4967,7/9 OZ CATFISH SHANK FIL,Seafood,116.0,15.2,6.25,0.0,0.0,0.0,98.0,60
4968,7/9 OZ COBIA PORTIONS,Other,89.0,18.8,0.89,0.0,0.0,0.0,134.0,60
4969,7/9 OZ DEEP SKIN TILAPIA,Other,88.0,18.6,0.88,0.0,0.0,0.0,35.0,65
4970,7/9 OZ IQF TILAPIA FILLET,Other,133.0,28.3,1.77,0.0,0.0,0.0,53.0,60
4971,7/9 OZ PANGASIUS FILLETS,Other,119.0,17.9,5.36,0.0,0.0,0.0,30.0,60
4972,7/9 OZ S/P SWAI FILLETS,Other,88.0,18.8,0.89,0.0,0.0,0.0,98.0,60
4973,7/9 OZ SWAI,Other,88.0,18.8,0.89,0.0,0.0,0.0,98.0,60
4974,7/9 OZ SWAI FILLETS,Other,54.0,10.7,1.79,0.0,0.0,0.0,438.0,60
4975,7/9 OZ V/P TILAPIA FILLET,Other,89.0,18.8,1.34,0.0,0.0,0.0,40.0,60
4976,70-80% PROTEIN VITAL WHEAT GLUTEN FLOUR,Other,400.0,76.7,3.33,13.3,0.0,0.0,67.0,60
4977,70/90 C.P.TAIL/OFF SHRIMP,Other,118.0,24.7,1.76,0.0,0.0,0.0,282.0,60
4978,70/90 GULF PUD SHRIMP,Other,107.0,20.5,1.79,0.89,0.0,0.0,143.0,60
4979,70/90 P&D SHRIMP,Other,98.0,17.9,1.79,0.0,0.0,0.0,143.0,60
4980,70/90 PLD ROCK SHRIMP MT.,Other,106.0,20.4,1.77,0.88,0.0,0.0,150.0,60
4981,"70513 WG Tky Breast, Tky Ham & Chs Wedge Sandwich",Other,194.0,14.8,6.99,21.7,1.6,4.66,365.0,60
4982,73 % LEAN 7% FAT 100% GRASS FED & FINISHED GROUND BEEF,Meat & Poultry,150.0,21.2,7.08,0.0,0.0,0.0,66.0,60
4983,"7G. PROTEIN BAR, CHOCOLATE CHIP",Snacks & Sweets,424.0,21.2,18.2,42.4,9.1,24.2,212.0,60
4984,"7G. PROTEIN BAR, PEANUT BUTTER CHOCOLATE",Snacks & Sweets,394.0,21.2,15.2,45.4,12.1,27.3,197.0,60
4985,"7G. PROTEIN BAR, PEANUT BUTTER CHOCOLATE",Snacks & Sweets,394.0,21.2,15.2,45.4,12.1,0.0,197.0,70
4986,7LB/UP MAHI-MAHI LOINS,Other,89.0,18.8,0.89,0.0,0.0,0.0,89.0,60
4987,"8 GRAIN BREAD, 8 GRAIN",Grains,235.0,11.8,2.94,47.1,5.9,8.8,309.0,70
4988,8 GRAIN HOT CEREAL,Other,366.0,12.2,6.1,70.7,7.3,0.0,0.0,70
4989,"8 GRAIN HOT CEREAL, 8 GRAIN",Other,375.0,12.5,5.0,70.0,7.5,2.5,0.0,70
4990,8 HAM CROQUETTES,Other,191.0,10.3,8.82,19.1,4.4,2.94,485.0,70
4991,"8 HAMBURGER BUNS, 100% WHOLE WHEAT",Other,245.0,11.3,3.77,45.3,7.5,3.8,358.0,70
4992,8 HONEY & OAT BRAIN BURGER BUNS,Other,261.0,10.9,5.43,43.5,4.3,8.7,435.0,70
4993,"8 OZ """"J"""" LOBSTER TAILS",Other,116.0,20.5,1.34,2.68,0.0,0.0,179.0,60
4994,"8 OZ """"J"""" LOBSTER TAILS",Other,116.0,20.5,1.34,2.68,0.0,0.0,179.0,60
4995,8 OZ AHI TUNA STEAK,Other,107.0,24.1,0.45,0.0,0.0,0.0,45.0,60
4996,8 OZ BRAZ LOBSTER TAIL,Other,115.0,20.4,1.33,2.65,0.0,0.0,177.0,60
4997,8 OZ CAB B/BALL TOP BUTT,Meat & Poultry,152.0,22.3,6.25,0.0,0.0,0.0,46.0,60
4998,8 OZ CAB PRIME TENDERLN,Meat & Poultry,142.0,22.1,6.19,0.0,0.0,0.0,44.0,60
4999,8 OZ CH D/NUD TOP BUTT,Meat & Poultry,152.0,22.3,6.25,0.0,0.0,0.0,46.0,60
5000,8 OZ CH L/ON RIBEYE STK,Meat & Poultry,188.0,19.6,11.6,0.0,0.0,0.0,89.0,60
5001,8 OZ CHILEAN SEA BASS,Other,97.0,18.6,1.77,0.0,0.0,0.0,66.0,60
5002,8 OZ CO SWORDFISH STEAK,Seafood,142.0,19.5,7.08,0.0,0.0,0.0,80.0,60
5003,8 OZ COD LOINS,Other,80.0,17.9,0.89,0.0,0.0,0.0,54.0,60
5004,8 OZ CUBED BEEF STK,Meat & Poultry,152.0,21.4,7.14,0.0,0.0,0.0,54.0,60
5005,8 OZ EL CASINO STFD FLDR,Other,124.0,16.4,2.65,7.52,0.7,1.77,385.0,60
5006,8 OZ HALIBUT PORTIONS,Other,89.0,18.8,1.34,0.0,0.0,0.0,67.0,60
5007,8 OZ IQF FLOUNDER FILLETS,Other,71.0,12.5,1.79,0.0,0.0,0.0,295.0,60
5008,8 OZ IQF FLOUNDER FILLETS,Other,71.0,12.5,1.79,0.0,0.0,0.0,295.0,60
5009,8 OZ IQF SOLE FILLET,Other,71.0,12.5,1.79,0.0,0.0,0.0,295.0,60
5010,8 OZ LOBSTER TAILS,Other,116.0,20.5,1.34,2.68,0.0,0.0,179.0,60
5011,8 OZ LOBSTER TAILS,Other,116.0,20.5,1.34,2.68,0.0,0.0,179.0,60
5012,8 OZ LOBSTER TAILS,Other,116.0,20.5,1.34,2.68,0.0,0.0,179.0,60
5013,8 OZ LOBSTER TAILS,Other,116.0,20.5,1.34,2.68,0.0,0.0,179.0,60
5014,8 OZ LOBSTER TAILS,Other,116.0,20.5,1.34,2.68,0.0,0.0,179.0,60
5015,8 OZ LOBSTER TAILS,Other,116.0,20.5,1.34,2.68,0.0,0.0,179.0,60
5016,8 OZ MAHI-MAHI PORT,Other,89.0,18.8,0.89,0.0,0.0,0.0,89.0,60
5017,8 OZ NORG V/P SALMON PORT,Other,223.0,20.5,16.1,0.0,0.0,0.0,40.0,60
5018,8 OZ STRIP STK CHOICE,Meat & Poultry,217.0,32.7,7.96,0.0,0.0,0.0,66.0,60
5019,8 OZ SWORDFISH STEAK,Seafood,143.0,19.6,7.14,0.0,0.0,0.0,80.0,60
5020,8 OZ SWORDFISH STEAKS,Seafood,143.0,19.6,6.25,0.0,0.0,0.0,80.0,60
5021,8 OZ V/P CHUM SALMON POR,Other,116.0,20.5,3.57,0.0,0.0,0.0,49.0,60
5022,8 OZ V/P SALMON PORT,Other,223.0,20.5,16.1,0.0,0.0,0.0,40.0,60
5023,8 OZ V/P SALMON PORTIONS,Other,223.0,20.5,16.1,0.0,0.0,0.0,40.0,60
5024,8 OZ WAHOO PORTION,Other,170.0,19.6,8.93,0.0,0.0,0.0,80.0,60
5025,8 OZ Y/FIN TUNA STEAK,Other,107.0,24.1,0.0,0.0,0.0,0.0,45.0,60
5026,8 OZ. COD LOINS,Other,75.0,17.7,0.44,0.0,0.0,0.0,53.0,60
5027,8 OZ/UP ORANGE ROUGHY FIL,Other,71.0,16.1,0.89,0.0,0.0,0.0,71.0,60
5028,8 PIECE CUT UP WHOLE CHICKEN,Meat & Poultry,188.0,19.6,11.6,0.0,,,62.0,60
5029,"8 PRE-SLICED SLIM BUNS, EIGHT GRAIN",Other,209.0,9.3,2.33,46.5,11.6,4.65,349.0,60
5030,8 SPAGHETTI PASTA,Grains,351.0,12.3,1.75,70.2,2.8,2.98,0.0,60
5031,8 TURKEY SAUSAGE PATTIES,Other,196.0,28.6,8.93,0.0,0.0,0.0,482.0,60
5032,8 WHEAT HAMBURGER BUNS,Other,235.0,10.6,2.94,43.5,4.7,4.7,424.0,70
5033,8 WHITE HOT DOG BUNS,Other,186.0,9.3,1.16,44.2,9.3,6.98,488.0,60
5034,8 WHITE SANDWICH BUNS,Other,186.0,9.3,1.16,44.2,9.3,6.98,488.0,60
5035,8 WHOLE GRAINS MULTIGRAIN WAFFLES,Other,213.0,6.67,6.67,38.7,5.3,4.0,387.0,60
5036,"8"" WHOLE WHEAT TORTILLAS",Other,289.0,8.89,4.44,55.6,6.7,6.7,333.0,60
5037,8-10 COUNT ARTICHOKE HEARTS,Vegetables,33.0,0.0,0.0,6.67,3.3,0.0,350.0,60
5038,8-10oz BPO Whitefish Fillets IQF 13760,Seafood,127.0,18.3,5.45,0.0,0.0,0.0,126.0,60
5039,8-LAYER FIBER MATRIX POWDER,Other,250.0,35.0,5.0,55.0,55.0,0.0,350.0,70
5040,8/10 OCTOPUS,Other,80.0,15.2,0.89,2.68,0.0,0.0,232.0,60
5041,"8/10 OZ """"D"""" LOB TAIL",Other,116.0,20.5,1.34,2.68,0.0,0.0,179.0,60
5042,8/10 OZ CAN LOBSTER TAILS,Other,89.0,19.0,1.19,0.0,0.0,0.0,488.0,60
5043,8/10 OZ CAN LOBSTER TAILS,Other,80.0,17.0,0.89,0.0,0.0,0.0,429.0,60
5044,8/10 OZ CO SNAPPER FILLET,Other,98.0,20.5,1.34,0.0,0.0,0.0,62.0,60
5045,8/10 OZ CO SNAPPER FILLET,Other,98.0,20.5,1.34,0.0,0.0,0.0,62.0,60
5046,8/10 OZ CO V/P REDFISH,Seafood,116.0,17.0,4.46,0.89,0.0,0.0,58.0,60
5047,8/10 OZ CO V/P REDFISH,Seafood,116.0,17.0,4.46,0.89,0.0,0.0,58.0,60
5048,8/10 OZ CO V/P REDFISH,Seafood,116.0,17.0,4.46,0.89,0.0,0.0,58.0,60
5049,8/10 OZ CO V/P REDFISH,Seafood,116.0,17.0,4.46,0.89,0.0,0.0,58.0,60
5050,8/10 OZ COBIA PORTIONS,Other,89.0,18.8,0.89,0.0,0.0,0.0,134.0,60
5051,8/10 OZ COD FILLET,Other,80.0,17.9,0.89,0.0,0.0,0.0,54.0,60
5052,8/10 OZ GROUPER FILLETS,Other,88.0,19.5,0.88,0.0,0.0,0.0,62.0,60
5053,8/10 OZ GROUPER FILLETS,Other,88.0,19.5,0.88,0.0,0.0,0.0,53.0,60
5054,8/10 OZ GROUPER FILLETS,Other,88.0,19.5,0.88,0.0,0.0,0.0,53.0,60
5055,8/10 OZ H&G FLOUNDER,Other,71.0,12.5,1.79,0.0,0.0,0.0,295.0,60
5056,8/10 OZ HADDOCK FIL S/PK,Other,71.0,16.1,0.0,0.0,0.0,0.0,214.0,60
5057,8/10 OZ IQF HADDOCK FIL,Other,71.0,16.1,0.0,0.0,0.0,0.0,214.0,60
5058,8/10 OZ MACKEREL STEAKS,Other,107.0,19.6,1.79,0.0,0.0,0.0,161.0,60
5059,8/10 OZ SNAPPER FILLET,Other,97.0,20.4,1.33,0.0,0.0,0.0,62.0,60
5060,8/10 OZ SNAPPER FILLET,Other,97.0,20.4,1.33,0.0,0.0,0.0,62.0,60
5061,8/10 OZ SNAPPER PORTIONS,Other,97.0,20.4,1.33,0.0,0.0,0.0,62.0,60
5062,8/10 OZ SNAPPER PORTIONS,Other,98.0,20.5,1.34,0.0,0.0,0.0,62.0,60
5063,8/10 OZ SPOTTED SEA TROUT,Other,152.0,20.5,6.25,0.0,0.0,0.0,54.0,60
5064,8/10OZ CO SNAPPER PORTION,Other,98.0,20.5,1.34,0.0,0.0,0.0,62.0,60
5065,8/10OZ. CAN LOBSTER TAILS,Other,80.0,17.0,0.89,0.0,0.0,0.0,429.0,60
5066,8/12 CT IPW FROG LEGS,Meat & Poultry,58.0,12.5,0.45,0.0,0.0,0.0,45.0,60
5067,8/12 CT PERCH FILLET,Other,80.0,15.0,1.33,0.0,0.0,0.0,283.0,60
5068,8/16 IQF H&G CROAKER,Other,107.0,17.9,3.12,0.0,0.0,0.0,58.0,60
5069,8/16 OZ COD FILLETS,Other,80.0,17.9,0.89,0.0,0.0,0.0,54.0,60
5070,8/16 OZ HADDOCK FILLETS,Other,71.0,16.1,0.0,0.0,0.0,0.0,214.0,60
5071,8/16 OZ IQF A/T FLNDR FIL,Other,71.0,12.5,1.79,0.0,0.0,0.0,295.0,60
5072,8/2.5 lb Whole Grain Corn Masa Nacho Lil Bites,Other,281.0,13.2,12.3,29.8,3.5,0.0,482.0,70
5073,8/50 count bags Breaded Italian Mozzarella Sticks,Grains,277.0,13.1,12.4,29.9,3.6,0.7,423.0,60
5074,8/50ct Whole Grain Reduced Sodium Breaded Mozzarella Sticks,Grains,285.0,16.2,12.3,28.5,3.1,0.8,362.0,70
5075,8/UP OZ ROCK FISH FILLET,Seafood,89.0,17.9,1.34,0.0,0.0,0.0,71.0,60
5076,80% LEAN 20% FAT FRESH GROUND PORK,Meat & Poultry,224.0,25.9,14.1,0.0,0.0,0.0,259.0,65
5077,80% LEAN/20% FAT GROUND TURKEY,Other,214.0,12.5,17.9,0.89,,,71.0,60
5078,80% LEAN/20% FAT GROUND TURKEY,Other,214.0,12.5,17.9,0.89,,,71.0,60
5079,80/100 CRAWFISH MEAT F/ON,Seafood,82.0,17.6,1.18,0.0,0.0,0.0,188.0,60
5080,80/100 CT IQF SCALLOPS,Other,71.0,12.4,0.44,3.54,0.0,0.0,389.0,60
5081,80/120 CT IQF SCALLOPS,Other,71.0,12.4,0.44,3.54,0.0,0.0,389.0,60
5082,81/120 CT IQF SCALLOPS,Other,71.0,12.4,0.44,3.54,0.0,0.0,159.0,60
5083,85% C DARK CHOCOLATE,Other,567.0,13.3,46.7,36.7,13.3,13.3,33.0,60
5084,"85% CACAO EXTRA DARK CHOCOLATE, EXTRA DARK",Other,658.0,10.5,50.0,39.5,15.8,10.5,0.0,60
5085,85% CACAO PREMIUM BELGIAN EXTRA DARK CHOCOLATE,Other,560.0,12.0,48.0,36.0,16.0,12.0,0.0,60
5086,"85% COCOA BELGIAN DARK CHOCOLATE, 85% COCOA",Other,536.0,10.7,46.4,35.7,14.3,14.3,0.0,60
5087,85% COCOA DARK CHOCOLATE,Other,567.0,13.3,46.7,36.7,13.3,13.3,33.0,60
5088,85% LEAN / 15% FAT BISON GROUND,Meat & Poultry,214.0,18.8,15.2,0.0,0.0,0.0,49.0,60
5089,"85% Lean / 15% Fat Ground Turkey Tray, Fresh, 1.25 lbs.",Meat & Poultry,214.0,18.8,15.2,0.0,0.0,0.0,103.0,60
5090,"85% Lean / 15% Fat Ground Turkey Tray, Fresh, 1.3 lbs.",Meat & Poultry,214.0,18.8,15.2,0.0,0.0,0.0,103.0,60
5091,85% LEAN 15% FAT BISON,Meat & Poultry,214.0,18.8,15.2,0.0,0.0,0.0,49.0,60
5092,85% LEAN 15% FAT FRESH GROUND TURKEY,Other,205.0,17.0,15.2,0.0,,,71.0,60
5093,85% LEAN 15% FAT FRESH GROUND TURKEY,Other,179.0,17.0,13.4,0.0,0.0,0.0,80.0,60
5094,85% LEAN 15% FAT FRESH GROUND TURKEY,Other,205.0,17.0,15.2,0.0,,,71.0,60
5095,85% LEAN 15% FAT FROZEN GROUND TURKEY,Other,205.0,17.0,15.2,0.0,,,71.0,60
5096,85% LEAN 15% FAT GROUND TURKEY,Other,205.0,17.0,15.2,0.0,,,71.0,60
5097,85% LEAN 15% FAT GROUND TURKEY,Other,214.0,18.8,15.2,0.0,0.0,0.0,103.0,60
5098,85% LEAN 15% FAT GROUND TURKEY,Other,170.0,17.0,13.4,0.0,0.0,0.0,85.0,60
5099,85% LEAN 15% FAT GROUND TURKEY,Other,205.0,17.0,15.2,0.0,,,71.0,60
5100,85% LEAN 15% FAT GROUND TURKEY,Other,214.0,18.8,15.2,0.0,0.0,0.0,103.0,60
5101,85% LEAN GOUND TURKEY,Other,179.0,17.0,12.5,0.0,0.0,0.0,54.0,60
5102,85% LEAN GROUND TURKEY,Other,214.0,18.8,15.2,0.0,0.0,0.0,103.0,60
5103,85% LEAN GROUND TURKEY,Other,214.0,18.8,15.2,0.0,0.0,0.0,103.0,60
5104,85% LEAN GROUND TURKEY,Other,214.0,18.8,15.2,0.0,0.0,0.0,103.0,60
5105,85% LEAN GROUND TURKEY,Other,214.0,18.8,15.2,0.0,0.0,0.0,103.0,60
5106,85% LEAN | 15% FAT GROUND TURKEY,Other,196.0,17.0,15.2,0.0,0.0,0.0,85.0,60
5107,85% LEAN | 15% FAT GROUND TURKEY,Other,161.0,17.0,13.4,0.0,0.0,0.0,85.0,60
5108,85% LEAN | 15% FAT GROUND TURKEY,Other,196.0,17.0,15.2,0.0,0.0,0.0,85.0,60
5109,85% LEAN | 15% FAT GROUND TURKEY,Other,196.0,17.0,15.2,0.0,0.0,0.0,85.0,60
5110,85% LEAN | 15% FAT GROUND TURKEY,Other,170.0,15.2,11.6,0.0,0.0,0.0,76.0,60
5111,"85% LEAN, 15% FAT GROUND TURKEY",Other,205.0,17.0,15.2,0.0,,,71.0,60
5112,85% LEAN/15% FAT 100% GRASS FED ANGUS GROUND BEEF,Meat & Poultry,161.0,17.9,9.82,0.0,0.0,0.0,54.0,60
5113,85% LEAN/15% FAT 100% GRASS FED ANGUS GROUND BEEF,Meat & Poultry,161.0,17.9,9.82,0.0,0.0,0.0,54.0,60
5114,85% LEAN/15% FAT 100% GRASS FED ANGUS GROUND BEEF COARSE GRIND,Meat & Poultry,161.0,17.9,9.82,0.0,0.0,0.0,54.0,60
5115,85% LEAN/15% FAT FRESH GROUND TURKEY,Other,214.0,18.8,15.2,0.0,0.0,0.0,103.0,60
5116,85% LEAN/15% FAT FRESH GROUND TURKEY,Other,214.0,18.8,15.2,0.0,0.0,0.0,103.0,60
5117,85% LEAN/15% FAT GROUND BEEF,Meat & Poultry,232.0,28.6,12.5,0.0,0.0,0.0,89.0,60
5118,85% LEAN/15% FAT GROUND BEEF,Meat & Poultry,230.0,28.3,12.4,0.0,0.0,0.0,88.0,60
5119,85% LEAN/15% FAT GROUND TURKEY,Other,205.0,17.0,15.2,0.0,0.0,0.0,71.0,60
5120,85% LEAN/15% FAT GROUND TURKEY,Other,205.0,17.0,15.2,0.0,0.0,0.0,71.0,60
5121,85% LEAN/15% FAT GROUND TURKEY,Other,196.0,17.9,15.2,0.0,0.0,0.0,76.0,60
5122,85% LEAN/15% FAT GROUND TURKEY,Other,196.0,17.0,15.2,0.0,0.0,0.0,85.0,60
5123,85% LEAN/15% FAT GROUND TURKEY,Other,107.0,21.4,2.68,0.0,0.0,0.0,125.0,60
5124,85% SMOOTH GOURMET DARK CHOCOLATE,Other,536.0,10.7,46.4,35.7,14.3,14.3,0.0,60
5125,86 PENNE RIGATE PASTA,Grains,351.0,12.3,1.75,70.2,2.8,2.98,0.0,60
5126,8CT WHEAT HAMBURGER BUNS,Other,306.0,11.3,5.65,53.2,4.8,3.23,468.0,70
5127,8OZ UNIFORM SALMON PORT,Other,204.0,20.4,13.3,0.0,0.0,0.0,58.0,60
5128,8OZ.STFD O/ROUGHY SUPREME,Other,115.0,10.6,3.54,9.29,0.4,1.77,385.0,60
5129,"8PC CHEF'S ASSORTED NIGIRI WR, CHEF'S ASSORTED",Other,158.0,10.7,2.55,23.0,0.0,4.59,321.0,60
5130,9 GRAIN WITH CHIA 8 LOW-IN-CARB WRAPS,Other,150.0,12.5,5.0,30.0,17.5,2.5,162.0,70
5131,"9 GRAIN WITH FLAX & FIBER HEALTHFULL THINS ROLLS, 9 GRAIN WITH FLAX & FIBER",Other,233.0,9.3,2.33,46.5,11.6,2.33,442.0,60
5132,9 OZ CH C/C STRIP STEAKS,Meat & Poultry,152.0,23.2,6.25,0.0,0.0,0.0,58.0,60
5133,9 OZ LOBSTER TAILS,Other,116.0,20.5,1.34,2.68,0.0,0.0,179.0,60
5134,9 OZ LOBSTER TAILS,Other,116.0,20.5,1.34,2.68,0.0,0.0,179.0,60
5135,9 OZ LOBSTER TAILS,Other,116.0,20.5,1.34,2.68,0.0,0.0,179.0,60
5136,9 OZ LOBSTER TAILS,Other,116.0,20.5,1.34,2.68,0.0,0.0,179.0,60
5137,9 OZ LOBSTER TAILS,Other,116.0,20.5,1.34,2.68,0.0,0.0,179.0,60
5138,9 OZ LOBSTER TAILS,Other,115.0,20.4,1.33,2.65,0.0,0.0,177.0,60
5139,9 OZ LOBSTER TAILS,Other,116.0,20.5,1.34,2.68,0.0,0.0,179.0,60
5140,9 OZ/UP IQF FLOUNDER FILL,Other,71.0,12.5,1.79,0.0,0.0,0.0,295.0,60
5141,9 SPAGHETTINI PASTA,Grains,351.0,12.3,1.75,70.2,2.8,2.98,0.0,60
5142,"9-GRAIN HOMEMADE NOODLES, 9-GRAIN",Other,357.0,16.1,3.57,71.4,12.5,3.57,36.0,70
5143,9.00OZ TOSTITOS BLUE CORN RSTC,Snacks & Sweets,500.0,7.14,21.4,67.9,3.6,0.0,286.0,60
5144,9/11 OZ SWAI,Other,89.0,18.8,0.89,0.0,0.0,0.0,98.0,60
5145,9/11 OZ SWAI FILLETS,Other,54.0,10.7,1.79,0.0,0.0,0.0,438.0,60
5146,9/12OZ RIBEYE CAB BNLS,Meat & Poultry,186.0,19.5,11.5,0.0,0.0,0.0,88.0,60
5147,90 SECOND WHOLE GRAIN QUINOA,Other,172.0,6.17,4.41,29.5,3.1,0.0,317.0,60
5148,90% COCOA DARK CHOCOLATE,Other,667.0,13.3,53.3,30.0,16.7,6.7,17.0,60
5149,90% COCOA DARK CHOCOLATE,Other,667.0,13.3,53.3,30.0,16.7,6.7,17.0,60
5150,90% LEAN - 10% FAT GROUND SIRLOIN BEEF PATTIES,Meat & Poultry,176.0,21.8,9.86,0.0,0.0,0.0,53.0,60
5151,90% LEAN / 10% FAT 100% GRASS FED GROUND BEEF PATTIES,Meat & Poultry,179.0,20.5,9.82,0.0,0.0,0.0,67.0,60
5152,90% LEAN / 10% FAT BISON PATTIES,Meat & Poultry,166.0,19.2,9.93,0.0,0.0,0.0,60.0,60
5153,90% LEAN 10% FAT CALIFORNIA RAISED GROUND BEEF PATTIES,Meat & Poultry,179.0,19.9,9.93,0.0,0.0,0.0,66.0,60
5154,90% LEAN 10% FAT FRESH GROUND TURKEY,Other,170.0,17.9,9.82,0.0,,,71.0,60
5155,90% LEAN 10% FAT FRESH GROUND TURKEY,Other,170.0,17.9,9.82,0.0,,,71.0,60
5156,90% LEAN 10% FAT GRASS-FED GROUND BEEF,Meat & Poultry,179.0,19.6,9.82,0.0,0.0,0.0,67.0,60
5157,90% LEAN 10% FAT GROUND BEEF,Meat & Poultry,179.0,19.6,9.82,0.0,,,67.0,60
5158,90% LEAN 10% FAT GROUND BEEF,Meat & Poultry,179.0,19.6,9.82,0.0,,,67.0,60
5159,90% LEAN 10% FAT GROUND GROUND TURKEY,Other,170.0,18.8,9.82,0.0,0.0,0.0,67.0,60
5160,90% LEAN 10% FAT GROUND TURKEY,Other,170.0,18.8,9.82,0.0,0.0,0.0,67.0,60
5161,90% LEAN 10% FAT ORGANIC PASTURE-RAISED GROUND BEEF,Meat & Poultry,179.0,19.6,9.82,0.0,0.0,0.0,67.0,60
5162,90% LEAN 100% GRASS FED GROUND BEEF,Meat & Poultry,177.0,21.4,10.1,0.0,0.0,0.0,67.0,60
5163,"90% LEAN | 10% FAT BISON PATTIES, BISON",Other,177.0,19.5,9.73,0.0,0.0,0.0,58.0,60
5164,90% LEAN | 10% FAT GROUND BEEF,Meat & Poultry,174.0,19.8,9.91,0.0,0.0,0.0,65.0,60
5165,90% LEAN | 10% FAT GROUND BISON,Meat & Poultry,179.0,19.6,9.82,0.0,0.0,0.0,58.0,60
5166,90% LEAN | 10% FAT GROUND TURKEY,Other,143.0,17.9,9.82,0.0,0.0,0.0,85.0,60
5167,90% LEAN | 10% FAT GROUND TURKEY,Other,170.0,16.1,10.7,0.0,0.0,0.0,80.0,60
5168,"90% LEAN | 10% FAT GROUND TURKEY PATTIES, TURKEY",Other,168.0,16.1,10.1,0.0,0.0,0.0,255.0,60
5169,"90% LEAN, 10% FAT GROUND TURKEY",Other,161.0,17.0,9.82,0.0,,,89.0,60
5170,90% LEAN/ 10% FAT SIRLOIN BEEF,Meat & Poultry,177.0,19.5,9.73,0.0,0.0,0.0,66.0,60
5171,90% LEAN/10% FAT 100% GRASSFED GROUND BEEF,Meat & Poultry,170.0,19.6,9.82,0.0,,,67.0,60
5172,90% LEAN/10% FAT CHOPPED BEEF SIRLOIN STEAK PATTIES,Meat & Poultry,176.0,19.8,10.1,0.0,0.0,0.0,66.0,60
5173,90% LEAN/10% FAT GRASS FED GROUND BEEF,Meat & Poultry,179.0,19.6,9.82,0.0,,,67.0,60
5174,90% LEAN/10% FAT GRASS FED ORGANIC GROUND BEEF,Meat & Poultry,179.0,19.6,9.82,0.0,0.0,0.0,67.0,60
5175,90% LEAN/10% FAT GRASS-FED GROUND BEEF,Meat & Poultry,177.0,20.4,9.73,0.0,0.0,0.0,66.0,60
5176,90% LEAN/10% FAT GROUND BEEF,Meat & Poultry,179.0,20.5,9.82,0.0,0.0,0.0,67.0,60
5177,90% LEAN/10% FAT GROUND BEEF,Meat & Poultry,177.0,19.5,9.73,0.0,0.0,0.0,66.0,60
5178,90% LEAN/10% FAT GROUND BEEF,Meat & Poultry,179.0,20.5,9.82,0.0,,,67.0,60
5179,90% LEAN/10% FAT GROUND BEEF,Meat & Poultry,179.0,20.5,9.82,0.0,0.0,0.0,67.0,60
5180,90% LEAN/10% FAT GROUND BEEF,Meat & Poultry,179.0,19.6,9.82,0.0,0.0,0.0,67.0,60
5181,90% LEAN/10% FAT GROUND BEEF SIRLOIN,Meat & Poultry,179.0,21.4,9.82,0.0,0.0,0.0,49.0,60
5182,90% LEAN/10% FAT GROUND BEEF SIRLOIN,Meat & Poultry,179.0,19.6,9.82,0.0,0.0,0.0,67.0,60
5183,90% LEAN/10% FAT GROUND BEEF SIRLOIN,Meat & Poultry,179.0,19.6,9.82,0.0,,,67.0,60
5184,90% LEAN/10% FAT GROUND BEEF SIRLOIN,Meat & Poultry,179.0,19.6,9.82,0.0,0.0,0.0,67.0,60
5185,90% LEAN/10% FAT GROUND BEEF SIRLOIN,Meat & Poultry,179.0,19.6,9.82,0.0,,,67.0,60
5186,90% LEAN/10% FAT GROUND PORK,Meat & Poultry,170.0,18.8,9.82,0.0,0.0,0.0,80.0,60
5187,90% LEAN/10% FAT GROUND SIRLOIN BEEF PATTIES,Meat & Poultry,179.0,19.6,9.82,0.0,,,67.0,60
5188,90% LEAN/10% FAT GROUND SIRLOIN BEEF PATTIES,Meat & Poultry,173.0,20.0,10.0,0.0,,,67.0,60
5189,90% LEAN/10% FAT GROUND TURKEY,Other,161.0,17.9,9.82,0.0,0.0,0.0,125.0,60
5190,90% LEAN/10% FAT GROUND TURKEY,Other,143.0,17.9,8.04,0.0,0.0,0.0,85.0,60
5191,90% LEAN/10% FAT GROUND TURKEY,Other,143.0,17.9,8.04,0.0,0.0,0.0,85.0,60
5192,90% LEAN/10% FAT NATURAL GROUND PORK,Meat & Poultry,170.0,19.6,9.82,0.0,0.0,0.0,67.0,60
5193,91% LEAN | 9% FAT GROUND TURKEY,Other,170.0,17.9,8.93,0.89,,,268.0,60
5194,91% LEAN/9% FAT 100% GROUND BEEF PATTIES,Meat & Poultry,170.0,20.5,8.93,0.0,0.0,0.0,67.0,60
5195,91% LEAN/9% FAT GROUND BEEF PATTIES,Meat & Poultry,170.0,20.5,8.93,0.0,0.0,0.0,76.0,60
5196,91/110 CPD T/OFF SHRIMP,Other,71.0,15.5,0.6,0.0,0.0,0.0,405.0,60
5197,91/110 PUD SHRIMP,Other,107.0,20.5,1.79,0.89,0.0,0.0,143.0,60
5198,"92% COCOA STEVIA SWEETENED INTENSELY DARK CHOCOLATE, STEVIA SWEETENED",Other,533.0,13.3,50.0,33.3,20.0,0.0,0.0,60
5199,92% LEAN 8% FAT 100% GRASS FED GROUND BEEF,Meat & Poultry,152.0,19.6,8.04,0.0,,,71.0,60
5200,92% LEAN/8% FAT GROUND PORK,Meat & Poultry,170.0,18.8,9.82,0.0,0.0,0.0,80.0,60
5201,93% LEAN - 7% FAT GROUND TURKEY,Other,134.0,21.4,7.14,0.89,,,62.0,60
5202,93% LEAN / 7% FAT GROUND BEEF,Meat & Poultry,152.0,20.5,7.14,0.0,,,67.0,60
5203,93% LEAN / 7% FAT GROUND TURKEY,Other,143.0,17.9,7.14,0.0,0.0,0.0,54.0,60
5204,"93% lean / 7% Fat Ground Turkey Tray, 1 lb",Meat & Poultry,145.0,20.0,7.0,0.0,0.0,0.0,75.0,60
5205,"93% Lean / 7% Fat Ground Turkey Tray, Antibiotic-Free, Fresh, 1 lb.",Meat & Poultry,143.0,19.6,7.14,0.0,0.0,0.0,76.0,60
5206,"93% Lean / 7% Fat Ground Turkey Tray, Fresh, 3 lbs.",Meat & Poultry,144.0,20.0,6.5,0.0,0.0,0.0,75.0,60
5207,93% LEAN / 7% FAT ORGANIC GROUND CHICKEN,Meat & Poultry,134.0,19.6,6.25,0.0,0.0,0.0,62.0,60
5208,93% LEAN 1% FAT GROUND TURKEY,Other,116.0,20.5,4.02,0.0,0.0,0.0,85.0,60
5209,93% LEAN 7 FAT GROUND TURKEY,Other,143.0,17.9,7.14,0.0,,,80.0,60
5210,93% LEAN 7% FAT 100% GRASS FED GROUND BEEF,Meat & Poultry,152.0,20.5,7.14,0.0,0.0,0.0,67.0,60
5211,93% LEAN 7% FAT 100% PURE LEAN GROUND BEEF,Meat & Poultry,143.0,20.5,7.14,0.0,,,67.0,60
5212,93% LEAN 7% FAT GROUND BEEF,Meat & Poultry,152.0,20.5,7.14,0.0,0.0,0.0,67.0,60
5213,93% LEAN 7% FAT GROUND BEEF,Meat & Poultry,62.0,20.5,7.14,0.0,,,67.0,60
5214,93% LEAN 7% FAT GROUND CHICKEN,Meat & Poultry,134.0,19.6,6.25,0.0,0.0,0.0,62.0,60
5215,93% LEAN 7% FAT GROUND TURKEY,Other,134.0,17.9,7.14,0.0,0.0,0.0,80.0,60
5216,93% LEAN 7% FAT GROUND TURKEY,Other,134.0,18.8,6.25,0.0,0.0,0.0,80.0,60
5217,93% LEAN 7% FAT GROUND TURKEY,Other,134.0,19.6,7.14,0.0,,,85.0,60
5218,93% LEAN 7% FAT GROUND TURKEY,Other,143.0,19.6,8.04,0.0,0.0,0.0,76.0,60
5219,93% LEAN 7% FAT GROUND TURKEY,Other,134.0,19.6,7.14,0.0,,,85.0,60
5220,93% LEAN 7% FAT GROUND TURKEY,Other,134.0,19.6,7.14,0.0,,,85.0,60
5221,93% LEAN 7% FAT GROUND TURKEY,Other,143.0,19.6,7.14,0.0,,0.0,76.0,60
5222,93% LEAN 7% FAT LEAN GROUND BEEF,Meat & Poultry,152.0,20.5,7.14,0.0,,,67.0,60
5223,93% LEAN 7% FAT SEASONED  FRESH TURKEY PATTIES,Other,143.0,18.8,7.14,0.0,0.0,0.0,464.0,60
5224,93% LEAN GROUND TURKEY,Other,143.0,19.6,7.14,0.0,,0.0,76.0,60
5225,93% LEAN GROUND TURKEY,Other,143.0,19.6,7.14,0.0,0.0,0.0,76.0,60
5226,93% LEAN | 7% FAT FRESH GROUND TURKEY,Other,134.0,19.6,7.14,0.0,,,85.0,60
5227,93% LEAN | 7% FAT GROUND TURKEY,Other,152.0,18.8,7.14,0.0,0.0,0.0,71.0,60
5228,93% LEAN | 7% FAT GROUND TURKEY,Other,152.0,18.8,7.14,0.0,0.0,0.0,71.0,60
5229,93% LEAN | 7% FAT GROUND TURKEY,Other,152.0,18.8,7.14,0.0,0.0,0.0,89.0,60
5230,93% LEAN | 7% FAT GROUND TURKEY,Other,152.0,18.8,7.14,0.0,0.0,0.0,71.0,60
5231,93% LEAN | 7% FAT GROUND TURKEY,Other,152.0,18.8,7.14,0.0,0.0,0.0,89.0,60
5232,93% LEAN | 7% FAT GROUND TURKEY,Other,152.0,18.8,7.14,0.0,0.0,0.0,85.0,60
5233,93% LEAN | 7% FAT GROUND TURKEY,Other,152.0,18.8,7.14,0.0,0.0,0.0,89.0,60
5234,93% LEAN | 7% FAT GROUND TURKEY,Other,134.0,18.8,6.25,0.0,0.0,0.0,80.0,60
5235,93% LEAN | 7% FAT GROUND TURKEY,Other,134.0,19.6,7.14,0.0,,,85.0,60
5236,93% LEAN | 7% FAT GROUND TURKEY,Other,152.0,18.8,7.14,0.0,0.0,0.0,179.0,60
5237,93% LEAN | 7% FAT TURKEY BURGER PATTIES,Other,134.0,19.6,7.14,0.0,,,295.0,60
5238,"93% LEAN | 7% FAT TURKEY BURGER PATTIES, TURKEY",Other,134.0,19.6,7.14,0.0,,,295.0,60
5239,93% LEAN | 7% FAT TURKEY PATTIES,Other,134.0,17.9,7.14,0.0,0.0,0.0,98.0,60
5240,"93% LEAN, 7% FAT GROUND TURKEY",Other,134.0,19.6,7.14,0.0,,,85.0,60
5241,"93% LEAN, 7% FAT ORGANIC GRASS-FED GROUND BEEF",Meat & Poultry,170.0,23.2,8.04,0.0,0.0,0.0,76.0,60
5242,93% LEAN/7% FAT 100% GRASS FED ANGUS GROUND BEEF,Meat & Poultry,143.0,20.5,7.14,0.0,0.0,0.0,54.0,60
5243,93% LEAN/7% FAT FRESH GROUND BEEF,Meat & Poultry,152.0,21.4,7.14,0.0,0.0,0.0,67.0,60
5244,93% LEAN/7% FAT FRESH GROUND BEEF,Meat & Poultry,152.0,21.4,7.14,0.0,0.0,0.0,67.0,60
5245,93% LEAN/7% FAT FRESH GROUND TURKEY,Other,143.0,17.9,7.14,0.0,0.0,0.0,89.0,60
5246,93% LEAN/7% FAT GRASS FED GROUND BEEF,Meat & Poultry,152.0,20.5,7.14,0.0,0.0,0.0,67.0,60
5247,93% LEAN/7% FAT GRASS FED ORGANIC GROUND BEEF,Meat & Poultry,152.0,20.5,7.14,0.0,0.0,0.0,67.0,60
5248,93% LEAN/7% FAT GROUND BEEF,Meat & Poultry,152.0,20.5,7.14,0.0,0.0,0.0,67.0,60
5249,93% LEAN/7% FAT GROUND BEEF,Meat & Poultry,152.0,20.5,7.14,0.0,,,62.0,60
5250,93% LEAN/7% FAT GROUND BEEF,Meat & Poultry,152.0,20.5,7.14,0.0,,,67.0,60
5251,93% LEAN/7% FAT GROUND BEEF,Meat & Poultry,152.0,21.4,7.14,0.0,0.0,0.0,49.0,60
5252,93% LEAN/7% FAT GROUND BEEF,Meat & Poultry,152.0,20.5,7.14,0.0,0.0,0.0,67.0,60
5253,93% LEAN/7% FAT GROUND BEEF,Meat & Poultry,152.0,20.5,7.14,0.0,0.0,0.0,67.0,60
5254,93% LEAN/7% FAT GROUND BEEF,Meat & Poultry,143.0,20.5,7.14,0.0,,,67.0,60
5255,93% LEAN/7% FAT GROUND BEEF,Meat & Poultry,168.0,22.1,7.08,0.0,0.0,0.0,58.0,60
5256,93% LEAN/7% FAT GROUND BEEF,Meat & Poultry,152.0,20.5,7.14,0.0,0.0,0.0,67.0,60
5257,93% LEAN/7% FAT GROUND BEEF,Meat & Poultry,150.0,21.2,7.08,0.0,0.0,0.0,66.0,60
5258,93% LEAN/7% FAT GROUND BEEF,Meat & Poultry,152.0,20.5,7.14,0.0,0.0,0.0,67.0,60
5259,93% LEAN/7% FAT GROUND BEEF,Meat & Poultry,143.0,20.5,7.14,0.0,,,67.0,60
5260,93% LEAN/7% FAT GROUND BEEF,Meat & Poultry,150.0,21.2,7.08,0.0,0.0,0.0,66.0,60
5261,93% LEAN/7% FAT GROUND BEEF PATTIES,Meat & Poultry,152.0,20.5,7.14,0.0,,,62.0,60
5262,93% LEAN/7% FAT GROUND TURKEY,Other,152.0,18.8,7.14,0.0,,,89.0,60
5263,93% LEAN/7% FAT GROUND TURKEY,Other,143.0,18.8,7.14,0.0,0.0,0.0,134.0,60
5264,93% LEAN/7% FAT GROUND TURKEY,Other,152.0,18.8,7.14,0.0,0.0,0.0,89.0,60
5265,93% LEAN/7% FAT GROUND TURKEY,Other,152.0,18.8,7.14,0.0,0.0,0.0,89.0,60
5266,93% LEAN/7% FAT GROUND TURKEY,Other,152.0,18.8,7.14,0.0,,,89.0,60
5267,93% LEAN/7% FAT GROUND TURKEY PATTIES,Other,152.0,18.8,7.14,0.0,,,89.0,60
5268,93% LEAN/7% FAT GROUND TURKEY PATTIES,Other,143.0,17.9,7.14,0.0,0.0,0.0,143.0,60
5269,93% LEAN/7% FAT LEAN GROUND BEEF,Meat & Poultry,152.0,20.5,7.14,0.0,0.0,0.0,67.0,60
5270,93% LEAN/7% FAT ORGANIC GROUND BEEF,Meat & Poultry,170.0,22.3,7.14,0.0,,,58.0,60
5271,"94% FAT FREE BUTTER MICROWAVE POPCORN, 94% FAT FREE BUTTER",Snacks & Sweets,333.0,10.3,5.13,69.2,10.3,,487.0,70
5272,"94% FAT FREE MICROWAVE POPCORN, 94% FAT FREE",Snacks & Sweets,367.0,13.3,6.67,73.3,13.3,,667.0,60
5273,94% LEAN 6% FAT GROUND TURKEY PATTIES,Other,107.0,20.5,2.68,4.46,0.0,0.0,62.0,60
5274,"94% LEAN, 6% FAT GROUND TURKEY",Other,143.0,21.4,6.25,0.89,0.0,0.0,76.0,60
5275,"94% LEAN, 6% FAT GROUND TURKEY PATTIES",Other,143.0,21.4,6.25,0.0,0.0,0.0,76.0,60
5276,94% LEAN/6% FAT GROUND TURKEY,Other,143.0,21.4,6.25,0.89,,0.0,76.0,60
5277,94% LEAN/6% FAT TURKEY BURGERS,Other,143.0,21.4,6.25,0.89,,0.0,76.0,60
5278,"95% AVOCADO GUACAMOLE, MILD",Other,167.0,0.0,15.0,10.0,6.7,3.3,400.0,60
5279,95% COCOA DARK CHOCOLATE,Other,625.0,12.5,56.2,25.0,15.6,3.1,31.0,60
5280,95% COCOA DARK CHOCOLATE,Other,625.0,12.5,56.2,25.0,15.6,3.1,31.0,60
5281,95% LEAN 100% GRASS FED GROUND BEEF,Meat & Poultry,138.0,21.4,5.09,0.0,0.0,0.0,67.0,60
5282,95% LEAN GROUND PORK,Meat & Poultry,123.0,21.0,4.39,0.88,0.0,0.0,70.0,60
5283,95% LEAN | 5% FAT GROUND TURKEY,Other,89.0,20.5,5.36,0.0,0.0,0.0,80.0,60
5284,96% LEAN / 4% FAT ANGUS EXTRA LEAN ROUND BEEF PATTIES,Meat & Poultry,126.0,21.8,3.97,0.0,0.0,0.0,66.0,60
5285,96% LEAN 4% FAT FRESH GROUND CHICKEN,Meat & Poultry,107.0,21.4,3.12,0.0,0.0,0.0,49.0,60
5286,96% LEAN | 4% FAT FRESH GROUND CHICKEN,Meat & Poultry,125.0,20.5,4.46,0.0,0.0,0.0,179.0,60
5287,96% LEAN/4% FAT GROUND BEEF,Meat & Poultry,134.0,21.4,4.02,0.0,,,58.0,60
5288,96% LEAN/4% FAT GROUND BEEF,Meat & Poultry,134.0,21.4,4.02,2.68,0.0,0.0,62.0,60
5289,96% LEAN/4% FAT GROUND BEEF,Meat & Poultry,133.0,21.2,4.42,2.65,0.0,0.0,62.0,60
5290,96% LEAN/4% FAT GROUND BEEF,Meat & Poultry,125.0,21.4,4.02,0.0,0.0,0.0,67.0,60
5291,"97% Fat Free Ground White Turkey Tray, 1 lb.",Meat & Poultry,125.0,23.2,2.68,0.0,0.0,0.0,67.0,60
5292,"97% Fat Free Ground White Turkey Tray, Fresh, 1.25 lbs.",Meat & Poultry,125.0,23.2,2.68,0.0,0.0,0.0,67.0,60
5293,97% LEAN 100% GRASS FED GROUND BEEF,Meat & Poultry,125.0,22.3,3.04,0.0,0.0,0.0,67.0,60
5294,97% LEAN 3% FAT EXTRA LEAN GROUND WHITE TURKEY,Other,116.0,23.2,3.12,0.0,,,67.0,60
5295,98% FAT FREE CHUNK WHITE CHICKEN IN WATER,Meat & Poultry,71.0,14.3,1.79,0.0,0.0,0.0,375.0,60
5296,98% FAT FREE GROUND CHICKEN BREAST,Meat & Poultry,107.0,23.2,1.34,0.0,0.0,0.0,67.0,60
5297,98% FAT FREE PREMIUM CHUNK CHICKEN BREAST IN WATER WITH RIB MEAT,Meat & Poultry,82.0,15.3,1.76,0.0,0.0,0.0,482.0,60
5298,98% LEAN / 2% FAT GROUND TURKEY BREAST,Other,107.0,23.2,1.34,0.0,0.0,0.0,62.0,60
5299,99% EXTRA DARK COCOA BEANS,Other,667.0,11.1,61.1,8.33,16.7,0.0,0.0,60
5300,99% FAT FREE GROUND TURKEY BREAST,Other,107.0,25.0,0.89,0.0,0.0,0.0,49.0,60
5301,99% FAT FREE GROUND TURKEY BREAST,Other,107.0,23.2,0.89,0.0,,,49.0,60
5302,"99% Fat Free Ground Turkey Breast Tray, 1.2 lbs",Meat & Poultry,114.0,23.0,0.5,0.0,0.0,0.0,65.0,60
5303,"99% Fat Free Ground Turkey Breast Tray, Fresh, 1 lb.",Meat & Poultry,107.0,25.0,0.89,0.0,,0.0,49.0,60
5304,"99% Fat Free Turkey Breast Cutlets 4 Count Tray, Fresh, 1.5 - 2.5 lbs.",Meat & Poultry,107.0,25.0,0.45,0.0,0.0,0.0,49.0,60
5305,99% Fat Free Turkey Breast Fillets,Meat & Poultry,107.0,23.2,0.45,0.0,0.0,0.0,161.0,60
5306,99% Fat Free Turkey Breast Roast,Meat & Poultry,107.0,25.0,0.45,0.0,0.0,0.0,49.0,60
5307,99% Fat Free Turkey Breast Tenderloins,Meat & Poultry,107.0,25.0,0.89,0.0,0.0,0.0,80.0,60
5308,99% LEAN  1% FAT GROUND TURKEY BREAST,Other,107.0,23.2,1.34,0.0,0.0,0.0,62.0,60
5309,99% LEAN 1% FAT EXTRA LEAN GROUND TURKEY BREAST,Other,116.0,25.0,0.45,0.0,0.0,0.0,49.0,60
5310,99% LEAN 1% FAT GROUND TURKEY,Other,107.0,25.9,0.45,0.89,0.0,0.0,67.0,60
5311,99% LEAN 1% FAT GROUND TURKEY BREAST,Other,107.0,23.2,1.34,0.0,0.0,0.0,62.0,60
5312,99% LEAN GROUND CHICKEN BREAST,Meat & Poultry,98.0,23.2,0.89,0.89,0.0,0.89,33.0,60
5313,99% LEAN | 1% FAT GROUND TURKEY BREAST,Other,107.0,23.2,1.34,0.0,0.0,0.0,62.0,60
5314,99% LEAN | 1% FAT GROUND TURKEY BREAST,Other,107.0,23.2,1.34,0.0,0.0,0.0,62.0,60
5315,99% LEAN | 1% FAT GROUND TURKEY BREAST,Other,89.0,24.1,0.45,0.0,0.0,0.0,80.0,60
5316,"99% LEAN, 1% FAT GROUND TURKEY",Other,107.0,23.2,0.89,0.0,0.0,0.0,49.0,60
5317,99% LEAN/1% FAT EXTRA LEAN GROUND TURKEY BREAST,Other,107.0,23.2,1.34,0.0,0.0,0.0,62.0,60
5318,99% LEAN/1% FAT EXTRA LEAN GROUND TURKEY BREAST,Other,107.0,23.2,1.34,0.0,0.0,0.0,62.0,60
5319,99% LEAN/1% FAT FRESH GROUND TURKEY BREAST,Other,107.0,25.0,0.89,0.0,0.0,0.0,49.0,60
5320,99% LEAN/1% FAT GROUND TURKEY,Other,107.0,23.2,1.34,0.0,,,62.0,60
5321,99% LEAN/1% FAT GROUND TURKEY,Other,107.0,23.2,1.34,0.0,,,62.0,60
5322,99% LIQUID EGG PRODUCT,Other,54.0,10.9,0.0,2.17,0.0,0.0,196.0,60
5323,99% LIQUID EGG PRODUCT,Other,54.0,10.9,0.0,2.17,0.0,0.0,185.0,60
5324,99% LIQUID EGG PRODUCT,Other,54.0,10.9,0.0,2.17,0.0,0.0,185.0,60
5325,99% LIQUID EGG SUBSTITUTE PRODUCT,Other,54.0,10.9,0.0,0.0,0.0,0.0,185.0,60
5326,9OZ BRAZ LOBSTER TAILS,Other,118.0,23.5,1.18,0.0,0.0,0.0,353.0,60
5327,"9PC SASHIMI ALBACORE, SASHIMI",Other,76.0,13.4,0.87,2.33,0.6,0.0,87.0,60
5328,"9PC SASHIMI COMBO, COMBO",Other,101.0,12.3,4.11,2.05,0.7,1.37,86.0,60
5329,"9PC SASHIMI COMBO, COMBO",Other,81.0,11.6,2.62,2.33,0.6,0.0,81.0,60
5330,"9PC SASHIMI TUNA, SASHIMI",Other,64.0,12.2,0.29,2.33,0.6,0.0,73.0,60
5331,9Z SMART FOODS REDUCED FAT WHITE CHEDDAR,Snacks & Sweets,464.0,10.7,21.4,64.3,10.7,0.0,893.0,60
5332,:ratio Cinnamon Cranberry Almond Crunch Breakfast Cereal,Other,361.0,25.0,14.0,52.8,8.6,5.4,633.0,65
5333,:ratio Fiber and Protein Blueberry Dairy Snack,Other,120.0,13.3,2.33,14.0,6.7,0.0,60.0,70
5334,:ratio Fiber and Protein Lemon Meringue Dairy Snack,Other,120.0,13.3,2.33,14.0,6.7,0.0,60.0,70
5335,:ratio Fiber and Protein Pina Colada Dairy Snack,Other,120.0,13.3,2.33,14.0,6.7,0.0,60.0,70
5336,:ratio Fiber and Protein Vanilla Dairy Snack,Other,120.0,13.3,2.33,14.0,6.7,0.0,60.0,70
5337,:ratio Keto Friendly Chocolate Brownie Soft Bakes 6 Count,Other,440.0,12.0,36.0,44.0,24.0,0.0,300.0,60
5338,:ratio Keto Friendly Chocolate Chunk Cookie Soft Bakes 6 Count,Snacks & Sweets,440.0,12.0,36.0,44.0,24.0,0.0,300.0,60
5339,:ratio Keto Friendly Chocolate Nut Chewy Bar,Other,500.0,27.5,30.0,32.5,15.0,0.0,275.0,60
5340,:ratio Keto Friendly Chocolate Nut Chewy Bars 4 Count,Other,500.0,27.5,30.0,32.5,15.0,0.0,275.0,60
5341,:ratio Keto Friendly Coconut Almond with Chocolate Crunchy Bar,Other,550.0,27.0,42.0,22.0,12.0,0.0,400.0,60
5342,:ratio Keto Friendly Coconut and Granola Dairy Snack,Other,176.0,12.0,12.8,4.41,1.0,0.0,71.0,60
5343,:ratio Keto Friendly Peanut Butter Almond Chewy Bar,Other,475.0,27.5,32.5,32.5,17.5,0.0,312.0,60
5344,:ratio Keto Friendly Peanut Butter Almond Chewy Bars 4 Count,Other,475.0,27.5,32.5,32.5,17.5,0.0,312.0,60
5345,:ratio Keto Friendly Soft Baked Chocolate Brownie,Other,440.0,12.0,36.0,44.0,24.0,0.0,300.0,60
5346,:ratio Keto Friendly Soft Baked Chocolate Chip Bar,Snacks & Sweets,440.0,12.0,36.0,44.0,24.0,0.0,300.0,60
5347,:ratio Keto Friendly Strawberry and Granola Dairy Snack,Other,183.0,12.2,13.2,4.43,1.3,0.0,54.0,60
5348,:ratio Keto Friendly Toasted Almond Crunchy Bars 4 Count,Other,561.0,29.3,43.9,22.0,12.2,0.0,415.0,60
5349,:ratio Keto Friendly Vanilla Almond Crunchy Bar,Other,592.0,29.5,42.7,22.6,7.5,0.0,420.0,60
5350,:ratio Keto Friendly Vanilla Almond with Chocolate Crunchy Bar,Other,560.0,27.0,43.0,23.0,12.0,0.0,410.0,60
5351,:ratio Keto Friendly Vanilla and Granola Dairy Snack,Other,176.0,12.0,12.8,4.41,1.0,0.0,71.0,60
5352,:ratio Protein Banana Cream Dairy Snack,Other,113.0,16.7,2.33,6.0,0.0,0.0,67.0,60
5353,:ratio Protein Black Cherry Dairy Snack,Other,113.0,16.7,2.33,6.0,0.0,0.0,67.0,60
5354,:ratio Protein Blueberry Dairy Snack,Other,113.0,16.7,2.33,6.0,0.0,0.0,67.0,60
5355,:ratio Protein Blueberry Dairy Snack 4 Count,Other,113.0,16.7,2.33,6.0,0.0,0.0,67.0,60
5356,:ratio Protein Coconut Dairy Snack,Other,113.0,16.7,2.33,6.0,0.0,0.0,67.0,60
5357,:ratio Protein Coconut Dairy Snack 4 Count,Other,113.0,16.7,2.33,6.0,0.0,0.0,67.0,60
5358,:ratio Protein Key Lime Dairy Snack,Other,113.0,16.7,2.33,6.0,0.0,0.0,67.0,60
5359,:ratio Protein Mixed Berry Dairy Snack,Other,113.0,16.7,2.33,6.0,0.0,0.0,67.0,60
5360,:ratio Protein Peach Dairy Snack,Other,113.0,16.7,2.33,6.0,0.0,0.0,67.0,60
5361,:ratio Protein Plain Dairy Snack Tub,Other,112.0,16.5,2.65,5.29,0.0,0.0,68.0,60
5362,:ratio Protein Strawberry Cheesecake Dairy Snack,Dairy,113.0,16.7,2.33,6.0,0.0,0.0,67.0,60
5363,:ratio Protein Strawberry Dairy Snack,Other,113.0,16.7,2.33,6.0,0.0,0.0,67.0,60
5364,:ratio Protein Strawberry Dairy Snack 4 Count,Other,113.0,16.7,2.33,6.0,0.0,0.0,67.0,60
5365,:ratio Protein Vanilla Dairy Snack,Other,113.0,16.7,2.33,6.0,0.0,0.0,67.0,60
5366,:ratio Protein Vanilla Dairy Snack 4 Count,Other,113.0,16.7,2.33,6.0,0.0,0.0,67.0,60
5367,:ratio Protein Vanilla Dairy Snack Tub,Other,112.0,16.5,2.65,5.29,0.0,0.0,68.0,60
5368,:ratio Toasted Almond Granola,Other,570.0,30.0,37.0,25.0,10.0,0.0,450.0,60
5369,:ratio Trio Blueberry Dairy Snack,Other,101.0,10.1,5.8,2.11,0.029,0.0,11.8,60
5370,:ratio Trio Chocolate Almond Granola,Other,519.0,25.9,37.0,29.6,11.1,3.7,407.0,60
5371,:ratio Trio Maple Almond Crunch Cereal,Other,421.0,26.3,18.4,47.4,15.8,5.3,605.0,65
5372,:ratio Trio Mixed Berry Dairy Snack,Other,101.0,10.1,5.8,2.11,0.029,0.0,11.8,60
5373,:ratio Trio Peach Dairy Snack,Other,101.0,10.1,5.8,2.11,0.0286,0.0,11.8,60
5374,:ratio Trio Toasted Almond Granola,Other,519.0,29.6,37.0,25.9,14.8,0.0,444.0,60
5375,:ratio Trio Toasted Coconut Granola,Other,556.0,29.6,37.0,25.9,14.8,0.0,463.0,60
5376,:ratio Trio Vanilla Almond Crunch Breakfast Cereal,Other,410.0,25.6,18.0,48.7,15.4,5.1,590.0,65
5377,;ratio Keto Friendly Toasted Almond Crunchy Bar,Other,552.0,29.3,42.8,22.1,11.8,0.0,407.0,60
5378,"A BLEND OF BLACK BEANS, SPINACH, KALE, KIDNEY BEANS, CORN AND BELL PEPPERS WITH WARM PROTEIN BLENDS CARIBBEAN-STYLE SPICES, PROTEIN BLENDS CARIBBEAN-STYLE",Other,79.0,4.85,1.82,16.4,12.7,1.82,218.0,60
5379,"A BLEND OF QUINOA, KALE, RED QUINOA & RED ONIONS, QUINOA AND KALE BLEND",Other,84.0,11.2,0.47,6.54,2.8,0.0,14.0,60
5380,"A CREAMY BLEND OF VEGGIES AND MOZZARELLA CHEESE IN A CRUST MADE WITH CAULIFLOWER BITES, VEGGIE & MOZZARELLA",Dairy,226.0,8.49,6.6,32.1,5.7,0.9,425.0,60
5381,"A DELICIOUS SNACK, COCONUT CASHEWS",Snacks & Sweets,533.0,13.3,36.7,40.0,3.3,10.0,83.0,60
5382,"A DELICIOUS TOASTED CEREAL, HONEY",Other,343.0,11.4,4.29,68.6,8.6,25.7,229.0,60
5383,A DELICIOUS VEGETARIAN ALTERNATIVE TO CHICKEN,Meat & Poultry,156.0,13.3,8.89,3.33,1.1,0.0,478.0,60
5384,A FAT FREE FOOD BLACKEYE PEAS,Vegetables,286.0,22.9,0.0,60.0,11.4,5.71,14.0,70
5385,"A FISHLESS TUNA, LEMON PEPPER",Meat & Poultry,93.0,9.41,2.35,8.24,3.5,2.4,209.0,60
5386,"A FUSION OF PLANT-BASED PROTEINS + KEY ESSENTIALS FOR A COMPLETELY NOURISHING MEAL REPLACEMENT, CHOCOLATE CARAMEL, CHOCOLATE CARAMEL",Other,440.0,44.0,15.4,33.0,13.2,2.2,857.0,65
5387,"A FUSION OF PLANT-BASED PROTEINS + KEY ESSENTIALS FOR A COMPLETELY NOURISHING MEAL REPLACEMENT, CHOCOLATE CARAMEL, CHOCOLATE CARAMEL",Other,440.0,44.0,15.4,33.0,13.2,0.0,857.0,65
5388,"A FUSION OF PLANT-BASED PROTEINS + KEY ESSENTIALS FOR A COMPLETELY NOURISHING MEAL REPLACEMENT, CREAMY VANILLA BEAN",Other,440.0,44.0,15.4,33.0,13.2,0.0,857.0,65
5389,"A FUSION OF PLANT-BASED PROTEINS + KEY ESSENTIALS FOR A COMPLETELY NOURISHING MEAL REPLACEMENT, CREAMY VANILLA BEAN, CREAMY VANILLA BEAN",Other,440.0,44.0,15.4,33.0,13.2,2.2,857.0,65
5390,"A HEALTHY REPLACEMENT FOR MEAT, ORIGINAL MIX",Meat & Poultry,487.0,15.4,33.3,43.6,12.8,5.13,564.0,60
5391,"A MIGHTY WHOLE GRAIN GOLDEN QUINOA, GOLDEN",Grains,378.0,13.3,5.56,71.1,11.1,4.44,0.0,70
5392,"A MILD AND SAVORY SHREDDED COLLARDS, MILD AND SAVORY",Fruits,29.0,2.35,0.0,5.88,3.5,0.0,18.0,65
5393,"A MIX OF SALTED CASHEWS, ALMONDS, PECANS, BRAZIL NUTS AND HAZELNUTS DELUXE MIXED NUTS",Snacks & Sweets,655.0,17.2,55.2,20.7,6.9,3.45,207.0,60
5394,"A SAVORY AND CRUNCHY BLEND OF PEANUTS, PRETZELS, RICE CRACKER MIX, BBQ RYE CHIPS, CAJUN CORN STICKS, HONEY ROASTED SESAME STICKS BAR MIX",Grains,500.0,14.3,25.0,53.6,3.6,3.57,679.0,60
5395,"A SEASONED BLEND OF FRUITS, NUTS AND SEEDS FOR SALADS AND SNACKING",Fruits,556.0,11.1,44.4,33.3,11.1,22.2,500.0,65
5396,A STORY OF THE WORLD'S FINEST RYE BREAD,Grains,229.0,8.57,1.43,47.1,12.9,10.0,329.0,60
5397,"A TASTE OF THAI, RED CURRY PASTE",Other,129.0,14.3,0.0,14.3,14.3,14.3,3670.0,60
5398,"A TRAIL MIX INFUSED WITH EDAMAME BEANS, CRANBERRIES & CASHEW NUTS",Snacks & Sweets,417.0,16.7,19.0,42.9,9.5,31.0,0.0,60
5399,"A TUBULAR SHAPED PASTA, SIMILAR TO PENNE",Grains,275.0,10.0,1.25,56.7,3.3,1.67,8.0,60
5400,"A.M. CHOCOLATE PROTEIN BAR, CHOCOLATE",Other,418.0,18.2,18.2,50.9,7.3,21.8,327.0,60
5401,"A.M. CHOCOLATE PROTEIN BAR, CHOCOLATE",Snacks & Sweets,418.0,18.2,18.2,50.9,7.3,21.8,327.0,60
5402,"A.M. CHOCOLATE PROTEIN BAR, CHOCOLATE",Snacks & Sweets,418.0,18.2,18.2,50.9,7.3,21.8,327.0,60
5403,"A.M. HONEY CINNAMON PEANUT BUTTER PROTEIN BAR, HONEY; CINNAMON; PEANUT BUTTER",Other,418.0,18.2,18.2,52.7,7.3,21.8,309.0,60
5404,"A.M. HONEY CINNAMON PEANUT BUTTER PROTEIN BAR, HONEY; CINNAMON; PEANUT BUTTER",Other,418.0,18.2,18.2,52.7,7.3,21.8,309.0,60
5405,"ABBOTT, EAS, COMPLETE PROTEIN POWDER, CHOCOLATE, CHOCOLATE",Other,333.0,50.0,5.0,36.7,16.7,13.3,700.0,65
5406,"ABBOTT, EAS, LEAN 15 PROTEIN POWDER, VANILLA, VANILLA",Other,333.0,50.0,3.33,36.7,16.7,13.3,567.0,65
5407,"ABBOTT, EAS, PURE WHEY PROTEIN POWDER, CHOCOLATE, CHOCOLATE",Other,395.0,69.8,5.81,14.0,2.3,4.65,372.0,60
5408,"ABBOTT, GLUCERNA, NUTRITION BARS, PEANUT CHOCOLATE CHIP, PEANUT CHOCOLATE CHIP",Snacks & Sweets,375.0,25.0,12.5,50.0,7.5,10.0,500.0,65
5409,"ABRAHAM'S, LEMONY LEMON HUMMOS",Other,154.0,7.69,7.69,15.4,7.7,0.0,192.0,60
5410,"ABRAHAM'S, ORIGINAL HUMMOS WITH FLAX",Other,154.0,7.69,7.69,15.4,7.7,0.0,192.0,60
5411,"ACADEMIA BARILLA, FARFALLE BARILLA PASTA",Grains,357.0,12.5,1.79,75.0,3.6,3.57,0.0,70
5412,"ACADEMIA BARILLA, ORECCHIETTE, ENRICHED MACARONI PRODUCT",Other,357.0,12.5,1.79,75.0,3.6,3.57,0.0,70
5413,"ACADEMIA BARILLA, PENNE, ENRICHED MACARONI PRODUCT",Other,357.0,12.5,1.79,75.0,3.6,3.57,0.0,70
5414,"ACAI + GOJI + ALUEBERRY ORGANIC SUPERFOOD+ BERRY BLEND, ACAI + GOJI + BLUEBERRY",Other,400.0,20.0,0.0,80.0,20.0,40.0,400.0,60
5415,"ACAI BERRY CHIA BAR, ACAI BERRY",Snacks & Sweets,400.0,12.0,18.0,56.0,20.0,12.0,180.0,70
5417,"ACAI BERRY ORGANIC UNSWEETENED PUREE, ACAI BERRY",Fruits,70.0,1.75,5.26,5.26,5.3,0.0,26.0,60
5418,"ACAI BLEND WITH FRUIT & GRANOLA ACAI BOWLS, ACAI BLEND WITH FRUIT & GRANOLA",Fruits,124.0,1.76,3.53,20.6,4.1,6.5,0.0,60
5419,"ACAI BOWLS BLEND WITH FRUIT & GRANOLA, PROTEIN",Fruits,135.0,2.94,4.12,21.8,3.5,8.2,9.0,60
5420,"ACAI BOWLS, ACAI BLEND WITH FRUIT & GRANOLA, TROPICAL",Fruits,129.0,1.76,3.53,21.8,3.5,6.5,0.0,60
5421,"ACAI BOWLS, ORIGINAL",Other,124.0,1.76,3.53,20.6,4.1,6.5,0.0,60
5422,ACAI CHUNKS,Fruits,71.0,1.43,5.0,5.0,5.0,0.0,25.0,60
5423,"ACAI CHUNKS WITH GUARANA, GUARANA",Other,71.0,1.43,5.0,5.0,5.0,0.0,25.0,60
5424,"ACAI CHUNKS WITH WHOLE BLUEBERRIES, WHOLE BLUEBERRIES",Fruits,64.0,0.71,1.79,11.4,3.6,7.14,7.0,60
5425,"ACAI GRAPE GUMMIES, ACAI GRAPE",Other,250.0,10.0,0.0,52.0,32.0,8.0,120.0,65
5426,ACAI POWDER,Other,417.0,0.0,16.7,83.3,16.7,0.0,0.0,60
5427,"ACAI POWDER, WILDBERRY",Other,667.0,0.0,50.0,33.3,33.3,0.0,0.0,60
5428,"ACAI PURE & UNSWEETENED ORGANIC FRUIT PUREE, ACAI, PURE & UNSWEETENED",Fruits,80.0,2.0,6.0,5.0,4.0,,5.0,60
5429,"ACAI TRADITIONAL MIX ORGANIC FRUIT PUREE, ACAI TRADITIONAL MIX",Fruits,100.0,1.0,5.0,12.0,4.0,8.0,10.0,60
5430,ACAI+GUARANA ORGANIC ENERGY PLANT POWDER,Other,103.0,1.0,4.0,15.0,4.0,12.0,2.0,60
5431,"ACAPULCO-STYLE PORK TACOS WITH CHEDDAR-JACK AND JALAPENO RANCH SLAW MEAL KITS, ACAPULCO-STYLE PORK TACOS",Meat & Poultry,188.0,12.5,9.41,13.0,1.3,0.8,282.0,60
5432,ACCENTS SPROUTED QUINOA TRIO,Grains,395.0,13.2,7.89,71.0,7.9,15.8,26.0,60
5433,"ACCENTS, SPROUTED LENTIL TRIO",Vegetables,361.0,25.0,2.78,61.1,22.2,5.56,28.0,75
5434,ACHAR GOSHT SPICE MIX,Other,375.0,12.5,6.25,62.5,25.0,0.0,7500.0,60
5435,ACHLA HUMMUS,Other,214.0,7.14,16.1,10.7,3.6,3.57,429.0,60
5436,"ACHVA SESAME TAHINI, 16 OZ",Other,679.0,25.0,60.7,14.3,10.7,0.0,0.0,60
5437,"ACINI DE PEPE, ENRICHED MACARONI PRODUCT",Other,357.0,12.5,1.79,73.2,3.6,3.57,0.0,70
5438,ACINI DI PEPE MACARONI PRODUCT,Other,357.0,12.5,1.79,73.2,3.6,3.57,0.0,70
5439,ACINI DI PEPE NO. 44 PASTA,Grains,357.0,12.5,1.79,75.0,3.6,0.0,0.0,70
5440,"ACINI DI PEPE NO.70, ENRICHED MACARONI PRODUCT",Other,375.0,12.5,1.79,78.6,3.6,3.57,0.0,70
5441,ACINI DI PEPE PASTA,Grains,339.0,12.5,1.79,69.6,3.6,1.79,0.0,70
5442,"ACINI DI PEPE PASTA, ENRICHED MACARONI PRODUCT",Grains,357.0,12.5,1.79,75.0,3.6,3.57,0.0,70
5443,ACINI DI PEPE PREMIUM REAL ITALIAN PASTA,Grains,357.0,10.7,1.79,73.2,3.6,3.57,0.0,70
5444,"ACINI DI PEPE, ENRICHED MACARONI PRODUCT",Other,357.0,12.5,1.79,73.2,3.6,3.57,0.0,70
5445,ACINI PEPE #78 PASTA,Grains,357.0,10.7,0.89,75.0,3.6,0.0,0.0,70
5446,ACKEE,Fruits,154.0,2.2,11.0,11.0,3.3,3.3,176.0,60
5447,"ACT II Butter Popcorn, 16.29 OZ",Snacks & Sweets,333.0,10.3,5.13,69.2,10.3,0.0,769.0,60
5448,"ACT II Fat Free Popcorn, 32.593 OZ",Snacks & Sweets,333.0,10.3,5.13,69.2,10.3,0.0,769.0,60
5449,"ACT II, MICROWAVE POPCORN, BUTTER",Snacks & Sweets,333.0,10.3,5.13,69.2,10.3,,487.0,70
5450,ACTIVATED SUPERFOOD POPCORN,Snacks & Sweets,536.0,10.7,35.7,46.4,10.7,0.0,857.0,60
5451,"ACTIVATED SUPERFOOD POPCORN, CINNAMON TWIST",Snacks & Sweets,493.0,10.7,25.0,60.7,10.7,7.1,536.0,60
5452,"ACTIVATED SUPERFOOD POPCORN, TANDOORI TURMERIC",Snacks & Sweets,489.0,10.7,28.6,57.1,10.7,0.0,679.0,65
5453,ACTIVE DRY YEAST,Other,350.0,40.0,5.0,40.0,10.0,0.0,0.0,70
5454,ACTIVE GREENS BAR,Snacks & Sweets,441.0,16.2,19.1,50.0,10.3,35.3,22.0,60
5455,"ACTUALLY SPICY CRUNCHY LENTILS SUPERFOOD SNACK, ACTUALLY SPICY",Vegetables,394.0,21.2,7.58,60.6,30.3,0.0,258.0,70
5456,"ADAMS, 100% NATURAL CRUNCHY PEANUT BUTTER",Other,625.0,25.0,50.0,18.8,6.2,3.12,281.0,60
5457,"ADAMS, ORGANIC PEANUT BUTTER, CREAMY",Other,656.0,25.0,50.0,18.8,6.2,3.12,156.0,60
5458,"ADAMS, PEANUT BUTTER",Other,625.0,25.0,50.0,18.8,6.2,3.12,328.0,60
5459,"ADAMS, PEANUT BUTTER, CREAMY",Other,625.0,25.0,50.0,18.8,6.2,3.12,328.0,60
5460,ADAPTOGEN POWDER DAILY STRESS MANAGEMENT HERBAL SUPPLEMENT,Other,250.0,0.0,0.0,50.0,50.0,0.0,0.0,60
5461,ADAPTOGENIC TRAIL MIX,Snacks & Sweets,536.0,10.7,39.3,35.7,7.1,14.3,214.0,60
5462,"ADDIS MOROCCAN LENTIL STEW, ADDIS MOROCCAN LENTIL",Other,69.0,4.62,3.08,12.3,3.8,0.0,392.0,60
5463,"ADOBE BLACK BEAN SOUP, ADOBE BLACK BEAN",Other,106.0,7.05,0.66,22.5,5.3,2.64,101.0,60
5464,"ADOBE BLACK BEAN STEW WITH BROWN RICE, ADOBE BLACK BEAN STEW",Grains,102.0,4.59,0.71,19.8,3.5,1.77,71.0,60
5465,"ADOBO CHICKEN BOWL WITH FIRE-ROASTED CORN, ADOBO CHICKEN WITH FIRE-ROASTED CORN",Meat & Poultry,154.0,12.2,6.99,10.8,1.0,2.8,364.0,60
5466,"ADOBO CHICKEN PULLED CHICKEN BREAST WITH PINTO BEANS & VEGETABLES, ROASTED PEPITAS AND GUAJILLO CHILI SAUCE ROLLED IN A FLOUR TORTILLA WRAP, ADOBO CHICKEN",Vegetables,194.0,14.1,5.88,21.2,8.8,0.6,294.0,70
5467,"ADOBO CHIPOTLE BLACK BEAN SNACK DIP, ADOBO CHIPOTLE",Snacks & Sweets,222.0,7.07,8.08,30.3,7.1,1.01,253.0,60
5468,ADOBO HOMMUS,Other,161.0,3.57,8.93,14.3,3.6,3.57,286.0,60
5469,"ADOBO MEXICAN CRUMBLES, ADOBO MEXICAN",Meat & Poultry,176.0,15.3,10.6,5.88,4.7,0.0,376.0,70
5470,ADOBO SAUCE CHIPOTLE PEPPERS,Snacks & Sweets,65.0,3.23,3.23,9.68,3.2,3.23,452.0,60
5471,"Advance Pierre Fully Cooked, Breaded Chicken Breast Patties",Meat & Poultry,272.0,19.1,16.7,11.4,1.06,0.3,449.0,60
5472,"ADVANCED IMMUNITY MEAL REPLACEMENT SMOOTHIE MIX, ORANGE CREAM SWIRL, ORANGE CREAM SWIRL",Other,344.0,37.5,10.9,31.2,15.6,0.0,656.0,65
5473,"ADVANCED NUTRITION CREAMY CHOCOLATE MEAL REPLACEMENT SMOOTHIE MIX, CHOCOLATE",Other,385.0,46.2,11.5,26.9,19.2,0.0,615.0,65
5475,"ADVANCED PROTEIN POWDER, CHOCOLATE FUDGE",Other,359.0,64.1,5.13,20.5,10.3,7.69,154.0,70
5476,"AdvancePierre Breaded Beef Patties, 3.80 oz",Meat & Poultry,286.0,15.1,16.5,19.3,2.6,0.24,299.0,60
5477,"AdvancePierre Flame Grilled Beef Pattie, 2.10 oz.",Meat & Poultry,190.0,18.9,11.0,3.11,0.07,0.8,76.3,60
5478,"AdvancePierre Flame Grilled Beef Patties, 2.50 oz.",Meat & Poultry,161.0,19.8,8.0,2.55,1.65,0.58,392.0,60
5479,AdvancePierre Fully Cooked Beef with Onion and Bell Pepper Dinner Loaf Slice,Meat & Poultry,190.0,19.4,10.8,6.93,1.44,1.87,500.0,60
5480,"AdvancePierre Fully Cooked Breaded Beef Fingers, 0.90 oz",Meat & Poultry,230.0,17.4,11.5,14.9,1.64,0.32,324.0,65
5481,"AdvancePierre Fully Cooked Breaded Beef Fingers, 0.97 oz.",Meat & Poultry,280.0,16.5,15.4,18.9,2.63,0.25,313.0,60
5482,AdvancePierre Fully Cooked Charbroiled Patties for Salisbury w/ Beef & Chicken,Meat & Poultry,236.0,14.5,16.2,7.62,1.18,1.15,462.0,60
5483,"AdvancePierre Fully Cooked Charbroiled Turkey Patties with Applesauce, 2.5 oz",Meat & Poultry,219.0,18.1,14.6,3.78,1.55,0.79,340.0,60
5484,"AdvancePierre Fully Cooked Flame Grilled Beef Patties, 2.10 oz",Meat & Poultry,169.0,18.5,8.97,3.22,1.98,0.84,95.9,60
5485,"AdvancePierre Fully Cooked Flame Grilled Beef Patties, 2.4 oz",Meat & Poultry,188.0,17.9,12.3,1.78,1.38,0.09,366.0,60
5486,"AdvancePierre Fully Cooked Flame Grilled Beef Steak , 2.21 oz",Meat & Poultry,207.0,22.7,11.6,1.2,0.18,0.71,104.0,60
5487,"AdvancePierre Fully Cooked Flamebroiled Beef Patties with Mushrooms, 2.39 oz",Meat & Poultry,204.0,17.3,10.6,3.82,0.3,0.68,265.0,60
5488,"AdvancePierre Fully Cooked Flamebroiled Rib Shaped Beef Pattie with BBQ Sauce, 3.00 oz",Meat & Poultry,187.0,16.9,8.3,11.3,1.5,8.52,388.0,60
5489,"AdvancePierre Fully Cooked Philly Beef Steak, 2.5 oz.",Meat & Poultry,200.0,17.1,12.9,5.71,0.0,2.86,329.0,60
5490,"AdvancePierre Fully Cooked Whole Grain Breaded Beef Patties, 3.35 oz.",Meat & Poultry,230.0,17.4,11.5,14.9,1.64,0.32,324.0,65
5491,"AdvancePierre Gold Label Reduced Sodium Crispy Country Fried Beef Steak, 4 oz",Meat & Poultry,214.0,16.2,11.0,12.6,0.79,0.03,235.0,60
5492,"AdvancePierre Harvest Breaded Beef Finger, 3.2 oz.",Meat & Poultry,287.0,16.0,17.0,18.4,2.9,1.06,192.0,60
5493,"AdvancePierre Harvest Breaded Beef Patties, 3.20 oz.",Meat & Poultry,264.0,16.8,13.9,18.0,2.86,0.13,201.0,60
5494,"AdvancePierre Loaded Cheeseburger Mini Patty, 1.33 oz.",Dairy,142.0,15.8,14.0,6.91,0.69,3.9,470.0,60
5495,"ADVANTEDGE LEAN 15 PROTEIN POWDER, VANILLA CREAM",Other,333.0,55.6,1.85,29.6,18.5,3.7,630.0,65
5496,"ADZUKI BEAN GLOW OATMEAL, ADZUKI BEAN",Other,400.0,10.0,10.0,70.0,8.0,8.0,20.0,60
5497,"AEROFARMS BABY KALE, 4 OZ",Fruits,35.0,2.65,1.33,4.42,4.4,0.0,53.0,65
5498,"AFRICAN PEANUT SIMMERING SAUCE, AFRICAN PEANUT",Other,141.0,4.69,9.38,10.9,3.1,3.12,281.0,60
5499,"AG STANDARD, CALIFORNIA CHILE BLEND SMOKE ALMONDS",Snacks & Sweets,604.0,21.4,50.0,28.6,10.7,10.7,500.0,70
5500,"AG STANDARD, SMOKED ALMONDS",Snacks & Sweets,604.0,21.4,50.0,28.6,10.7,10.7,500.0,70
5501,"AG STANDARD, SMOKED ALMONDS",Snacks & Sweets,604.0,21.4,50.0,28.6,10.7,10.7,500.0,70
5502,"AG STANDARD, SMOKED ALMONDS",Snacks & Sweets,604.0,21.4,50.0,28.6,10.7,10.7,500.0,70
5503,"AG STANDARD, SMOKED ALMONDS, RANCH SPICE, RANCH SPICE",Snacks & Sweets,604.0,21.4,50.0,28.6,10.7,10.7,500.0,70
5504,"AGAINST THE GRAIN, PITA BREAD",Grains,277.0,4.62,6.15,50.8,3.1,1.54,354.0,60
5505,AGAR AGAR SEA VEGETABLE FLAKES,Vegetables,0.0,0.0,0.0,66.7,66.7,0.0,0.0,60
5506,AGAR POWDER,Other,333.0,0.0,0.0,66.7,66.7,,333.0,60
5507,AGAR POWDER,Other,333.0,0.0,0.0,66.7,66.7,,333.0,60
5508,AGAR-AGAR POWDER,Other,0.0,0.0,0.0,100.0,100.0,0.0,0.0,60
5509,"AGASHI FLAX SEEDS CHUTNEY PUDI, AGASHI",Other,857.0,28.6,71.4,42.9,42.9,0.0,2290.0,60
5510,AGAVE SWEET APPLE CRISP GRANOLA,Other,429.0,10.7,25.0,53.6,7.1,17.9,125.0,60
5511,AGAVE SWEET BANANA NUT BREAD GRANOLA,Grains,464.0,10.7,25.0,53.6,10.7,17.9,161.0,60
5512,"AGAVE SWEET CRANBERRY ORANGE WALNUT GRANOLA, AGAVE SWEET CRANBERRY ORANGE WALNUT",Other,429.0,10.7,25.0,57.1,10.7,21.4,125.0,60
5513,"AGED CHEDDAR MAC & FREAK CHEESE, AGED CHEDDAR",Dairy,366.0,12.7,2.11,71.8,2.8,8.45,423.0,60
5514,"AGED CHEDDAR WITH BLACK PEPPER GRANOLA BAKED WITH GHEE, AGED CHEDDAR WITH BLACK PEPPER",Other,500.0,14.3,28.6,50.0,7.1,14.3,250.0,60
5515,"AGED PARMESAN & ROSEMARY MICROWAVE POPCORN, AGED PARMESAN & ROSEMARY",Snacks & Sweets,515.0,12.1,30.3,51.5,9.1,0.0,455.0,70
5516,"AGED WHITE CHEDDAR FLAVORED LENTIL CHIPS, AGED WHITE CHEDDAR",Snacks & Sweets,500.0,14.3,25.0,60.7,3.6,3.6,1070.0,60
5517,AGED WHITE CHEDDAR LENTIL CHIPS,Snacks & Sweets,429.0,14.3,16.1,57.1,3.6,3.57,714.0,60
5518,"AGED WHITE CHEDDAR LENTIL CHIPS, AGED WHITE CHEDDAR",Snacks & Sweets,464.0,14.3,21.4,53.6,3.6,7.14,1110.0,60
5519,"AGED WHITE CHEDDAR POPCORN CHIPS, AGED WHITE CHEDDAR",Snacks & Sweets,393.0,10.7,10.7,67.9,3.6,3.57,536.0,60
5520,"AGED WHITE CHEDDAR SERIOUSLY SHARP MACARONI & CHEESE, AGED WHITE CHEDDAR",Dairy,362.0,13.8,6.03,67.2,3.4,0.0,1520.0,60
5521,"AGED WHITE CHEDDAR VEGAN CRACKLINS, WHITE CHEDDAR",Snacks & Sweets,464.0,14.3,28.6,50.0,10.7,0.0,1110.0,60
5522,"AHI CENTER CUT WILD CAUGHT TUNA STEAK, AHI",Seafood,106.0,24.8,0.88,0.0,0.0,0.0,27.0,60
5523,AHI TUNA,Seafood,107.0,24.1,0.45,0.0,0.0,0.0,45.0,60
5524,AHI TUNA,Seafood,107.0,23.2,0.89,0.0,0.0,0.0,36.0,60
5525,AHI TUNA BURGER WITH GARDEN VEGETABLES,Vegetables,106.0,16.8,4.42,0.0,0.0,0.0,398.0,60
5526,"AHI TUNA BURGERS, CILANTRO LIME",Other,88.0,18.7,0.55,3.3,0.0,2.2,264.0,60
5527,AHI TUNA KABOB,Seafood,107.0,25.0,0.0,0.0,0.0,0.0,22.0,60
5528,AHI TUNA STEAK,Seafood,106.0,23.9,0.88,0.0,0.0,0.0,35.0,60
5529,"AHI TUNA STEAK, AHI TUNA",Seafood,110.0,24.8,0.44,0.0,0.0,0.0,45.0,60
5530,AHI TUNA STEAKS,Seafood,110.0,24.8,0.44,0.0,0.0,0.0,45.0,60
5531,AHI TUNA STEAKS,Other,112.0,24.7,0.59,0.0,0.0,0.0,44.0,60
5532,AHI TUNA STEAKS,Seafood,110.0,24.8,0.44,0.0,0.0,0.88,45.0,60
5533,"AHI TUNA STEAKS WITH ASIAN CITRUS RUB, ASIAN CITRUS RUB",Seafood,113.0,23.9,0.35,0.7,0.0,0.7,176.0,60
5534,AHI WILD YELLOWFIN TUNA,Other,125.0,30.4,0.89,0.0,0.0,0.0,304.0,60
5535,AHI WILD YELLOWFIN TUNA IN AVOCADO OIL,Other,125.0,28.6,1.79,0.0,0.0,0.0,304.0,60
5536,AHI WILD YELLOWFIN TUNA IN EXTRA VIRGIN OLIVE OIL,Other,125.0,28.6,1.79,0.0,0.0,0.0,304.0,60
5537,"AHOLD, ASIAN STYLE SNACK MIX",Snacks & Sweets,357.0,10.7,3.57,78.6,3.6,7.14,482.0,70
5538,"AHOLD, BAKED WHOLE WHEAT CRACKERS",Other,429.0,10.7,14.3,71.4,10.7,0.0,571.0,60
5539,"AHOLD, BREADED CHICKEN PARMESAN",Meat & Poultry,181.0,20.1,10.2,9.45,0.4,1.18,457.0,60
5540,"AHOLD, CHICKEN WINGS",Meat & Poultry,214.0,18.8,16.1,0.0,0.0,0.0,71.0,60
5541,"AHOLD, COCOA ALMONDS",Snacks & Sweets,600.0,16.7,43.3,36.7,10.0,23.3,0.0,60
5542,"AHOLD, CREAMY PEANUT BUTTER",Other,594.0,18.8,53.1,21.9,6.2,9.38,0.0,60
5543,"AHOLD, DELUXE MIXED NUTS",Snacks & Sweets,607.0,17.9,53.6,21.4,7.1,3.57,161.0,60
5544,"AHOLD, GRILLED CHICKEN BREAST WITH BALSAMIC DRESSING",Meat & Poultry,171.0,17.1,8.24,5.29,0.6,4.71,476.0,60
5545,"AHOLD, HEAT & EAT ALMONDS, BUTTER RUM TOFFEE, BUTTER RUM TOFFEE",Snacks & Sweets,472.0,11.1,25.0,58.3,5.6,50.0,236.0,60
5546,"AHOLD, HOT DOG ENRICHED ROLLS",Other,186.0,6.98,2.33,41.9,9.3,4.65,419.0,60
5547,"AHOLD, INSTANT OATMEAL, APPLES & CINNAMON, APPLES & CINNAMON",Other,357.0,10.7,7.14,67.9,4.0,0.0,500.0,70
5548,"AHOLD, INSTANT OATMEAL, MAPLE, BROWN SUGAR, MAPLE, BROWN SUGAR",Other,357.0,10.7,7.14,67.9,4.0,0.0,679.0,60
5549,"AHOLD, LENTIL CHIPS, CREAMY DILL, CREAMY DILL",Snacks & Sweets,500.0,10.7,25.0,60.7,3.6,0.0,786.0,60
5550,"AHOLD, LENTIL CHIPS, SEA SALT, SEA SALT",Snacks & Sweets,500.0,10.7,25.0,60.7,3.6,0.0,607.0,60
5551,"AHOLD, LIGHT ITALIAN BREAD",Grains,195.0,4.88,2.44,39.0,7.3,2.44,415.0,60
5552,"AHOLD, MULTIGRAIN TORTILLA CHIPS, SRIRACHA, SRIRACHA",Snacks & Sweets,464.0,7.14,25.0,64.3,7.1,0.0,250.0,60
5553,"AHOLD, NATURE'S PROMISE, 9 GRAIN BREAD",Grains,233.0,11.6,3.49,44.2,4.7,6.98,349.0,70
5554,"AHOLD, NATURE'S PROMISE, ORGANIC WALNUTS",Snacks & Sweets,643.0,14.3,60.7,17.9,3.6,3.57,0.0,60
5555,"AHOLD, NATURE'S PROMISE, ROASTED ALMONDS",Snacks & Sweets,643.0,21.4,57.1,17.9,10.7,3.57,446.0,70
5556,"AHOLD, NATURE'S PROMISE, ROASTED MIXED NUTS",Snacks & Sweets,643.0,17.9,57.1,21.4,7.1,3.57,0.0,60
5557,"AHOLD, NATURE'S PROMISE, ROASTED PEANUTS",Snacks & Sweets,571.0,25.0,50.0,21.4,10.7,0.0,0.0,60
5558,"AHOLD, NATURE'S PROMISE, SESAME TAHINI",Other,600.0,20.0,56.7,13.3,13.3,0.0,0.0,60
5559,"AHOLD, NATURE'S PROMISE, YELLOW POPPING CORN",Snacks & Sweets,364.0,9.09,4.55,72.7,12.1,0.0,0.0,60
5560,"AHOLD, ORIGINAL BAKED BEANS",Other,115.0,4.62,0.77,23.1,5.4,8.46,415.0,60
5561,"AHOLD, ORIGINAL PORK TENDERLOIN",Meat & Poultry,89.0,17.0,1.79,1.79,0.0,0.0,170.0,60
5562,"AHOLD, PARTY PEANUTS",Snacks & Sweets,571.0,25.0,50.0,17.9,7.1,3.57,357.0,60
5563,"AHOLD, PEANUTS DRY ROASTED",Snacks & Sweets,571.0,25.0,50.0,21.4,7.1,3.57,304.0,60
5564,"AHOLD, PEANUTS, BUTTER TOFFEE, BUTTER TOFFEE",Snacks & Sweets,464.0,10.7,25.0,60.7,3.6,53.6,286.0,60
5565,"AHOLD, PEPPERCORN SEASONED PORK LOIN FILLET",Meat & Poultry,116.0,17.0,4.46,1.79,0.0,0.0,223.0,60
5566,"AHOLD, PORK LOIN FILLET, MESQUITE SEASONED",Meat & Poultry,125.0,17.0,5.36,3.57,0.0,0.89,429.0,60
5567,"AHOLD, PORK TENDERLOIN, GARLIC HERB SEASONED",Meat & Poultry,98.0,16.1,1.79,3.57,0.0,0.89,393.0,60
5568,"AHOLD, PORTOBELLO MUSHROOM SEASONED PORK TENDERLOIN",Meat & Poultry,98.0,17.0,1.79,3.57,0.0,0.89,295.0,60
5569,"AHOLD, POT-SIZED, SPAGHETTI, ENRICHED MACARONI PRODUCT",Other,357.0,12.5,1.79,73.2,3.6,3.57,0.0,70
5570,"AHOLD, PUMPKIN BREAD",Grains,250.0,7.14,0.0,50.0,3.6,7.14,393.0,60
5571,"AHOLD, ROASTED UNSALTED ALMONDS",Snacks & Sweets,643.0,21.4,57.1,17.9,10.7,3.57,0.0,70
5572,"AHOLD, ROASTED UNSALTED PISTACHIOS",Snacks & Sweets,567.0,20.0,43.3,30.0,10.0,6.67,0.0,70
5573,"AHOLD, ROMAN BEANS",Vegetables,333.0,22.2,1.11,60.0,24.4,2.22,0.0,70
5574,"AHOLD, SIMPLE EMJOY, SESAME WATER CRACKERS",Other,383.0,6.67,8.33,70.0,3.3,0.0,267.0,60
5575,"AHOLD, SIMPLY ENJOY, GOURMET DIP WITH PEPPER TOPPING, SWEET POTATO HARISSA, SWEET POTATO HARISSA",Other,143.0,3.57,8.93,14.3,3.6,3.57,304.0,65
5576,"AHOLD, SIMPLY ENJOY, TRADIZIONALE TORTELLINI TRIO",Other,250.0,11.0,4.5,42.0,2.0,1.0,450.0,60
5577,"AHOLD, TURKEY CHILI, WITH BEANS",Other,110.0,8.16,4.08,9.39,3.7,2.04,253.0,60
5578,"AHOLD, WHOLE CASHEWS, SEA SALT, SEA SALT",Snacks & Sweets,571.0,17.9,46.4,28.6,3.6,7.14,393.0,60
5579,AIR FRIED FISH FILLETS,Seafood,173.0,11.8,4.09,21.8,2.7,0.9,473.0,60
5580,AIR POPPED POPCORN,Snacks & Sweets,500.0,10.7,21.4,64.3,10.7,0.0,464.0,70
5581,"AIR POPPED POPCORN, CHIPOTLE AGED CHEDDAR",Snacks & Sweets,464.0,10.7,16.1,64.3,10.7,0.0,893.0,60
5582,"AIR POPPED POPCORN, EXTRA TENDER",Snacks & Sweets,607.0,7.14,42.9,50.0,14.3,0.0,500.0,60
5583,"AIR POPPED POPCORN, SEA SALT",Snacks & Sweets,500.0,10.7,25.0,60.7,10.7,0.0,536.0,60
5584,"AIR POPPED POPCORN, SEA SALT",Snacks & Sweets,472.0,9.43,23.6,56.6,18.9,0.0,377.0,60
5585,"AIR POPPED POPCORN, SEA SALT",Snacks & Sweets,571.0,10.7,28.6,67.9,10.7,0.0,536.0,60
5586,"AIR POPPED POPCORN, SEA SALT",Snacks & Sweets,500.0,10.7,25.0,60.7,14.3,0.0,411.0,70
5587,"AIR POPPED POPCORN, SEA SALTED CARAMEL",Snacks & Sweets,464.0,10.7,17.9,67.9,14.3,7.1,607.0,60
5588,"AIR POPPED POPCORN, WHITE CHEDDAR",Snacks & Sweets,464.0,10.7,17.9,64.3,10.7,3.57,714.0,60
5589,"AIR POPPED POPCORN, WHITE CHEDDAR",Snacks & Sweets,464.0,10.7,17.9,64.3,10.7,3.57,714.0,60
5590,"AIR POPPED POPCORN, WHITE CHEDDAR",Snacks & Sweets,464.0,10.7,17.9,64.3,10.7,3.57,714.0,60
5591,AIRBOAT HARVESTED CANADIAN WILD RICE,Grains,356.0,15.6,0.0,75.6,6.7,2.22,0.0,70
5592,AIRLINE CHIX BREAST,Meat & Poultry,116.0,22.3,2.68,0.0,0.0,0.0,45.0,60
5593,"AJISHIMA FOODS CO., LTD., RICE SEASONING",Grains,429.0,14.3,14.3,57.1,14.3,14.3,3000.0,65
5594,"AJISHIMA, ROASTED WASABI SEASAME RICE SEASONING",Grains,500.0,12.5,31.2,50.0,12.5,12.5,1560.0,60
5595,AJONJOLI NATURAL (NATURAL SESAME SEEDS),Other,532.0,10.7,0.0,21.4,10.7,0.0,14.0,60
5596,AJWAIN SEED WHOLE ORGANIC SPICES,Other,238.0,23.8,0.0,47.6,47.6,0.0,0.0,70
5597,"AK POLLOCK, CRUNCHY BREADED 3.6 OZ WHOLE GRAIN RECTANGLE PORTIONS PAR FRIED OVEN READY",Grains,186.0,13.7,8.82,13.7,2.0,0.0,275.0,60
5598,"AKARA, AFRICAN FALAFEL BURGERS",Snacks & Sweets,112.0,3.53,3.53,14.1,3.5,3.53,212.0,60
5599,"AKARA, AFRICAN FALAFEL BURGERS",Other,129.0,3.53,3.53,17.6,3.5,3.53,224.0,65
5600,"AKARA, AFRICAN FALAFEL BURGERS, ROASTED TOMATO, ROASTED TOMATO",Snacks & Sweets,106.0,3.53,3.53,14.1,3.5,3.53,224.0,60
5601,"AL AMIR, MOROCCAN SARDINES IN OIL WITH CHILI PEPPERS",Seafood,232.0,25.3,14.7,0.0,0.0,0.0,379.0,60
5602,"AL AMIR, PREMIUM FAVA BEANS",Other,77.0,5.38,0.77,11.5,5.4,0.77,331.0,60
5603,"AL AMIRA, SUPER NUTS",Snacks & Sweets,607.0,20.0,46.7,26.7,6.7,3.33,267.0,60
5604,"AL DENTE, BONA CHIA LINGUINE",Other,339.0,12.5,1.79,67.9,7.1,1.79,0.0,70
5605,"AL DENTE, CARBA - NADA, FETTUCCINE NOODLES, LEMON PEPPER, LEMON PEPPER",Other,250.0,21.4,1.79,42.9,10.7,0.0,36.0,70
5606,"AL DENTE, FETTUCCINE NOODLES, EGG, EGG",Other,339.0,12.5,1.79,66.1,3.6,1.79,9.0,70
5607,"AL DENTE, PAPPARDELLE NOODLES, GARLIC HERB, GARLIC HERB",Other,339.0,12.5,1.79,67.9,3.6,1.79,18.0,70
5608,"AL DENTE, WHOLE WHEAT FETTUCCINE",Other,339.0,12.5,4.46,60.7,10.7,3.57,9.0,70
5609,"AL FRESCO, CHICKEN SAUSAGE, APPLE MAPLE, APPLE MAPLE",Meat & Poultry,188.0,18.8,7.81,12.5,,12.5,500.0,60
5610,AL PASTOR SLICES FLAME BROILED PORK,Meat & Poultry,190.0,16.7,11.9,4.76,1.2,1.2,476.0,60
5611,ALA HEART HEALTHY TRAIL MIX,Snacks & Sweets,471.0,11.8,32.4,44.1,5.9,14.7,0.0,70
5612,"ALADDIN BAKERS, BAKED IN BROOKLYN, ALL NATURAL BREADSTICKS, CHILE PEPPER WITH SESAME SEEDS, CHILE PEPPER WITH SESAME SEEDS",Grains,438.0,12.5,12.5,68.8,6.2,0.0,875.0,60
5613,"ALADDIN BAKERS, STICKS",Other,438.0,12.5,9.38,68.8,6.2,0.0,750.0,60
5614,ALADIN ROASTED AND GROUND COFFEE,Other,300.0,20.0,10.0,60.0,40.0,,0.0,70
5615,"ALASKA BREADED WILD CAUGHT POLLOCK FISH STICKS, ALASKA",Grains,202.0,12.8,3.72,27.7,1.1,1.1,340.0,60
5616,ALASKA COD FILLETS,Seafood,77.0,18.1,0.55,0.0,0.0,0.0,71.0,60
5617,ALASKA COD FILLETS,Seafood,71.0,17.9,0.0,0.0,0.0,0.0,268.0,60
5620,ALASKA KETA SALMON FILLETS,Seafood,116.0,20.5,3.57,0.0,0.0,0.0,49.0,60
5621,"ALASKA KETA SKIN ON SALMON FILLET, ALASKA KETA",Seafood,120.0,20.4,3.52,0.0,0.0,0.0,49.0,60
5622,"ALASKA KETA SKIN ON SALMON FILLETS, ALASKA KETA",Seafood,120.0,20.4,3.52,0.0,0.0,0.0,49.0,60
5623,"ALASKA KETA SKIN ON, FULL SIDE SALMON FILLET, ALASKA KETA",Seafood,124.0,20.4,3.98,0.0,0.0,0.0,49.0,60
5624,ALASKA PACIFIC COD PORTIONS,Seafood,71.0,15.3,0.29,0.0,0.0,0.0,306.0,60
5625,ALASKA PINK SALMON,Seafood,118.0,18.8,4.71,0.0,0.0,0.0,353.0,60
5626,ALASKA PINK SALMON,Seafood,118.0,18.8,4.71,0.0,0.0,0.0,353.0,60
5627,ALASKA PINK SALMON,Seafood,143.0,23.2,5.36,0.0,0.0,0.0,357.0,60
5628,ALASKA PINK SALMON,Seafood,129.0,20.0,4.71,0.0,,,400.0,60
5629,"ALASKA POLLOCK BURGER, ALASKA POLLOCK",Other,106.0,15.9,3.1,4.42,0.9,0.88,345.0,60
5630,ALASKA POLLOCK FILLET SQUARES IN OUR CRISP BUBBLY BATTER,Seafood,239.0,10.6,15.9,12.4,0.9,1.77,354.0,60
5631,ALASKA POLLOCK FILLETS,Seafood,71.0,17.0,0.0,0.0,0.0,0.0,85.0,60
5632,"ALASKA POLLOCK NUGGETS, ALASKA POLLOCK",Seafood,207.0,12.2,9.76,17.1,0.0,0.0,488.0,60
5634,"Alaska Pollock, Oven Ready Breaded Fish Sticks Frozen USDA",Grains,195.0,14.2,7.96,17.7,1.8,0.0,283.0,60
5635,"ALASKA SALMON BURGERS, ALASKA",Other,152.0,17.7,7.59,1.27,0.0,0.0,291.0,60
5636,"ALASKA SALMON BURGERS, ALASKA",Other,154.0,17.6,7.69,1.1,0.0,0.0,286.0,60
5637,ALASKA SALMON WITH SWEET CHILI SAUCE,Seafood,95.0,17.7,1.33,1.77,0.9,0.88,177.0,60
5638,"ALASKA SEAFOOD, OCEAN BEAUTY SEAFOODS, SALMON BURGERS",Other,127.0,19.0,4.43,3.8,1.3,0.0,367.0,60
5639,"ALASKA SKINLESS, BONELESS COD FILLETS, ALASKA",Seafood,70.0,17.6,0.0,0.0,0.0,0.0,106.0,60
5640,"ALASKA SKINLESS, BONELESS HALIBUT FILLET, ALASKA",Seafood,91.0,18.7,1.26,0.0,0.0,0.0,68.0,60
5641,"ALASKA SKINLESS, BONELESS POLLOCK LOINS, ALASKA",Seafood,71.0,16.8,0.0,0.0,0.0,0.0,159.0,60
5642,ALASKA SMOKED SOCKEYE SALMON,Seafood,177.0,24.2,8.06,1.61,0.0,0.0,435.0,60
5643,ALASKA SMOKED SOCKEYE SALMON,Seafood,177.0,24.2,8.06,0.0,0.0,0.0,435.0,60
5644,ALASKA SOCKEYE SALMON,Seafood,134.0,22.3,4.46,0.0,0.0,0.0,76.0,60
5645,"ALASKA SOCKEYE SALMON BURGERS, ALASKA SOCKEYE",Seafood,165.0,10.6,11.2,7.06,0.6,0.6,371.0,60
5647,"ALASKA SOCKEYE SALMON HATCH CHILE BURGERS, ALASKA SOCKEYE SALMON",Other,111.0,17.8,3.89,3.33,1.1,1.11,367.0,60
5648,"ALASKA SOCKEYE SALMON LIGHTLY SEASONED BURGERS, ALASKA SOCKEYE SALMON",Other,111.0,18.9,3.89,2.22,0.0,0.0,289.0,60
5650,"ALASKA SOCKEYE SALMON, ALASKA SOCKEYE",Seafood,142.0,21.2,5.31,0.0,0.0,0.0,111.0,60
5651,ALASKA WILD CAUGHT,Seafood,88.0,18.2,1.47,0.0,0.0,0.0,74.0,60
5652,"ALASKA WILD CAUGHT SALMON BURGERS, ALASKA",Other,150.0,17.7,7.96,1.77,0.0,0.0,292.0,60
5653,ALASKA WILD SOCKEYE SALMON PORTIONS,Seafood,153.0,21.8,7.06,0.0,0.0,0.0,59.0,60
5654,ALASKAN COD CAKES,Other,200.0,15.3,11.8,8.24,1.2,0.0,376.0,60
5655,ALASKAN COD FILLETS,Seafood,71.0,17.7,0.0,0.0,0.0,0.0,111.0,60
5656,"ALASKAN COHO WILD CAUGHT SALMON FILLETS, ALASKAN COHO",Seafood,147.0,21.8,5.88,0.0,0.0,0.0,47.0,60
5657,"ALASKAN COHO WILD CAUGHT SALMON FILLETS, ALASKAN COHO",Seafood,148.0,21.8,5.63,0.0,0.0,0.0,46.0,60
5658,"ALASKAN COHO WILD CAUGHT SALMON FULL SIDE FILLET, ALASKAN COHO",Seafood,150.0,22.1,6.19,0.0,0.0,0.0,44.0,60
5659,ALASKAN FLOUNDER FILLETS,Seafood,88.0,18.6,1.33,0.0,0.0,0.0,81.0,60
5660,ALASKAN HALIBUT BONELESS SKINLESS FILLET,Seafood,131.0,24.8,2.53,0.0,0.0,0.0,63.0,60
5661,ALASKAN JACK'S WILD CAUGHT KETA SALMON,Other,100.0,20.6,1.76,0.0,0.0,0.0,124.0,60
5662,"ALASKAN JACK'S WILD CAUGHT KETA SALMON, CITRUS PEPPER",Seafood,100.0,20.6,1.76,0.0,0.0,0.0,124.0,60
5663,"ALASKAN JACK'S WILD CAUGHT KETA SALMON, HONEY TERIYAKI",Seafood,100.0,18.2,1.18,2.35,1.2,0.0,188.0,60
5664,"ALASKAN KETA WILD CAUGHT SALMON SKINLESS FILLETS, ALASKAN KETA",Seafood,120.0,20.4,3.52,0.0,0.0,0.0,49.0,60
5665,ALASKAN PINK SALMON,Seafood,143.0,20.6,4.76,0.0,0.0,0.0,429.0,60
5666,"ALASKAN PINK SALMON, ALASKAN",Seafood,127.0,19.0,4.76,0.0,0.0,0.0,365.0,60
5667,"ALASKAN POLLOCK BURGERS, ALASKAN",Other,139.0,15.2,7.59,5.06,0.0,1.27,215.0,60
5668,"ALASKAN POLLOCK FILLETS, ALASKAN POLLOCK",Seafood,80.0,17.0,0.89,0.0,0.0,0.0,98.0,60
5669,"ALASKAN POLLOCK SKILLET CUTS, ALASKAN",Seafood,71.0,16.8,0.0,0.0,0.0,0.0,159.0,60
5670,"ALASKAN SALMON BITES, ALASKAN",Other,167.0,14.8,11.1,1.85,0.0,0.93,269.0,60
5671,"ALASKAN SALMON BURGER, ALASKAN SALMON",Other,176.0,15.4,12.1,2.2,1.1,0.0,407.0,60
5672,ALASKAN SALMON BURGERS,Other,150.0,17.7,7.96,1.77,0.0,0.0,292.0,60
5673,ALASKAN SALMON BURGERS,Other,115.0,18.6,5.31,0.0,0.0,0.0,372.0,60
5674,ALASKAN SALMON BURGERS,Other,139.0,16.5,7.59,3.8,1.3,0.0,44.0,60
5675,ALASKAN SOCKEYE SALMON,Seafood,133.0,22.1,4.42,0.0,0.0,0.0,80.0,60
5676,ALASKAN SOCKEYE SALMON FILLET,Seafood,167.0,21.2,8.59,0.0,0.0,0.0,48.0,60
5677,ALASKAN SOCKEYE SALMON FILLETS,Seafood,133.0,22.1,4.42,0.0,0.0,0.0,80.0,60
5678,ALASKAN SOCKEYE SALMON PORTIONS,Seafood,153.0,21.8,7.06,0.0,0.0,0.0,59.0,60
5679,"ALASKAN SOCKEYE SALMON, ALASKAN SOCKEYE",Seafood,129.0,22.4,4.71,0.0,0.0,0.0,79.0,60
5680,"ALASKAN SOCKEYE WILD CAUGHT SALMON FILLET, ALASKAN SOCKEYE",Seafood,167.0,21.2,8.59,0.0,0.0,0.0,48.0,60
5681,"ALASKAN SOCKEYE WILD CAUGHT SALMON FILLETS, ALASKAN SOCKEYE",Seafood,134.0,22.5,4.23,0.0,0.0,0.0,70.0,60
5682,"ALASKAN SOCKEYE WILD-CAUGHT SALMON FILLETS, ALASKAN SOCKEYE",Seafood,176.0,21.8,9.15,0.0,0.0,0.0,49.0,60
5683,"ALASKAN WILD CAUGHT COD FILLET, ALASKAN",Seafood,70.0,15.5,0.35,0.0,0.0,0.0,303.0,60
5684,"ALASKAN WILD CAUGHT COD FILLETS, ALASKAN",Seafood,71.0,18.8,0.0,0.0,0.0,0.0,376.0,60
5685,"ALASKAN WILD CAUGHT KETA SALMON SKIN-ON FILLETS, ALASKAN",Seafood,116.0,20.5,3.57,0.0,0.0,0.0,49.0,60
5686,"ALASKAN WILD CAUGHT PINK SALMON, ALASKAN",Seafood,118.0,18.8,4.71,0.0,0.0,0.0,353.0,60
5687,"ALASKAN WILD CAUGHT PINK SALMON, ALASKAN",Seafood,118.0,20.0,4.12,0.0,0.0,0.0,306.0,60
5688,"ALASKAN WILD CAUGHT PINK SALMON, ALASKAN",Seafood,118.0,18.8,4.71,0.0,0.0,0.0,353.0,60
5689,"ALASKAN WILD CAUGHT PINK SALMON, ALASKAN",Seafood,143.0,21.4,5.36,0.0,0.0,0.0,375.0,60
5690,"ALASKAN WILD CAUGHT PINK SALMON, ALASKAN",Seafood,94.0,20.0,1.76,0.0,0.0,0.0,282.0,60
5691,"ALASKAN WILD CAUGHT RED SOCKEYE SALMON, ALASKAN",Seafood,153.0,20.0,7.06,2.35,0.0,0.0,365.0,60
5692,"ALASKAN WILD CAUGHT RED SOCKEYE SALMON, ALASKAN",Seafood,153.0,20.0,7.06,2.35,0.0,0.0,365.0,60
5693,"ALASKAN WILD CAUGHT SKINLESS POLLOCK FILLETS, ALASKAN",Seafood,80.0,17.7,0.88,0.0,0.0,0.0,53.0,60
5694,ALBACORE CHUNK WHITE TUNA IN WATER,Other,107.0,26.8,0.89,0.0,0.0,0.0,393.0,60
5695,"ALBACORE CHUNK WHITE TUNA IN WATER, ALBACORE CHUNK WHITE IN WATER",Other,114.0,25.7,0.71,0.0,0.0,0.0,314.0,60
5696,ALBACORE IN SPRING WATER  TUNA ,Seafood,114.0,24.3,1.43,0.0,0.0,0.0,257.0,60
5697,ALBACORE PREMIUM IN OIL TUNA,Other,150.0,27.4,4.42,0.0,0.0,0.0,248.0,60
5698,ALBACORE PREMIUM IN WATER TUNA,Other,106.0,24.8,0.88,0.0,0.0,0.0,124.0,60
5699,"ALBACORE RANCH WHITE TUNA IN WATER, ALBACORE RANCH IN WATER",Other,108.0,23.0,0.68,2.7,1.4,1.4,419.0,60
5700,"ALBACORE READY-TO-EAT TUNA SALAD, ALBACORE",Other,118.0,12.9,4.71,4.71,1.2,1.18,365.0,60
5701,ALBACORE SOLID WHITE IN WATER TUNA ,Other,99.0,21.8,1.76,0.0,0.0,0.0,190.0,60
5702,ALBACORE SOLID WHITE TUNA,Other,143.0,28.6,2.68,0.0,0.0,0.0,321.0,60
5703,ALBACORE SOLID WHITE TUNA,Other,125.0,28.6,2.68,0.0,0.0,0.0,321.0,60
5704,ALBACORE SOLID WHITE TUNA IN WATER,Other,143.0,28.6,2.68,0.0,0.0,0.0,321.0,60
5705,ALBACORE SOLID WHITE TUNA IN WATER,Other,125.0,26.8,1.79,0.0,0.0,0.0,250.0,60
5706,ALBACORE SOLID WHITE TUNA IN WATER,Other,143.0,28.6,2.68,0.0,0.0,0.0,89.0,60
5707,"ALBACORE SOLID WHITE TUNA IN WATER, ALBACORE",Other,118.0,27.7,0.84,0.0,0.0,0.0,395.0,60
5708,ALBACORE SOLID WILD TUNA IN EXTRA VIRGIN OLIVE OIL,Other,196.0,26.8,8.93,0.0,0.0,0.0,375.0,60
5709,"ALBACORE SOLID WITH TUNA, OLIVE OIL",Other,214.0,25.0,12.5,0.0,0.0,0.0,321.0,60
5710,"ALBACORE SWEET & SPICY FLAVORED WHITE TUNE IN WATER, ALBACORE SWEET & SPICY",Other,149.0,23.0,1.35,9.46,1.4,8.1,392.0,60
5711,ALBACORE TUNA,Other,179.0,28.6,10.7,0.0,0.0,0.0,54.0,60
5712,ALBACORE TUNA,Other,214.0,28.6,10.7,0.0,0.0,0.0,446.0,60
5713,ALBACORE TUNA,Other,214.0,32.1,8.04,0.0,0.0,0.0,286.0,60
5714,ALBACORE TUNA BURGERS PATTIES,Other,127.0,24.0,3.16,2.53,1.3,0.0,392.0,60
5715,ALBACORE TUNA BURGERS WITH JALAPENOS,Other,188.0,14.3,12.5,5.36,0.9,0.0,321.0,60
5716,ALBACORE TUNA FILLET PORTIONS,Seafood,147.0,18.8,6.47,1.76,0.0,0.59,41.0,60
5717,"ALBACORE TUNA FINGER SANDWICHES, ALBACORE TUNA",Other,217.0,20.6,9.24,20.1,1.6,4.35,266.0,60
5718,"ALBACORE TUNA FINGER SANDWICHES, ALBACORE TUNA",Other,217.0,20.6,9.24,20.1,1.6,4.35,266.0,60
5719,"ALBACORE TUNA IN EXTRA VIRGIN OLIVE OIL, ALBACORE TUNA",Other,324.0,21.1,26.8,0.0,0.0,0.0,352.0,60
5720,ALBACORE TUNA IN OLIVE OIL,Other,196.0,23.2,10.7,0.0,0.0,0.0,321.0,60
5721,ALBACORE TUNA IN OLIVE OIL,Other,183.0,23.9,9.86,0.0,0.0,0.0,394.0,60
5722,ALBACORE TUNA IN PURE OLIVE OIL,Other,214.0,26.8,12.5,0.0,0.0,0.0,62.0,60
5723,ALBACORE TUNA IN PURE OLIVE OIL,Other,161.0,23.2,7.14,0.0,0.0,0.0,250.0,60
5724,ALBACORE TUNA IN WATER,Other,125.0,26.8,0.18,0.0,0.0,0.0,429.0,60
5725,"ALBACORE TUNA IN WATER, ALBACORE IN WATER",Other,122.0,24.3,3.38,0.0,0.0,0.0,284.0,60
5726,ALBACORE TUNA SALAD WHEAT,Other,212.0,14.1,9.62,19.2,1.9,1.92,391.0,60
5727,"ALBACORE TUNA SALAD, ALBACORE TUNA",Other,260.0,13.0,22.0,3.0,0.0,1.0,420.0,60
5728,"ALBACORE TUNA WITH CHIPOTLE & OLIVE OIL, CHIPOTLE & OLIVE OIL",Snacks & Sweets,250.0,21.4,16.1,1.79,0.0,1.79,464.0,60
5729,"ALBACORE TUNA WITH OMEGA-3 TUNA OIL, OMEGA-3 TUNA OIL",Other,141.0,22.5,2.82,1.41,1.4,0.0,239.0,60
5730,"ALBACORE TUNA WITH OMEGA-3 TUNA OIL, OMEGA-3 TUNA OIL",Other,125.0,28.6,4.46,0.0,0.0,0.0,250.0,60
5731,ALBACORE TUNA WITH SUNDRIED TOMATOES & OLIVE OIL,Other,250.0,21.4,16.1,1.79,0.0,1.79,464.0,60
5732,ALBACORE WHITE PREMIUM TUNA IN WATER,Other,107.0,23.2,8.93,0.0,0.0,0.0,446.0,60
5733,ALBACORE WHITE TUNA IN WATER,Other,118.0,23.5,2.35,0.0,0.0,0.0,353.0,60
5734,ALBACORE WHITE TUNA IN WATER,Other,120.0,23.2,2.46,1.41,0.0,0.0,254.0,60
5735,ALBACORE WHITE TUNA IN WATER,Other,122.0,28.4,1.35,0.0,0.0,0.0,392.0,60
5736,ALBACORE WHITE TUNA IN WATER,Other,107.0,23.2,1.79,0.0,0.0,,321.0,60
5737,"ALBACORE WHITE TUNA IN WATER, ALBACORE",Other,122.0,27.0,0.68,0.0,0.0,0.0,392.0,60
5738,"ALBACORE WHITE TUNA IN WATER, ALBACORE WHITE IN WATER",Other,107.0,21.4,1.79,0.0,0.0,,321.0,60
5739,"ALBACORE WHITE TUNA IN WATER, ALBACORE WHITE IN WATER",Other,122.0,24.3,3.38,0.0,0.0,0.0,284.0,60
5740,"ALBACORE WHITE TUNA IN WATER, ALBACORE WHITE IN WATER",Other,108.0,23.0,2.03,0.0,,,324.0,60
5741,"ALBACORE WHITE TUNA IN WATER, ALBACORE WHITE IN WATER",Other,107.0,21.4,1.79,0.0,0.0,,321.0,60
5742,ALBACORE WILD TUNA,Other,141.0,24.7,4.71,0.0,0.0,0.0,271.0,60
5743,ALBACORE WILD TUNA,Other,118.0,24.7,2.94,0.0,0.0,0.0,235.0,60
5744,ALBACORE WILD TUNA,Other,124.0,22.1,4.42,0.88,0.9,0.0,159.0,60
5745,ALBACORE WILD TUNA,Other,161.0,23.2,6.25,0.0,,,357.0,60
5746,ALBACORE WILD TUNA,Other,118.0,24.7,2.94,0.0,0.0,0.0,235.0,60
5747,ALBACORE WILD TUNA IN EXTRA VIRGIN OLIVE OIL,Other,341.0,22.4,27.1,0.0,,,353.0,60
5748,ALBACORE WILD TUNA IN EXTRA VIRGIN OLIVE OIL,Other,341.0,22.4,27.1,0.0,,,353.0,60
5749,"ALBACORE WILD TUNA IN EXTRA VIRGIN OLIVE OIL, ALBACORE IN EXTRA VIRGIN OLIVE OIL",Other,232.0,23.2,14.3,0.0,0.0,0.0,205.0,60
5750,"ALBACORE WILD TUNA IN EXTRA VIRGIN OLIVE OIL, ALBACORE IN EXTRA VIRGIN OLIVE OIL",Other,204.0,25.7,10.6,0.0,0.0,0.0,327.0,60
5751,"ALBACORE WILD TUNA IN WATER AND SEA SALT, ALBACORE IN WATER AND SEA SALT",Other,115.0,25.7,1.33,0.0,0.0,0.0,372.0,60
5752,"ALBACORE WILD TUNA IN WATER AND SEA SALT, ALBACORE IN WATER AND SEA SALT",Other,107.0,25.0,0.89,0.0,0.0,0.0,250.0,60
5753,"ALBACORE WILD TUNA IN WATER, ALBACORE",Other,150.0,23.9,5.31,0.88,0.9,0.0,274.0,60
5754,"ALBACORE WILD TUNA WITH LEMON & THYME, LEMON & THYME",Other,176.0,23.0,9.46,1.35,,1.4,311.0,60
5755,"ALBACORE WILD TUNA WITH LIME & BASIL, LIME & BASIL",Other,203.0,21.6,12.2,1.35,,1.4,351.0,60
5756,"ALBACORE WILD TUNA WITH SWEET CHILI PEPPER, SWEET CHILI PEPPER",Other,176.0,21.6,9.46,1.35,,1.4,115.0,60
5757,"ALBACORE WILD TUNA, ALBACORE",Other,230.0,23.0,13.3,0.88,0.9,0.0,381.0,60
5758,"ALBRECHT'S DELAFIELD MARKET, CAJUN CRUNCH MIX",Snacks & Sweets,321.0,21.4,21.4,25.0,3.6,3.57,571.0,60
5759,"ALBRECHT'S DELAFIELD MARKET, JUMBO CASHEWS",Snacks & Sweets,571.0,17.9,50.0,32.1,3.6,3.57,18.0,60
5760,"ALBRECHT'S DELAFIELD MARKET, ORIENTAL MIX WITH GREEN PEAS",Snacks & Sweets,464.0,14.3,21.4,60.7,7.1,3.57,393.0,70
5761,"ALBRECHT'S DELAFIELD MARKET, ROASTED NATURAL WHOLE ALMONDS",Snacks & Sweets,607.0,21.4,57.1,17.9,10.7,3.57,0.0,70
5762,"ALBRECHT'S DELAFIELD MARKET, ROASTED SALTED PECAN HALVES",Snacks & Sweets,714.0,10.7,75.0,14.3,10.7,3.57,393.0,60
5763,"ALBRECHT'S DELAFIELD MARKET, SUPER SESAME SNACK MIX",Snacks & Sweets,571.0,21.4,46.4,25.0,7.1,0.0,429.0,60
5764,"ALDER SMOKED SKINLESS & BONELESS SALMON, ALDER SMOKED",Seafood,133.0,20.0,5.88,0.0,0.0,0.0,412.0,60
5765,ALE BEER CRACKERS,Other,406.0,10.7,10.4,66.3,,5.1,,60
5766,"ALESSI, EGGPLANT APPETIZER",Other,136.0,1.82,11.8,5.45,6.4,4.55,427.0,60
5767,"ALESSI, PREMIUM ALL NATURAL PIGNOLI PINE NUTS",Snacks & Sweets,700.0,16.7,66.7,0.0,3.3,3.33,0.0,70
5768,"ALESSI, SICILIAN SPLIT PEA SOUP, SPACCARELLI, SPACCARELLI",Other,286.0,16.7,1.19,57.1,11.9,4.76,1760.0,65
5769,"Alexia Balsamic Brussels Sprouts & Carrots, Frozen Vegetables, 14 oz.",Vegetables,93.0,1.55,4.65,10.8,3.1,2.3,279.0,65
5770,"ALEXIA, MUSHROOM BITES WITH ROASTED GARLIC AND OLIVE OIL",Other,183.0,5.0,7.5,23.3,3.3,1.67,483.0,60
5771,"ALEXIA, ORGANIC OVEN CRINKLES, SIMPLY SEASONED, SIMPLY SEASONED",Other,143.0,2.38,4.76,23.8,3.6,0.0,369.0,60
5772,"ALEXIA, ORGANIC VEGETABLE MEDLEY",Vegetables,56.0,2.22,0.56,11.1,4.4,4.44,17.0,60
5773,ALFALFA SPROUTS,Fruits,21.0,4.17,0.0,4.17,4.2,,0.0,65
5774,ALFALFA SPROUTS,Fruits,36.0,3.57,0.0,3.57,3.6,0.0,7.0,60
5775,"ALFEZ, FALAFEL MIX",Vegetables,225.0,15.0,3.75,40.0,7.5,7.5,1150.0,60
5776,"ALFREDO BROCCOLI FETTUCCINE PASTA IN A CHEESE SAUCE WITH BROCCOLI, ALFREDO BROCCOLI",Dairy,381.0,12.7,4.76,71.4,3.2,6.35,1020.0,60
5777,"ALFREDO FETTUCCINE IN A CREAMY PARMESAN & ROMANO CHEESE FLAVORED SAUCE, ALFREDO",Dairy,375.0,12.5,5.47,70.3,3.1,0.0,1120.0,60
5778,"ALFREDO FETTUCCINE IN A CREAMY PARMESAN & ROMANO CHEESE FLAVORED SAUCE, ALFREDO",Dairy,371.0,12.9,4.84,71.0,3.2,6.45,1050.0,60
5779,"ALFREDO FETTUCCINE IN A CREAMY PARMESAN & ROMANO CHEESE SAUCE PASTA SIDE DISH, ALFREDO",Dairy,371.0,12.9,4.84,71.0,3.2,1.6,1050.0,60
5780,"ALFREDO FETTUCCINE IN A CREAMY PARMESAN & ROMANO CHEESE SAUCE PASTA SIDE DISH, ALFREDO",Dairy,355.0,11.3,1.61,71.0,3.2,3.23,1110.0,60
5781,"ALFREDO FETTUCCINE PASTA IN A CHEESE SAUCE, ALFREDO",Dairy,371.0,12.9,4.84,71.0,3.2,1.6,1050.0,60
5782,"ALFREDO FETTUCCINI IN A CREAMY PARMESAN & ROMANO CHEESE PASTA & SAUCE, ALFREDO",Dairy,371.0,12.9,4.84,71.0,3.2,0.0,1050.0,60
5783,"ALFREDO FLAVORED GOURMET SIDE PASTA, ALFREDO",Grains,356.0,10.2,2.54,71.2,3.4,3.39,1390.0,60
5784,"ALFREDO ROSA SAUCE, ALFREDO ROSA",Other,97.0,2.65,3.54,12.4,3.5,5.31,221.0,60
5785,"ALFREDO SHRIMP SAUTE, ALFREDO",Other,106.0,10.6,6.19,2.65,0.9,1.77,496.0,60
5786,"ALGARROBA ORGANIC FLOUR, MESQUITE",Other,429.0,7.14,7.14,85.7,35.7,0.0,0.0,60
5787,"ALGOOD, CREAMY PEANUT BUTTER",Other,562.0,21.9,46.9,25.0,6.2,9.38,500.0,60
5788,"ALGOOD, PEANUT BUTTER, CRUNCHY, CRUNCHY",Other,562.0,21.9,46.9,25.0,6.2,9.38,406.0,60
5789,"ALIVE & RADIANT, ORGANIC VEGGIE KRUNCH, SWEET ONION",Snacks & Sweets,286.0,10.7,21.4,25.0,10.7,7.14,893.0,65
5790,"ALKANATER, SESAME CANDY",Snacks & Sweets,600.0,15.9,30.0,52.9,3.5,37.0,53.0,60
5791,"ALKANATER, SESAME CANDY PLAIN",Snacks & Sweets,547.0,14.1,30.0,51.2,3.5,40.6,62.0,60
5792,ALL AMERICAN CLASSIC VEGGIE BURGERS,Other,127.0,21.1,2.82,8.45,8.5,0.0,493.0,70
5793,"ALL AMERICAN FLAME GRILLED VEGGIE BURGERS, ALL AMERICAN FLAME GRILLED",Other,169.0,21.1,6.34,7.04,5.6,0.0,493.0,70
5794,ALL AMERICAN FLAME GRILLED VEGGIE SLIDERS,Other,179.0,21.4,5.95,7.14,6.0,1.19,488.0,70
5795,"ALL AMERICAN MADE WITH ORGANIC VEGETABLES VEGGIE BURGER PATTIES, ALL AMERICAN",Vegetables,183.0,15.5,5.63,18.3,5.6,0.0,606.0,60
5796,"ALL AMERICAN THE ORIGINAL EXTRA LARGE VEGGIE BURGER, ALL AMERICAN",Other,142.0,18.4,5.67,7.8,4.3,0.71,539.0,60
5797,ALL AMERICAN VEGGIE BURGERS,Other,212.0,24.8,9.73,6.19,3.5,0.0,407.0,70
5798,"ALL AROUND GOODNESS CEREAL, MAPLE SYRUP",Other,393.0,7.14,3.57,75.0,10.7,3.57,107.0,60
5799,ALL BANANA CRISPY FRUIT,Fruits,375.0,4.17,0.0,87.5,4.2,0.0,0.0,60
5800,"ALL BEEF SANDWICH STEAKS, BEEF",Meat & Poultry,94.0,14.6,3.65,0.0,,,42.0,60
5801,ALL BUTTER SANDWICH CROISSANTS,Other,388.0,10.6,21.2,38.8,4.7,8.24,424.0,60
5802,ALL DAY BROWNIE,Snacks & Sweets,283.0,10.1,11.1,34.3,7.1,10.1,162.0,70
5803,"ALL NATURAL & BAKED HUMMUZ CRACKERS, ROASTED GARLIC, ROASTED GARLIC",Other,429.0,17.9,8.93,67.9,7.1,3.57,536.0,60
5804,ALL NATURAL ALBACORE TUNA IN WATER,Other,118.0,23.5,1.76,0.0,0.0,0.0,447.0,60
5805,ALL NATURAL AMARANTH,Grains,374.0,14.0,6.0,66.0,9.0,0.0,21.0,70
5806,"ALL NATURAL ARTISAN GRANOLA, CRANBERRY CHERRY",Other,436.0,10.9,18.2,60.0,7.3,25.4,173.0,60
5807,ALL NATURAL BABY LIMA BEANS,Fruits,229.0,37.1,1.43,62.9,25.7,0.0,14.0,70
5808,ALL NATURAL BEEF,Meat & Poultry,125.0,19.6,6.25,0.0,0.0,0.0,214.0,60
5809,ALL NATURAL BISON SIRLOIN STEAKS,Meat & Poultry,106.0,23.5,1.76,0.0,0.0,0.0,44.0,60
5810,ALL NATURAL BLACK BEANS,Fruits,229.0,22.9,2.86,60.0,34.3,0.0,14.0,70
5811,ALL NATURAL BLACK EYE PEAS,Fruits,333.0,24.4,1.11,60.0,11.1,0.0,0.0,70
5812,ALL NATURAL BONELESS SKINLESS CHICKEN BREASTS,Meat & Poultry,98.0,20.5,2.23,0.0,0.0,0.0,161.0,60
5813,ALL NATURAL BONELESS-SKINLESS CHICKEN BREASTS WITH RIB MEAT,Meat & Poultry,107.0,22.3,1.79,0.0,,0.0,31.0,60
5814,ALL NATURAL BREWER'S YEAST,Other,400.0,46.7,3.33,40.0,20.0,13.3,0.0,70
5815,ALL NATURAL BRUSSELS SPROUTS,Fruits,71.0,3.53,3.53,8.24,3.5,2.35,76.0,65
5816,ALL NATURAL BUTTERNUT SQUASH & KALE FARRO,Other,340.0,14.0,2.0,70.0,6.0,0.0,820.0,60
5817,ALL NATURAL CALIFORNIA SUPREME ALMONDS,Snacks & Sweets,567.0,20.0,50.0,20.0,13.3,3.33,0.0,70
5818,ALL NATURAL CHICKEN,Meat & Poultry,107.0,21.4,1.79,0.0,0.0,0.0,179.0,60
5819,"ALL NATURAL CHICKEN BREAST CHUNKS, CHICKEN",Meat & Poultry,229.0,13.5,8.33,24.0,0.0,0.0,438.0,60
5820,ALL NATURAL CHICKEN CHORIZO,Meat & Poultry,123.0,15.8,5.26,1.75,0.0,0.0,474.0,60
5821,ALL NATURAL CHICKEN NUGGETS,Meat & Poultry,171.0,14.5,7.89,11.8,2.6,0.0,434.0,60
5822,ALL NATURAL CHICKEN PATTIES,Meat & Poultry,115.0,19.5,1.77,4.42,0.0,0.0,442.0,60
5823,ALL NATURAL CHICKEN VINDALOO,Meat & Poultry,136.0,15.7,5.71,5.0,0.7,2.14,371.0,60
5824,ALL NATURAL CHICKEN WINGS,Meat & Poultry,125.0,16.1,6.25,0.0,0.0,0.0,125.0,60
5825,ALL NATURAL CHICKEN WINGS,Meat & Poultry,152.0,14.3,10.7,0.0,0.0,0.0,295.0,60
5826,ALL NATURAL CHOCOLATE MILK,Dairy,345.0,31.0,0.0,55.2,13.8,41.4,431.0,60
5827,ALL NATURAL CLASSIC CREAMY ALMOND BUTTER,Other,594.0,21.9,53.1,21.9,9.4,0.0,281.0,70
5828,ALL NATURAL COOKED SHRIMP,Seafood,82.0,17.6,1.18,0.0,0.0,0.0,353.0,60
5829,ALL NATURAL COOKED SHRIMP,Seafood,82.0,17.6,1.18,0.0,0.0,0.0,353.0,60
5830,ALL NATURAL CRINKLE CUT CARROTS,Vegetables,35.0,0.0,0.59,8.24,3.5,3.53,59.0,60
5831,ALL NATURAL DATE SUGAR POWDER,Other,365.0,5.0,12.5,67.5,7.5,10.0,8.0,60
5832,ALL NATURAL EDAMAME,Vegetables,129.0,3.53,4.71,9.41,5.9,2.35,6.0,60
5833,ALL NATURAL FOUR BEAN SALAD,Other,110.0,4.0,0.5,24.0,5.0,11.0,260.0,60
5834,ALL NATURAL FOUR CHEESE FARRO,Vegetables,340.0,14.0,2.0,68.0,6.0,0.0,900.0,60
5835,ALL NATURAL FRESH BONELESS SKINLESS CHICKEN THIGHS,Meat & Poultry,116.0,16.1,6.25,0.0,0.0,0.0,143.0,60
5836,ALL NATURAL GARBANZO CHICKPEAS,Fruits,343.0,20.0,2.86,62.9,14.3,0.0,0.0,70
5837,All Natural Garlic Parmesan Dry Rubbed Pork Loin Filet,Meat & Poultry,116.0,18.8,3.57,1.79,0.0,0.89,482.0,60
5838,ALL NATURAL GLUTEN FREE CHICKEN NUGGETS,Meat & Poultry,194.0,18.8,9.41,8.24,0.0,0.0,400.0,60
5839,ALL NATURAL GLUTEN FREE CHICKEN PATTIES,Meat & Poultry,194.0,18.8,9.41,8.24,0.0,0.0,400.0,60
5840,ALL NATURAL GLUTEN FREE CHICKEN PATTIES,Meat & Poultry,194.0,18.8,9.41,8.24,0.0,0.0,400.0,60
5841,ALL NATURAL GLUTEN FREE CHICKEN TENDERS,Meat & Poultry,194.0,18.8,9.41,8.24,0.0,0.0,400.0,60
5842,ALL NATURAL GLUTEN FREE CHICKEN TENDERS,Meat & Poultry,194.0,18.8,9.41,8.24,0.0,0.0,400.0,60
5843,"ALL NATURAL GRANOLA, VANILLA, CARAMEL",Other,400.0,10.0,10.0,70.0,8.0,14.0,50.0,60
5844,ALL NATURAL GREAT NORTHERN BEANS,Fruits,343.0,22.9,0.0,62.9,20.0,0.0,0.0,70
5845,"ALL NATURAL GROUND BEEF, BEEF",Meat & Poultry,125.0,19.6,6.25,0.0,0.0,0.0,214.0,60
5846,ALL NATURAL GROUND BISON,Meat & Poultry,214.0,18.8,15.2,0.0,0.0,0.0,49.0,60
5847,ALL NATURAL GROUND ELK,Meat & Poultry,170.0,21.4,8.93,0.0,0.0,0.0,80.0,60
5848,ALL NATURAL GROUND TURKEY,Other,205.0,17.0,15.2,0.0,,,71.0,60
5849,ALL NATURAL GROUND WHITE TURKEY,Other,116.0,23.2,3.12,0.0,,,67.0,60
5850,ALL NATURAL HANDMADE GOURMET PASTA,Grains,375.0,12.5,1.79,73.2,3.6,,0.0,70
5851,"ALL NATURAL HUMMUS WITH CHIPS, ORIGINAL",Snacks & Sweets,282.0,8.24,17.6,25.9,5.9,0.0,402.0,60
5852,"ALL NATURAL ISRAELI PEARL COUSCOUS WITH ONION, ONION",Other,360.0,12.0,2.0,80.0,4.0,0.0,3.0,70
5853,"ALL NATURAL KICKIN' KORN, SWEET & SPICY",Snacks & Sweets,464.0,7.14,10.7,71.4,10.7,14.3,179.0,60
5854,ALL NATURAL LEAN GROUND TURKEY,Other,134.0,19.6,7.14,0.0,,,85.0,60
5855,ALL NATURAL LEAN TURKEY BURGER PATTIES,Other,134.0,19.6,7.14,0.0,,,295.0,60
5856,ALL NATURAL LENTILS,Vegetables,219.0,25.0,0.0,59.4,28.1,0.0,16.0,70
5857,ALL NATURAL LENTILS,Vegetables,175.0,20.0,0.0,47.5,22.5,0.0,0.0,70
5858,ALL NATURAL MIXED NUTS,Snacks & Sweets,467.0,13.3,46.7,13.3,6.7,3.33,0.0,70
5859,ALL NATURAL NAVY BEANS,Fruits,333.0,22.2,1.11,60.0,24.4,0.0,0.0,70
5860,ALL NATURAL OAT NUT BREAD,Grains,256.0,9.3,4.65,46.5,4.7,6.98,442.0,60
5861,"ALL NATURAL OATMEAL, GOJI BLUEBERRY",Other,413.0,12.0,9.33,69.3,10.7,24.0,0.0,60
5862,"ALL NATURAL OATMEAL, MANGO BLACKBERRY",Other,400.0,12.0,8.0,70.7,9.3,26.7,0.0,60
5863,"ALL NATURAL ORIGINAL GRANOLA, ORIGINAL",Other,607.0,17.9,42.9,42.9,10.7,14.3,161.0,60
5864,ALL NATURAL PEANUT BUTTER,Other,594.0,25.0,50.0,21.9,9.4,6.25,391.0,60
5865,ALL NATURAL PEANUT POWDER,Other,417.0,50.0,12.5,33.3,16.7,8.33,0.0,70
5866,ALL NATURAL PEARLED BARLEY,Grains,343.0,11.4,2.86,77.1,5.7,0.0,0.0,70
5867,ALL NATURAL PEARLED BARLEY,Vegetables,343.0,11.4,2.86,77.1,5.7,0.0,0.0,70
5868,ALL NATURAL PEAS & CARROTS,Vegetables,59.0,3.53,0.0,11.8,4.7,4.71,65.0,60
5869,ALL NATURAL PINTO BEANS,Fruits,343.0,20.0,2.86,62.9,14.3,0.0,0.0,70
5870,ALL NATURAL PIZZA SAUCE,Other,33.0,1.67,0.0,5.0,3.3,3.33,250.0,65
5871,ALL NATURAL POP CORN,Snacks & Sweets,429.0,10.7,12.5,71.4,14.3,0.0,571.0,60
5872,ALL NATURAL PRETZELS,Snacks & Sweets,426.0,8.51,6.38,80.8,4.3,4.26,319.0,60
5873,"ALL NATURAL PROTEIN COOKIE, PEANUT BUTTER",Snacks & Sweets,375.0,25.0,17.5,42.5,10.0,17.5,300.0,65
5874,"ALL NATURAL PUMPKIN CORN SALSA, MEDIUM MILD HEAT",Other,48.0,0.0,0.0,9.68,3.2,0.0,371.0,65
5875,ALL NATURAL RAW SHRIMP,Seafood,9.0,16.1,1.79,0.0,0.0,0.0,357.0,60
5876,ALL NATURAL RED KIDNEY BEANS,Fruits,257.0,22.9,0.0,60.0,25.7,0.0,0.0,70
5877,ALL NATURAL ROASTED GARLIC HUMMUS WITH HUMMUS CHIPS,Snacks & Sweets,229.0,8.24,9.41,28.2,5.9,2.35,362.0,60
5878,ALL NATURAL ROASTED NO SALT SUPREME ALMONDS,Snacks & Sweets,600.0,20.0,50.0,23.3,13.3,3.33,0.0,70
5879,ALL NATURAL ROASTED RED PEPPER HUMMUS,Other,179.0,3.57,12.5,14.3,3.6,3.57,429.0,60
5880,ALL NATURAL ROASTED SEAWEED,Snacks & Sweets,500.0,28.0,50.0,20.0,20.0,,800.0,65
5881,"ALL NATURAL SALSA, CHIPOTLE PEPPER",Snacks & Sweets,33.0,3.33,0.0,6.67,3.3,3.33,300.0,65
5882,"ALL NATURAL SALSA, MANGO, HABANERO, SMOKIN' HOT",Other,50.0,3.33,0.0,13.3,3.3,6.67,283.0,65
5883,"ALL NATURAL SALSA, MILD",Other,31.0,0.0,0.0,9.38,3.1,3.12,234.0,65
5884,ALL NATURAL SEA SCALLOPS,Other,71.0,12.5,0.45,2.68,0.0,0.0,393.0,60
5885,ALL NATURAL SEAFOOD MEDLEY,Seafood,80.0,15.0,1.33,2.21,0.0,0.0,204.0,60
5886,ALL NATURAL SEASHELLS CONCHIGLIE,Other,351.0,14.0,0.88,71.9,3.5,3.51,35.0,70
5887,ALL NATURAL SHELLED EDAMAME,Vegetables,141.0,11.8,5.29,9.41,4.7,3.53,6.0,70
5888,ALL NATURAL SHELLED FILBERTS,Snacks & Sweets,643.0,14.3,53.6,17.9,10.7,3.57,0.0,70
5889,ALL NATURAL SMOKED WILD KIPPERS,Seafood,200.0,20.0,14.6,0.0,0.0,0.0,418.0,60
5890,ALL NATURAL SMOOTH PEANUT BUTTER,Other,594.0,25.0,50.0,21.9,9.4,0.0,391.0,60
5891,ALL NATURAL SMOOTH UNSALTED PEANUT BUTTER,Other,594.0,25.0,50.0,21.9,9.4,0.0,0.0,60
5892,ALL NATURAL SOLID WHITE ALBACORE TUNA IN WATER,Other,118.0,29.4,0.0,0.0,0.0,0.0,365.0,60
5893,"ALL NATURAL SOUTHWEST SKILLET A SEASONED VEGETABLE BLEND OF CHOPPED AVOCADO, BUTTERNUT SQUASH, ONION & BELL PEPPER, SOUTHWEST",Vegetables,61.0,1.75,3.51,8.77,3.5,1.75,0.0,60
5894,"ALL NATURAL SOY NUTS & SNACKS, ROASTED",Snacks & Sweets,465.0,34.9,25.6,32.6,18.6,0.0,0.0,70
5895,ALL NATURAL SPROUTED GRAINS POCKETS,Other,186.0,9.3,2.33,41.9,7.0,0.0,326.0,60
5896,ALL NATURAL SUGAR SNAP PEAS,Vegetables,53.0,3.53,0.0,9.41,3.5,4.71,0.0,60
5897,ALL NATURAL SUPER CHUNKY PEANUT BUTTER,Other,594.0,25.0,50.0,21.9,9.4,0.0,312.0,60
5898,"ALL NATURAL SWEET GREEN PEAS AND CARROTS FRESH FROZEN VEGETABLES, SWEET GREEN PEAS AND CARROTS",Vegetables,56.0,2.22,0.0,11.1,3.3,4.44,22.0,60
5899,ALL NATURAL THIN SPAGHETTI,Other,321.0,16.1,2.68,69.6,8.9,3.57,0.0,70
5900,ALL NATURAL TOASTED ORZO,Other,357.0,14.3,1.79,73.2,3.6,3.57,0.0,70
5901,ALL NATURAL TURKEY BREAST,Other,143.0,25.0,4.02,0.0,,,366.0,60
5902,ALL NATURAL TURKEY BURGERS,Other,142.0,21.2,6.19,0.88,,,75.0,60
5903,ALL NATURAL TURKEY BURGERS,Other,179.0,20.5,9.82,0.0,0.0,0.0,143.0,60
5904,"All Natural Turkey Sausage Links, Skinless, .75 oz. , CN, 1/10 lb. , Certified Gluten- Free",Meat & Poultry,167.0,19.0,9.52,4.76,0.0,0.0,429.0,60
5905,"All Natural Turkey Sausage Patties, CN, 1.5 oz., 1/10 lb. , Fully Cooked , Certified Gluten- Free",Meat & Poultry,167.0,19.0,8.33,2.38,0.0,0.0,381.0,60
5906,ALL NATURAL UNCOOKED GROUND TURKEY,Other,196.0,17.0,15.2,0.0,0.0,0.0,85.0,60
5907,ALL NATURAL UNCURED BUFFALO HOT DOGS,Other,167.0,16.7,11.9,0.0,0.0,0.0,381.0,60
5908,ALL NATURAL UNSALTED MINI RICE CAKES,Grains,362.0,7.69,7.69,76.9,7.7,7.69,8.0,60
5909,"ALL NATURAL VENISON GROUND MEAT, VENISON",Meat & Poultry,161.0,22.3,7.14,0.0,0.0,0.0,76.0,60
5910,ALL NATURAL WHITE MEAT TURKEY,Meat & Poultry,125.0,25.0,2.68,0.0,0.0,0.0,214.0,60
5911,ALL NATURAL WHOLE FOOD ENERGY BAR,Snacks & Sweets,459.0,10.3,23.3,51.7,6.9,2.97,32.0,70
5912,"ALL NATURAL WHOLE GRAIN WHITE BREAD, WHITE",Grains,256.0,11.6,3.49,44.2,4.7,4.65,512.0,60
5913,ALL NATURAL WILD ALASKAN SOCKEYE SALMON FILLETS,Seafood,159.0,20.4,8.85,0.0,0.0,0.0,49.0,60
5914,ALL NATURAL WILD CAUGHT FLOUDER,Seafood,71.0,12.4,1.77,0.0,0.0,0.0,72.0,60
5915,ALL NATURAL WILD CAUGHT KING SALMON SKIN-ON FILLETS,Seafood,188.0,20.5,11.6,0.0,0.0,0.0,45.0,60
5916,ALL NATURAL YELLOW SPLIT PEAS,Vegetables,244.0,22.2,0.0,62.2,26.7,4.44,44.0,70
5917,ALL NATURAL ZESTY GUACAMOLE,Other,125.0,3.57,14.3,7.14,7.1,0.0,393.0,65
5918,"ALL NATURAL* BONELESS, SKINLESS CHICKEN BREASTS PORTIONS WITH RIB MEAT, RIB MEAT",Meat & Poultry,100.0,19.0,2.5,0.0,0.0,0.0,200.0,60
5919,ALL NATURAL* FRESH TURKEY BURGER PATTIES,Other,134.0,19.6,7.14,0.0,,,295.0,60
5920,ALL NATURAL* GROUND BISON,Meat & Poultry,168.0,20.4,9.73,0.0,0.0,0.0,53.0,60
5921,ALL NATURAL+ GROUND BISON,Meat & Poultry,170.0,19.6,9.82,0.0,0.0,0.0,58.0,60
5922,ALL NATURAL+ GROUND BISON,Meat & Poultry,214.0,18.8,15.2,0.0,0.0,0.0,49.0,60
5923,"ALL NATURAL, PEANUT BUTTER",Other,750.0,28.6,53.6,17.9,10.7,0.0,286.0,60
5924,ALL PURPOSE BAKING FLOUR,Other,294.0,8.82,2.94,64.7,8.8,2.94,0.0,60
5925,ALL PURPOSE BAKING FLOUR,Other,294.0,8.82,2.94,64.7,8.8,2.94,0.0,60
5926,ALL PURPOSE CRUSHED TOMATOES,Other,52.0,0.0,0.0,12.1,3.4,0.0,34.0,60
5927,ALL PURPOSE CRUSHED TOMATOES,Other,49.0,0.0,0.0,11.5,3.3,0.0,33.0,60
5928,ALL PURPOSE ENRICHED BLEACHED FLOUR,Other,367.0,13.3,0.0,73.3,,,0.0,60
5929,ALL PURPOSE ENRICHED BLEACHED FLOUR,Other,367.0,13.3,0.0,73.3,,,0.0,60
5930,ALL PURPOSE ENRICHED BLEACHED FLOUR,Other,367.0,10.0,0.0,76.7,3.3,0.0,0.0,60
5931,ALL PURPOSE ENRICHED WHEAT FLOUR,Other,330.0,9.0,0.0,74.0,5.0,0.0,10.0,60
5932,"ALL PURPOSE ENRICHED, BLEACHED FLOUR",Other,367.0,10.0,0.0,76.7,3.3,0.0,0.0,60
5933,ALL PURPOSE FLOUR,Other,367.0,13.3,1.67,73.3,6.7,3.33,0.0,70
5934,ALL PURPOSE FLOUR,Other,367.0,10.0,1.67,73.3,3.3,0.0,0.0,60
5935,ALL PURPOSE FLOUR,Other,33.0,13.3,0.0,73.3,3.3,0.0,0.0,70
5936,ALL PURPOSE FLOUR,Other,333.0,10.0,0.0,76.7,3.3,0.0,0.0,60
5937,ALL PURPOSE FLOUR,Other,333.0,10.0,0.0,73.3,3.3,3.33,0.0,60
5938,ALL PURPOSE FLOUR,Other,367.0,13.3,1.33,73.3,3.3,0.0,0.0,70
5939,ALL PURPOSE FLOUR,Other,367.0,10.0,0.0,76.7,3.3,0.0,0.0,60
5940,ALL PURPOSE FLOUR,Other,367.0,10.0,0.0,76.7,3.3,0.0,0.0,60
5941,ALL PURPOSE FLOUR,Other,367.0,10.0,0.0,76.7,3.3,0.0,0.0,60
5942,ALL PURPOSE FLOUR,Other,353.0,11.8,1.47,73.5,2.9,0.0,0.0,60
5943,ALL PURPOSE FLOUR,Other,333.0,10.0,0.0,73.3,3.3,3.33,0.0,60
5944,ALL PURPOSE FLOUR,Other,333.0,10.0,0.0,76.7,3.3,0.0,0.0,60
5945,ALL PURPOSE FLOUR,Other,367.0,10.0,0.0,76.7,3.3,3.33,0.0,60
5946,ALL PURPOSE FLOUR,Other,333.0,10.0,0.0,73.3,3.3,,0.0,60
5947,ALL PURPOSE FLOUR,Other,333.0,10.0,0.0,76.7,3.3,0.0,0.0,60
5948,ALL PURPOSE FLOUR,Other,333.0,10.0,0.0,76.7,3.3,0.0,0.0,60
5949,ALL PURPOSE FLOUR,Other,367.0,13.3,0.0,73.3,3.3,0.0,0.0,70
5950,ALL PURPOSE FLOUR,Other,345.0,6.9,1.72,79.3,6.9,3.45,121.0,60
5951,ALL PURPOSE FLOUR,Other,355.0,9.68,0.0,74.2,3.2,3.23,0.0,60
5952,ALL PURPOSE FLOUR,Other,367.0,10.0,0.0,76.7,3.3,0.0,0.0,60
5953,ALL PURPOSE FLOUR,Other,333.0,10.0,0.0,73.3,3.3,3.33,0.0,60
5954,ALL PURPOSE FLOUR,Other,367.0,13.3,0.0,73.3,3.3,0.0,0.0,70
5955,ALL PURPOSE FLOUR,Other,367.0,13.3,0.0,73.3,3.3,0.0,0.0,70
5956,ALL PURPOSE FLOUR,Other,367.0,10.0,0.0,76.7,3.3,3.33,0.0,60
5957,ALL PURPOSE FLOUR,Other,333.0,10.0,0.0,73.3,3.3,3.33,0.0,60
5958,ALL PURPOSE FLOUR,Other,367.0,10.0,0.0,73.3,3.3,0.0,0.0,60
5959,ALL PURPOSE FLOUR,Other,333.0,6.67,0.0,76.7,3.3,0.0,0.0,60
5960,ALL PURPOSE FLOUR & PIE CRUST MIX,Other,379.0,7.14,0.0,85.7,7.1,7.14,271.0,60
5961,ALL PURPOSE UNBLEACHED WHEAT FLOUR,Other,353.0,11.8,1.47,73.5,5.9,0.0,0.0,70
5962,ALL PURPOSE WHITE FLOUR,Other,333.0,10.0,0.0,76.7,3.3,0.0,0.0,60
5963,ALL PURPOSE WHITE FLOUR,Other,367.0,10.0,0.0,76.7,3.3,0.0,0.0,60
5964,"ALL ROUND GOODNESS ALLERGEN FREE CEREAL, ORIGINAL",Other,393.0,7.14,3.57,75.0,10.7,3.57,89.0,60
5965,"ALL STRAWBERRY CRISPY FRUIT, ALL STRAWBERRY",Fruits,389.0,11.1,0.0,88.9,11.1,55.6,0.0,60
5966,"ALL TUNA SASHIMI, TUNA",Other,88.0,19.9,0.55,7.73,0.6,0.55,344.0,60
5967,"ALL VEGGIE ROLL PLATTER QBR, ALL VEGGIE",Other,128.0,1.95,4.46,19.5,3.1,5.02,352.0,60
5968,"ALL VEGGIE ROLL PLATTER WR, ALL VEGGIE",Other,150.0,2.09,4.6,25.7,3.1,4.88,348.0,60
5969,ALL WHITE MEAT BREADED CHICKEN & TURKEY CUTLETS,Meat & Poultry,170.0,21.0,5.0,9.0,0.0,1.0,360.0,60
5970,ALL WHITE MEAT BREADED CHICKEN & TURKEY NUGGETS,Meat & Poultry,248.0,13.3,10.6,23.9,1.8,0.9,442.0,60
5971,"ALL WHITE MEAT CHICKEN EMPANADAS, ALL WHITE MEAT CHICKEN",Meat & Poultry,259.0,11.8,10.6,28.2,1.2,1.2,388.0,60
5972,ALL WHITE MEAT CHICKEN NUGGETS,Meat & Poultry,212.0,16.5,8.24,16.5,5.9,1.18,388.0,70
5973,ALL WHITEFISH,Seafood,129.0,14.5,4.03,8.06,0.0,0.0,,60
5974,ALL WHITEFISH IN LIQUID BROTH,Seafood,129.0,14.5,4.03,8.06,0.0,0.0,,60
5975,ALL WHOLE GRAIN 100% WHOLE WHEAT BREAD,Grains,245.0,10.2,3.06,42.9,6.1,6.12,449.0,70
5976,"ALL-DAY EGG VEGAN SCRAMBLE, ALL-DAY EGG",Other,129.0,14.1,4.12,8.24,4.7,0.0,341.0,70
5977,ALL-IN-ONE NATURAL NUTRITIONAL SHAKE DRINK MIX,Beverages,385.0,51.3,15.4,20.5,15.4,2.56,51.0,75
5978,ALL-NATURAL EGGS,Other,140.0,12.0,10.0,0.0,,,140.0,60
5979,"ALL-NATURAL FROZEN GREEK YOGURT BREAKFAST BAR, CHOCOLATE",Dairy,185.0,15.4,7.69,21.5,9.2,6.2,54.0,70
5980,ALL-NATURAL GROUND TURKEY,Other,152.0,18.8,7.14,0.0,0.0,0.0,85.0,60
5981,ALL-NATURAL ORIGINAL ROAST PEANUT BUTTER,Other,600.0,23.3,50.0,20.0,6.7,3.33,0.0,60
5982,"ALL-NATURAL SPANISH ORANGES SWEET OLIVE OIL TORTAS, SPANISH ORANGES",Other,500.0,6.67,26.7,63.3,3.3,13.3,167.0,60
5983,ALL-NATURAL WITH ANISE ORIGINAL SWEET OLIVE OIL TORTAS,Other,533.0,6.67,26.7,63.3,3.3,10.0,133.0,60
5984,"ALL-NATURAL WITH CINNAMON SWEET OLIVE OIL TORTAS, CINNAMON",Other,533.0,6.67,26.7,63.3,3.3,13.3,217.0,60
5985,ALL-PRO SANDWICH,Other,188.0,14.1,4.69,22.5,3.8,5.16,376.0,70
5986,ALL-PURPOSE BAKING MIX,Other,344.0,6.25,0.0,78.1,3.1,12.5,31.0,60
5987,ALL-PURPOSE BLEACHED - ENRICHED - PRESIFTED PREMIUM FLOUR,Other,367.0,10.0,0.0,76.7,3.3,0.0,0.0,60
5988,ALL-PURPOSE BLEACHED ENRICHED FLOUR,Other,367.0,10.0,0.0,76.7,3.3,0.0,0.0,60
5989,ALL-PURPOSE BLEACHED ENRICHED FLOUR,Other,355.0,9.68,0.0,74.2,3.2,3.23,0.0,60
5990,ALL-PURPOSE BLEND BAKING FLOUR,Other,367.0,3.33,0.0,80.0,3.3,0.0,0.0,60
5991,ALL-PURPOSE FLOUR,Other,333.0,10.0,0.0,76.7,3.3,3.33,0.0,60
5992,ALL-PURPOSE FLOUR,Other,355.0,9.68,0.0,74.2,3.2,3.23,0.0,60
5993,ALL-PURPOSE FLOUR,Other,367.0,10.0,0.0,76.7,3.3,3.33,0.0,60
5994,ALL-PURPOSE FLOUR,Other,367.0,10.0,0.0,76.7,3.3,0.0,0.0,60
5995,ALL-PURPOSE FLOUR,Other,333.0,10.0,0.0,73.3,3.3,3.33,0.0,60
5996,ALL-PURPOSE FLOUR,Other,353.0,13.3,1.67,73.3,,0.0,0.0,60
5997,ALL-PURPOSE FLOUR,Other,355.0,9.68,0.0,74.2,3.2,3.23,0.0,60
5998,ALL-PURPOSE FLOUR,Other,367.0,10.0,0.0,76.7,3.3,0.0,0.0,60
5999,ALL-PURPOSE FLOUR,Other,367.0,10.0,0.0,76.7,3.3,3.33,0.0,60
6000,ALL-PURPOSE FLOUR,Other,355.0,9.68,0.0,74.2,3.2,3.23,0.0,60
6001,ALL-PURPOSE FLOUR,Other,355.0,9.68,0.0,74.2,3.2,3.23,0.0,60
6002,ALL-PURPOSE FLOUR,Other,367.0,10.0,0.0,76.7,3.3,0.0,0.0,60
6003,ALL-PURPOSE FLOUR,Other,367.0,13.3,0.0,76.7,3.3,0.0,0.0,70
6004,ALL-PURPOSE FLOUR,Other,333.0,10.0,0.0,76.7,3.3,3.33,0.0,60
6005,ALL-PURPOSE FLOUR,Other,333.0,10.0,0.0,76.7,3.3,3.33,0.0,60
6006,ALL-PURPOSE FLOUR,Other,367.0,10.0,0.0,76.7,3.3,3.33,0.0,60
6007,ALL-PURPOSE FLOUR,Other,367.0,10.0,0.0,76.7,3.3,3.33,0.0,60
6008,ALL-PURPOSE FLOUR,Other,367.0,10.0,0.0,76.7,3.3,0.0,0.0,60
6009,ALL-PURPOSE FLOUR,Other,333.0,10.0,0.0,76.7,3.3,3.33,0.0,60
6010,ALL-PURPOSE FLOUR,Other,355.0,9.68,0.0,74.2,3.2,3.23,0.0,60
6011,ALL-PURPOSE FLOUR,Other,355.0,9.68,0.0,74.2,3.2,3.23,0.0,60
6012,ALL-PURPOSE FLOUR,Other,367.0,10.0,0.0,76.7,3.3,0.0,0.0,60
6013,ALL-PURPOSE FLOUR,Other,367.0,10.0,0.0,76.7,3.3,0.0,0.0,60
6014,ALL-PURPOSE FLOUR ARTISAN BLEND,Other,367.0,3.33,1.67,83.3,6.7,0.0,17.0,60
6015,"ALL-PURPOSE FLOUR BLEND, ALL-PURPOSE",Other,133.0,23.3,1.67,63.3,57.0,0.0,217.0,70
6016,"ALL-PURPOSE FLOUR MIX WITH ANCIENT GRAINS, ANCIENT GRAINS",Other,367.0,16.7,1.67,73.3,3.3,0.0,33.0,70
6017,"ALL-PURPOSE FLOUR, ALL-PURPOSE",Other,333.0,10.0,0.0,76.7,3.3,0.0,0.0,60
6018,ALL-PURPOSE GLUTEN FREE BAKING FLOUR,Other,367.0,3.33,0.0,80.0,3.3,0.0,33.0,60
6019,"ALL-PURPOSE GLUTEN FREE FLOUR MIX, ALL-PURPOSE",Other,367.0,6.67,3.33,76.7,6.7,0.0,50.0,60
6020,ALL-PURPOSE ORGANIC MEATLESS PLANT CRUMBLES,Meat & Poultry,375.0,62.5,6.25,16.7,8.3,0.0,1580.0,60
6021,"ALL-PURPOSE ORGANIC MEATLESS PLANT CRUMBLES, ALL-PURPOSE",Meat & Poultry,375.0,62.5,6.25,16.7,8.3,0.0,1580.0,60
6022,ALL-PURPOSE PROTEIN-PACKED POWER FLOUR,Other,367.0,33.3,3.33,53.3,10.0,0.0,0.0,70
6023,ALL-PURPOSE UNBLEACHED ENRICHED FLOUR,Other,355.0,9.68,0.0,74.2,3.2,3.23,0.0,60
6024,ALL-PURPOSE UNBLEACHED FLOUR,Other,355.0,9.68,0.0,74.2,3.2,3.23,0.0,60
6025,ALL-PURPOSE UNBLEACHED FLOUR,Other,367.0,10.0,0.0,76.7,3.3,0.0,0.0,60
6026,"ALLGOOD PROVISIONS, ORGANICALLY GROWN ALMONDS ROASTED WITH SEA SALT",Snacks & Sweets,567.0,20.0,50.0,20.0,13.3,3.33,233.0,70
6027,ALLIGATOR RIBS,Meat & Poultry,97.0,21.2,1.77,0.0,0.0,0.0,58.0,60
6028,"ALMOND & CASHEW ANCHOVIES, ALMOND & CASHEW",Snacks & Sweets,538.0,30.8,30.8,23.1,15.4,7.7,462.0,70
6029,"ALMOND & CASHEW BLEND WITH SEA SALT, SEA SALT",Snacks & Sweets,571.0,17.9,50.0,25.0,7.1,0.0,393.0,60
6030,"ALMOND & CASHEW BLEND WITH SEA SALT, SEA SALT",Snacks & Sweets,571.0,17.9,50.0,25.0,7.1,3.57,393.0,60
6031,"ALMOND & CASHEW BLEND WITH SEA SALT, SEA SALT",Snacks & Sweets,571.0,17.9,50.0,25.0,7.1,0.0,393.0,60
6032,ALMOND & CASHEW BUTTER,Other,594.0,18.8,50.0,28.1,6.2,6.25,328.0,60
6033,ALMOND & CASHEW BUTTER,Other,600.0,16.7,50.0,26.7,10.0,3.3,233.0,60
6034,"ALMOND & CASHEW BUTTER, CHUNKY ALMOND, CASHEW, + COCONUT",Other,600.0,16.7,53.3,23.3,10.0,6.67,183.0,60
6035,"ALMOND & CHEESE SNACK PACK, ALMOND & CHEESE",Dairy,251.0,10.6,18.4,13.7,3.5,7.84,145.0,60
6036,"ALMOND & CHOCOLATE HEMP BAR, ALMOND & CHOCOLATE",Snacks & Sweets,520.0,22.0,38.0,26.0,4.0,20.0,190.0,60
6037,"ALMOND & CRANBERRY CHICKEN SALAD, ALMOND & CRANBERRY CHICKEN",Meat & Poultry,220.0,12.0,12.0,16.0,2.0,9.0,330.0,60
6038,"ALMOND & CRANBERRY NUT BARS, ALMOND & CRANBERRY",Snacks & Sweets,475.0,10.0,32.5,47.5,15.0,15.0,12.0,65
6040,"ALMOND & PEPITA SALAD TOPPINGS, ALMOND & PEPITA",Other,571.0,28.6,50.0,14.3,14.3,0.0,357.0,70
6041,"ALMOND & VANILLA ORGANIC OATS & HAPPINESS, ALMOND & VANILLA",Other,389.0,18.5,8.33,64.8,9.3,18.5,,60
6042,"ALMOND + CACAO NIBS COOKIE, ALMOND + CACAO",Snacks & Sweets,435.0,8.06,19.4,58.1,9.7,12.9,56.0,60
6043,"ALMOND + CHOCOLATE BANANA SMOOTHIE BOWL, ALMOND + CHOCOLATE BANANA",Fruits,262.0,6.15,14.6,26.9,3.1,6.9,169.0,60
6044,ALMOND ACAI BAR,Snacks & Sweets,444.0,15.6,24.4,42.2,6.7,28.9,44.0,60
6045,"ALMOND AGAVE GRANOLA PREBIOTIC GLUTEN FREE ROLLED OATS, CHICORY ROOT FIBER, OLIVE OIL, AGAVE SYRUP, ALMONDS, MAPLE SYRUP, COCONUT, SEA SALT AND CINNAMON, ALMOND AGAVE GRANOLA",Other,400.0,10.0,15.0,63.3,13.3,10.0,233.0,60
6046,"ALMOND AND CHOCOLATE SWEDISH-STYLE NUT BAR, ALMOND AND CHOCOLATE",Snacks & Sweets,450.0,12.5,32.5,47.5,25.0,2.5,162.0,60
6047,"ALMOND AND CHOCOLATE SWEDISH-STYLE NUT BARS, ALMOND AND CHOCOLATE",Snacks & Sweets,450.0,12.5,32.5,47.5,25.0,2.5,162.0,60
6048,ALMOND BALLS,Snacks & Sweets,500.0,13.6,27.3,50.0,13.6,22.7,0.0,60
6049,ALMOND BALLS,Other,407.0,10.7,25.0,42.9,7.1,35.7,29.0,60
6050,"ALMOND BAR, CHIPOTLE HONEY MUSTARD",Snacks & Sweets,511.0,22.2,35.6,35.6,6.7,11.1,311.0,70
6051,"ALMOND BERRY PISTACHIO ALMONDS, PISTACHIOS, CHERRIES AND CRANBERRIES PREMIUM TRAIL MIX, ALMOND BERRY PISTACHIO",Snacks & Sweets,500.0,13.3,30.0,46.7,6.7,33.3,0.0,60
6052,ALMOND BERRY PISTACHIOS,Snacks & Sweets,429.0,10.7,25.0,53.6,7.1,35.7,143.0,60
6053,"ALMOND BERRY POWER ALMOND BUTTER ALMONDS RASPBERRIES SUPERFOOD SHOT & GRANOLA MIX, ALMOND BERRY POWER",Other,480.0,12.0,28.0,56.0,8.0,12.0,100.0,70
6054,"ALMOND BISCOTTI, ALMOND",Other,438.0,12.5,15.6,65.6,3.1,31.2,172.0,60
6055,"ALMOND BISCOTTI, ALMOND",Other,467.0,13.3,16.7,70.0,3.3,33.3,50.0,60
6056,"ALMOND BISCUITS, ALMOND",Other,433.0,13.3,15.0,60.0,3.3,40.0,23.0,60
6057,ALMOND BLANCHED SLIVERED,Snacks & Sweets,600.0,20.0,50.0,16.7,10.0,3.33,0.0,70
6058,"ALMOND BLUEBERRY ALMOND BUTTER & HONEY CHILLED ORGANIC PROTEIN BAR, ALMOND BLUEBERRY; ALMOND BUTTER & HONEY",Snacks & Sweets,475.0,17.5,30.0,40.0,5.0,25.0,100.0,60
6059,"ALMOND BLUEBERRY BUTTER SPREAD, ALMOND BLUEBERRY",Other,421.0,10.5,29.0,42.1,5.3,28.9,13.0,60
6060,"ALMOND BLUEBERRY CRUMBLE WITH HIDDEN SPINACH BARS, ALMOND BLUEBERRY CRUMBLE",Snacks & Sweets,407.0,13.0,24.1,48.2,20.4,13.0,157.0,70
6061,"ALMOND BLUEBERRY ORGANIC PLANT PROTEIN FROM NUTS & SEEDS, ALMOND BLUEBERRY",Snacks & Sweets,393.0,17.9,35.7,32.1,10.7,10.7,107.0,70
6062,"ALMOND BLUEBERRY PLANT-BASED PROTEIN WITH CHIA AND FLAX SEEDS SUPER BITES, ALMOND BLUEBERRY",Snacks & Sweets,471.0,17.6,35.3,32.4,11.8,11.8,103.0,70
6063,"ALMOND BRITTLE NOUGAT, ALMOND BRITTLE",Other,455.0,12.1,33.3,42.4,6.1,,0.0,70
6064,"ALMOND BRITTLE, ALMOND",Other,464.0,10.7,25.0,57.1,3.6,35.7,482.0,60
6065,"ALMOND BRITTLE, ALMOND",Other,500.0,10.7,25.0,64.3,7.1,46.4,179.0,60
6066,"ALMOND BROTHERS, CAYENNE PEPPER ALMONDS",Snacks & Sweets,467.0,13.3,26.7,46.7,6.7,36.7,103.0,60
6067,"ALMOND BROTHERS, CINNAMON ROASTED ALMONDS",Snacks & Sweets,489.0,10.7,28.6,53.6,7.1,42.9,0.0,60
6068,ALMOND BUTTER,Other,576.0,21.2,48.5,24.2,9.1,9.09,333.0,60
6069,ALMOND BUTTER,Other,600.0,23.3,53.3,20.0,13.3,6.67,0.0,70
6070,ALMOND BUTTER,Other,594.0,21.9,53.1,21.9,9.4,6.25,0.0,70
6071,ALMOND BUTTER,Other,594.0,18.8,50.0,25.0,12.5,6.2,156.0,60
6072,ALMOND BUTTER,Other,575.0,21.4,50.0,21.4,10.7,3.57,0.0,70
6073,ALMOND BUTTER,Other,594.0,21.9,53.1,21.9,9.4,6.25,0.0,70
6074,ALMOND BUTTER,Other,594.0,21.9,53.1,21.9,9.4,6.25,312.0,70
6075,ALMOND BUTTER,Other,633.0,20.0,56.7,20.0,10.0,6.67,0.0,70
6076,ALMOND BUTTER,Other,531.0,21.9,46.9,15.6,12.5,3.12,0.0,70
6077,ALMOND BUTTER,Other,594.0,21.9,53.1,21.9,9.4,6.25,0.0,70
6078,ALMOND BUTTER,Other,594.0,21.9,53.1,21.9,9.4,0.0,0.0,70
6079,ALMOND BUTTER,Other,562.0,18.8,43.8,40.6,9.4,9.4,109.0,70
6080,ALMOND BUTTER,Other,588.0,17.6,52.9,23.5,11.8,5.88,0.0,60
6081,ALMOND BUTTER,Other,594.0,21.9,53.1,18.8,12.5,6.25,188.0,70
6082,ALMOND BUTTER,Other,679.0,25.0,57.1,14.3,7.1,7.14,71.0,60
6083,ALMOND BUTTER,Other,529.0,17.6,44.1,23.5,8.8,8.82,294.0,70
6084,ALMOND BUTTER,Other,531.0,21.9,46.9,15.6,9.4,0.0,0.0,70
6085,ALMOND BUTTER,Other,656.0,21.9,53.1,18.8,9.4,6.25,0.0,70
6086,"ALMOND BUTTER & BLACK LAVA SALT 80% CACAO SMALL-BATCH CHOCOLATE, ALMOND BUTTER & BLACK LAVA SALT",Other,614.0,14.0,42.1,38.6,14.0,13.3,119.0,60
6087,"ALMOND BUTTER & BLACKBERRY JELLY PROTEIN BAR, ALMOND BUTTER & BLACKBERRY JELLY",Snacks & Sweets,422.0,24.4,28.9,35.6,20.0,0.0,378.0,60
6088,"ALMOND BUTTER & GRAPE JAM SANDWICHES, ALMOND BUTTER; GRAPE JAM",Other,294.0,13.2,17.6,20.6,10.3,0.0,140.0,70
6089,"ALMOND BUTTER & JELLY OAT N' ENERGY BITES, ALMOND BUTTER; JELLY",Other,419.0,14.0,16.3,55.8,11.6,14.0,140.0,60
6090,ALMOND BUTTER & MULTIGRAIN CRACKERS,Other,529.0,13.7,33.3,47.1,7.8,5.88,225.0,70
6091,"ALMOND BUTTER & MULTIGRAIN CRACKERS SNACK COLLECTION, UNSWEETENED APPLESAUCE, ALMOND BUTTER, DRY ROASTED EDAMAME, MULTIGRAIN CRACKERS WITH FLAX, WILD BERRY FRUIT STRIP",Fruits,267.0,9.32,11.8,31.1,6.2,14.9,149.0,65
6092,"ALMOND BUTTER & STRAWBERRY JAM SANDWICHES, ALMOND BUTTER; STRAWBERRY JAM",Other,294.0,13.2,17.6,22.1,10.3,0.0,140.0,70
6093,"ALMOND BUTTER BANANA CHOCOLATE MIGHTY BITE, ALMOND; BUTTER; BANANA; CHOCOLATE",Other,365.0,18.8,20.0,50.6,11.8,0.0,282.0,60
6094,"ALMOND BUTTER BAR, ALMOND BUTTER",Snacks & Sweets,419.0,16.1,19.4,62.9,8.1,8.1,105.0,70
6095,ALMOND BUTTER BARE SMOOTH,Other,588.0,17.6,52.9,17.6,11.8,5.88,0.0,60
6096,"ALMOND BUTTER BARS, ALMOND BUTTER",Snacks & Sweets,419.0,16.1,19.4,62.9,8.1,8.1,105.0,70
6097,"ALMOND BUTTER BARS, ALMOND BUTTER",Snacks & Sweets,419.0,16.1,19.4,62.9,8.1,8.1,105.0,70
6098,"ALMOND BUTTER BLACKBERRY JELLY KETO KRISP BARS, ALMOND BUTTER BLACKBERRY JELLY",Snacks & Sweets,422.0,24.4,28.9,35.6,20.0,4.44,378.0,60
6099,"ALMOND BUTTER BLACKBERRY JELLY PROTEIN BARS, ALMOND BUTTER BLACKBERRY JELLY",Snacks & Sweets,422.0,24.4,28.9,35.6,20.0,4.44,378.0,60
6100,"ALMOND BUTTER BLEND CHOCOLATE SNACK PACK, CHOCOLATE",Other,588.0,17.6,52.9,23.5,11.8,5.9,0.0,60
6101,"ALMOND BUTTER BLEND CHOCOLATE, ALMOND BUTTER BLEND",Other,594.0,18.8,50.0,25.0,9.4,6.2,0.0,60
6102,"ALMOND BUTTER BLEND, CHOCOLATE",Other,607.0,17.9,50.0,25.0,10.7,7.1,0.0,60
6103,ALMOND BUTTER BLUEBERRY NUT BUTTER BAR,Other,460.0,24.0,26.0,38.0,6.0,22.0,80.0,60
6104,"ALMOND BUTTER BLUEBERRY NUT BUTTER BAR, ALMOND BUTTER; BLUEBERRY",Other,460.0,24.0,26.0,38.0,6.0,22.0,80.0,60
6105,"ALMOND BUTTER BLUEBERRY SPREAD, ALMOND, BLUEBERRY",Other,421.0,10.5,29.0,42.1,5.3,28.9,13.0,60
6106,"ALMOND BUTTER BREAKFAST PROTEIN BARS, ALMOND BUTTER",Snacks & Sweets,440.0,16.0,18.0,56.0,6.0,14.0,220.0,70
6107,"ALMOND BUTTER BREAKFAST PROTEIN BARS, ALMOND BUTTER",Snacks & Sweets,440.0,16.0,18.0,56.0,6.0,14.0,220.0,70
6108,"ALMOND BUTTER BREAKFAST PROTEIN BARS, ALMOND BUTTER",Snacks & Sweets,440.0,16.0,18.0,56.0,6.0,14.0,220.0,70
6109,"ALMOND BUTTER BREAKFAST PROTEIN BARS, ALMOND BUTTER",Snacks & Sweets,440.0,16.0,18.0,56.0,6.0,14.0,220.0,70
6110,"ALMOND BUTTER CHIP BAR, ALMOND BUTTER CHIP",Snacks & Sweets,400.0,26.7,33.3,24.4,17.8,0.0,300.0,60
6111,"ALMOND BUTTER CHIP BRAIN + BODY BARS, ALMOND BUTTER CHIP",Snacks & Sweets,400.0,26.7,33.3,24.4,17.8,2.22,300.0,60
6112,"ALMOND BUTTER CHOCOLATE BROWNIE PROTEIN BARS, ALMOND BUTTER CHOCOLATE BROWNIE",Snacks & Sweets,423.0,21.2,15.4,48.1,7.7,3.8,327.0,70
6113,"ALMOND BUTTER CHOCOLATE BROWNIE PROTEIN BARS, ALMOND BUTTER CHOCOLATE BROWNIE",Snacks & Sweets,423.0,21.2,15.4,48.1,7.7,3.8,327.0,70
6114,"ALMOND BUTTER CHOCOLATE CHIP BARS, ALMOND BUTTER CHOCOLATE CHIP",Snacks & Sweets,467.0,11.1,26.7,51.1,8.9,8.9,156.0,60
6115,"ALMOND BUTTER CHOCOLATE CHIP BARS, ALMOND BUTTER CHOCOLATE CHIP",Snacks & Sweets,467.0,11.1,26.7,51.1,8.9,8.9,156.0,60
6116,"ALMOND BUTTER CHOCOLATE CHIP LUPINI BEAN POWERED BAR, ALMOND BUTTER; CHOCOLATE CHIP",Snacks & Sweets,400.0,18.0,18.0,40.0,16.0,2.0,140.0,70
6117,"ALMOND BUTTER CHOCOLATE CHIP PROTEIN BAR, ALMOND BUTTER CHOCOLATE CHIP",Snacks & Sweets,490.0,19.6,37.2,33.3,17.6,0.0,196.0,60
6118,"ALMOND BUTTER CHOCOLATE CHIP PROTEIN BARS, ALMOND BUTTER CHOCOLATE CHIP",Snacks & Sweets,490.0,19.6,37.2,33.3,17.6,3.92,196.0,60
6119,"ALMOND BUTTER CHOCOLATE PERFORMANCE BAR, ALMOND BUTTER CHOCOLATE",Snacks & Sweets,396.0,22.6,13.2,47.2,7.5,35.8,340.0,60
6120,"ALMOND BUTTER CHOCOLATE SEA SALT BAR, ALMOND BUTTER CHOCOLATE SEA SALT",Snacks & Sweets,395.0,14.0,25.6,34.9,7.0,20.9,58.0,60
6121,"ALMOND BUTTER CHOCOLATE SEA SALT ENERGY BARS, ALMOND BUTTER CHOCOLATE SEA SALT",Snacks & Sweets,395.0,14.0,25.6,34.9,7.0,20.9,58.0,60
6122,"ALMOND BUTTER CHOCOLATE WITH ALMONDS & CHIA SEEDS BARS, ALMOND BUTTER CHOCOLATE",Snacks & Sweets,442.0,11.6,23.3,51.2,9.3,37.2,47.0,60
6123,"ALMOND BUTTER CHUNK BAKED GRANOLA, ALMOND BUTTER CHUNK",Other,464.0,14.3,25.0,42.9,10.7,14.3,71.0,70
6124,"ALMOND BUTTER CINNAMON RAISIN LUPINI BEAN POWERED BAR, ALMOND BUTTER; CINNAMON; RAISIN",Other,400.0,18.0,16.0,40.0,16.0,0.0,140.0,70
6125,"ALMOND BUTTER COCOA CHIP KETO GRANOLA BAR, ALMOND BUTTER COCOA CHIP",Snacks & Sweets,438.0,15.6,37.5,37.5,12.5,0.0,188.0,60
6126,"ALMOND BUTTER CREAMY, ALMOND BUTTER",Other,594.0,21.9,50.0,21.9,12.5,3.12,0.0,70
6127,ALMOND BUTTER CRUNCHY,Other,562.0,18.8,50.0,21.9,9.4,9.38,250.0,70
6128,"ALMOND BUTTER DARK CHOCOLATE BARS, ALMOND; BUTTER; DARK CHOCOLATE",Other,460.0,24.0,34.0,36.0,10.0,12.0,220.0,60
6129,ALMOND BUTTER DARK CHOCOLATE NUT BUTTER BAR,Other,480.0,24.0,30.0,36.0,6.0,24.0,270.0,60
6130,"ALMOND BUTTER DARK CHOCOLATE NUT BUTTER BAR, ALMOND BUTTER; DARK CHOCOLATE",Other,480.0,24.0,30.0,36.0,6.0,24.0,270.0,60
6131,"ALMOND BUTTER DARK CHOCOLATE NUT BUTTER BARS, ALMOND BUTTER DARK CHOCOLATE",Snacks & Sweets,480.0,24.0,30.0,36.0,6.0,24.0,270.0,60
6132,"ALMOND BUTTER DARK CHOCOLATE PROTEIN BARS, ALMOND BUTTER DARK CHOCOLATE",Snacks & Sweets,460.0,24.0,34.0,36.0,10.0,12.0,220.0,60
6133,"ALMOND BUTTER DARK CHOCOLATE PROTEIN BARS, ALMOND BUTTER DARK CHOCOLATE",Other,460.0,24.0,34.0,36.0,10.0,12.0,220.0,60
6134,"ALMOND BUTTER DARK CHOCOLATE, ALMOND BUTTER",Other,594.0,18.8,46.9,31.2,9.4,9.4,203.0,60
6135,"ALMOND BUTTER DARK CHOCOLATE, ALMOND BUTTER",Other,548.0,16.1,45.2,25.8,9.7,9.7,16.0,60
6136,ALMOND BUTTER DATE BITES,Snacks & Sweets,429.0,9.52,21.4,52.4,9.5,9.5,0.0,60
6137,"ALMOND BUTTER DATE BITES, ALMOND BUTTER",Other,429.0,9.52,21.4,52.4,9.5,9.5,0.0,60
6138,"ALMOND BUTTER DATE BITES, ALMOND; BUTTER",Snacks & Sweets,429.0,9.52,21.4,47.6,9.5,9.5,0.0,60
6139,"ALMOND BUTTER ENERGY BAR, ALMOND BUTTER",Snacks & Sweets,456.0,12.3,24.6,52.6,8.8,21.1,219.0,60
6140,"ALMOND BUTTER ENERGY BARS, ALMOND BUTTER",Snacks & Sweets,456.0,12.3,24.6,52.6,8.8,21.1,219.0,60
6141,ALMOND BUTTER FILLED PRETZEL NUGGETS,Other,429.0,14.3,17.9,64.3,7.1,7.1,750.0,60
6142,"ALMOND BUTTER FILLED PRETZEL NUGGETS, ALMOND BUTTER",Snacks & Sweets,429.0,14.3,17.9,64.3,7.1,7.1,750.0,60
6143,"ALMOND BUTTER FILLED PRETZEL NUGGETS, ALMOND BUTTER",Snacks & Sweets,429.0,14.3,17.9,64.3,7.1,7.1,750.0,60
6144,"ALMOND BUTTER FILLED PRETZEL NUGGETS, ALMOND BUTTER",Snacks & Sweets,429.0,14.3,17.9,64.3,7.1,7.1,750.0,60
6145,"ALMOND BUTTER FILLED PRETZEL NUGGETS, ALMOND BUTTER FILLED",Snacks & Sweets,429.0,14.3,17.9,64.3,7.1,7.1,750.0,60
6146,"ALMOND BUTTER FILLED PRETZEL NUGGETS, ALMOND BUTTER FILLED",Snacks & Sweets,429.0,14.3,17.9,64.3,7.1,7.1,750.0,60
6147,"ALMOND BUTTER FILLED PRETZELS, ALMOND BUTTER",Snacks & Sweets,429.0,14.3,17.9,0.06,7.1,7.1,750.0,60
6148,"ALMOND BUTTER FILLED PRETZELS, ALMOND BUTTER",Snacks & Sweets,429.0,14.3,17.9,64.3,7.1,7.1,750.0,60
6149,"ALMOND BUTTER FLAVOR KETO COLLAGEN PROTEIN POWDER, ALMOND BUTTER",Other,440.0,64.0,16.0,14.0,8.0,4.0,80.0,60
6150,"ALMOND BUTTER FLAVORED WHEY PROTEIN WITH ALMOND BUTTER PROTEIN BAR, ALMOND BUTTER",Snacks & Sweets,379.0,34.5,12.1,39.7,1.7,13.8,207.0,60
6151,"ALMOND BUTTER FLAVORED WHEY PROTEIN WITH ALMOND BUTTER PROTEIN BARS, ALMOND BUTTER",Snacks & Sweets,379.0,34.5,12.1,39.7,1.7,13.8,207.0,60
6152,"ALMOND BUTTER GRANOLA, ALMOND BUTTER",Other,233.0,5.0,11.7,26.7,5.0,10.0,108.0,60
6153,"ALMOND BUTTER GRANOLA, ALMOND BUTTER",Other,500.0,10.0,20.0,60.0,6.7,13.3,317.0,60
6154,"ALMOND BUTTER KETO CUPS, ALMOND BUTTER",Other,500.0,15.0,50.0,35.0,25.0,5.0,0.0,60
6155,"ALMOND BUTTER KRISP PROTEIN BAR, ALMOND BUTTER",Snacks & Sweets,431.0,19.6,33.3,35.3,19.6,0.0,196.0,60
6156,"ALMOND BUTTER MAPLE GRANOLA, ALMOND BUTTER MAPLE",Other,448.0,12.1,15.5,65.5,6.9,15.5,310.0,60
6157,"ALMOND BUTTER MINI PROTEIN BAR, ALMOND BUTTER",Snacks & Sweets,476.0,19.0,28.6,42.9,4.8,28.6,95.0,60
6158,"ALMOND BUTTER NUT & PROTEIN SPREAD, ALMOND BUTTER",Other,594.0,28.1,40.6,28.1,6.2,9.38,344.0,60
6159,"ALMOND BUTTER NUT & PROTEIN SPREAD, ALMOND BUTTER",Other,594.0,28.1,46.9,21.9,6.2,9.38,328.0,60
6160,"ALMOND BUTTER NUTS ABOUT ENERGY BALLS, ALMOND BUTTER",Snacks & Sweets,425.0,12.5,22.5,52.5,12.5,20.0,325.0,60
6161,"ALMOND BUTTER PLANT-BASED PROTEIN BAR, ALMOND BUTTER",Snacks & Sweets,492.0,20.3,32.2,37.3,13.6,8.5,110.0,60
6162,"ALMOND BUTTER PLANT-BASED PROTEIN BAR, ALMOND BUTTER",Snacks & Sweets,475.0,20.3,30.5,39.0,15.3,6.8,85.0,70
6163,"ALMOND BUTTER PRETZEL NUGGETS, ALMOND BUTTER",Snacks & Sweets,429.0,14.3,17.9,64.3,7.1,7.1,750.0,60
6164,"ALMOND BUTTER PRETZELS, ALMOND BUTTER",Snacks & Sweets,433.0,13.3,16.7,60.0,6.7,6.7,767.0,60
6165,"ALMOND BUTTER PROTEIN BARS, ALMOND BUTTER",Snacks & Sweets,431.0,19.6,35.3,35.3,19.6,2.0,186.0,60
6166,"ALMOND BUTTER PROTEIN BARS, ALMOND BUTTER",Snacks & Sweets,492.0,20.0,29.2,38.5,6.2,18.5,69.0,60
6167,"ALMOND BUTTER RASPBERRY SPREAD, ALMOND, RASPBERRY",Other,421.0,10.5,29.0,42.1,7.9,28.9,13.0,60
6168,ALMOND BUTTER SMOOTH,Other,562.0,18.8,46.9,25.0,9.4,9.38,312.0,70
6169,"ALMOND BUTTER SMOOTH, ALMOND BUTTER",Other,567.0,20.0,50.0,20.0,13.3,0.0,150.0,70
6170,"ALMOND BUTTER SNACK PACK, RAW + CHIA",Other,588.0,17.6,47.1,23.5,11.8,5.88,0.0,60
6171,ALMOND BUTTER SNACK PACKS,Other,529.0,17.6,44.1,23.5,8.8,8.82,294.0,70
6172,"ALMOND BUTTER SNACK PACKS, ALMOND BUTTER COCOA + COCONUT",Other,588.0,17.6,52.9,23.5,11.8,11.8,0.0,60
6173,"ALMOND BUTTER SNACK PACKS, RAW + CHIA",Other,588.0,17.6,47.1,23.5,11.8,5.88,0.0,60
6174,"ALMOND BUTTER STRAWBERRY SPREAD, ALMOND BUTTER STRAWBERRY",Other,421.0,10.5,29.0,42.1,5.3,31.6,13.0,60
6175,"ALMOND BUTTER STRAWBERRY SPREAD, ALMOND, STRAWBERRY",Other,421.0,10.5,29.0,42.1,5.3,31.6,13.0,60
6176,"ALMOND BUTTER THE ORIGINAL REFRIGERATED PROTEIN BAR, ALMOND BUTTER",Snacks & Sweets,492.0,20.0,29.2,38.5,6.2,18.5,69.0,60
6177,"ALMOND BUTTER WHOLE CACAO DARK CHOCOLATE BAR, ALMOND BUTTER",Other,600.0,13.3,50.0,33.3,16.7,10.0,50.0,60
6178,ALMOND BUTTER WITH CHIA HEMP FLAX,Other,594.0,21.9,53.1,18.8,12.5,6.25,0.0,60
6179,"ALMOND BUTTER WITH HONEY, HONEY",Other,562.0,18.8,46.9,31.2,9.4,12.5,203.0,60
6180,"ALMOND BUTTER WITH MAPLE, ALMOND BUTTER",Other,594.0,18.8,46.9,28.1,9.4,12.5,203.0,60
6181,"ALMOND BUTTER WITH PRETZELS SNACK PACK, MAPLE",Snacks & Sweets,514.0,13.5,35.1,40.5,5.4,8.11,486.0,60
6182,"ALMOND BUTTER, ALMOND",Other,667.0,23.3,56.7,16.7,10.0,3.33,0.0,70
6183,"ALMOND BUTTER, ALMOND",Other,625.0,12.5,53.1,28.1,6.2,12.5,0.0,70
6184,"ALMOND BUTTER, ALMOND",Other,688.0,18.8,59.4,15.6,9.4,3.12,0.0,60
6185,"ALMOND BUTTER, ALMOND",Other,562.0,18.8,43.8,40.6,9.4,9.4,109.0,70
6186,"ALMOND BUTTER, ALMOND",Other,594.0,21.9,53.1,21.9,12.5,0.0,0.0,70
6187,"ALMOND BUTTER, CACAO ESPRESSO",Other,594.0,15.6,53.1,25.0,9.4,9.38,297.0,60
6188,"ALMOND BUTTER, CHOCOLATE CHILI",Other,571.0,21.4,50.0,28.6,14.3,7.14,357.0,60
6189,"ALMOND BUTTER, CLASSIC",Other,594.0,21.9,56.2,18.8,9.4,3.12,0.0,60
6190,"ALMOND BUTTER, CLASSIC CRUNCHY",Other,594.0,18.8,50.0,21.9,9.4,9.38,203.0,60
6191,"ALMOND BUTTER, CREAMY",Other,594.0,21.9,50.0,21.9,12.5,0.0,0.0,60
6192,"ALMOND BUTTER, CREAMY",Other,594.0,21.9,53.1,21.9,9.4,6.25,0.0,70
6193,"ALMOND BUTTER, CREAMY",Other,594.0,21.9,50.0,21.9,9.4,3.1,188.0,60
6194,"ALMOND BUTTER, CREAMY",Other,594.0,18.8,50.0,21.9,9.4,9.38,188.0,60
6195,"ALMOND BUTTER, CRUNCHY CALIFORNIA",Other,625.0,21.9,53.1,18.8,9.4,6.25,0.0,60
6196,"ALMOND BUTTER, HONEY",Other,594.0,18.8,50.0,25.0,9.4,12.5,203.0,60
6197,"ALMOND BUTTER, HONEY",Other,593.0,14.8,51.8,25.9,7.4,14.8,0.0,60
6198,"ALMOND BUTTER, HONEY",Other,594.0,18.8,50.0,25.0,9.4,12.5,203.0,60
6199,"ALMOND BUTTER, HONEY",Other,594.0,18.8,50.0,25.0,9.4,12.5,203.0,60
6200,"ALMOND BUTTER, HONEY + FLAX",Other,562.0,18.8,50.0,21.9,12.5,6.25,0.0,70
6201,"ALMOND BUTTER, HONEY CINNAMON",Other,562.0,18.8,46.9,25.0,9.4,12.5,203.0,70
6202,"ALMOND BUTTER, HONEY ROASTED",Other,594.0,18.8,50.0,25.0,9.4,9.38,500.0,70
6203,"ALMOND BUTTER, MAPLE",Other,594.0,18.8,50.0,25.0,6.2,9.38,203.0,60
6204,"ALMOND BUTTER, MAPLE",Other,594.0,18.8,50.0,25.0,6.2,9.38,203.0,60
6205,"ALMOND BUTTER, MAPLE-CARAMEL",Other,594.0,21.9,50.0,21.9,9.4,6.25,250.0,70
6206,"ALMOND BUTTER, NATURAL CREAMY",Other,594.0,21.9,53.1,21.9,9.4,6.25,0.0,70
6207,"ALMOND BUTTER, SMOOTH",Other,562.0,21.9,50.0,21.9,12.5,3.12,0.0,70
6208,"ALMOND BUTTER, VANILLA",Other,600.0,16.7,43.3,36.7,6.7,23.3,83.0,60
6209,"ALMOND BUTTER, VANILLA + ESPRESSO",Other,571.0,21.4,50.0,21.4,10.7,7.14,18.0,60
6210,"ALMOND BUTTER, VANILLA + ESPRESSO",Other,594.0,21.9,53.1,18.8,12.5,3.12,0.0,70
6211,"ALMOND BUTTER, VANILLA ESPRESSO",Other,562.0,18.8,50.0,25.0,9.4,6.25,125.0,70
6212,"ALMOND CACAO NIB BARS, ALMOND CACAO NIB",Snacks & Sweets,460.0,18.0,28.0,42.0,8.0,12.0,190.0,70
6213,"ALMOND CAPPUCCINO CAFFEINATED NUT BUTTER, ALMOND CAPPUCCINO",Other,571.0,17.9,50.0,25.0,10.7,7.14,36.0,70
6214,"ALMOND CASHEW CRANBERRY MIX, ALMOND CASHEW CRANBERRY",Snacks & Sweets,531.0,15.6,37.5,37.5,6.2,12.5,0.0,60
6215,"ALMOND CASHEW GRAIN-FREE GRANOLA, ALMOND CASHEW",Other,533.0,16.7,43.3,33.3,10.0,13.3,233.0,60
6216,ALMOND CASHEW PISTACHIO NUT CRUNCH,Snacks & Sweets,533.0,13.3,33.3,43.3,6.7,20.0,450.0,60
6217,ALMOND CASHEW SUPER BUTTER,Other,594.0,18.8,50.0,28.1,9.4,9.38,234.0,70
6218,"ALMOND CASHEW SUPER BUTTER WITH HONEY, CHIA & FLAX, HONEY, CHIA & FLAX",Other,594.0,15.6,50.0,28.1,6.2,6.2,297.0,60
6219,"ALMOND CHAI ENERGY BITES, ALMOND; CHAI",Snacks & Sweets,433.0,10.0,23.3,53.3,10.0,0.0,0.0,60
6220,"ALMOND CHEDDAR WITH APPLE CIDER VINEGAR & DIJON VINAIGRETTE, SPINACH, RAISINS & ALMONDS, WHITE CHEDDAR SALAD BOWL, ALMOND CHEDDAR",Other,219.0,6.25,15.6,18.0,3.1,3.9,227.0,60
6221,"ALMOND CHERRY FLAVORED PLANT-BASED PROTEIN BAR, ALMOND CHERRY",Snacks & Sweets,400.0,18.2,18.2,49.1,3.6,14.5,273.0,70
6222,"ALMOND CHERRY FLAVORED PLANT-BASED PROTEIN BAR, ALMOND CHERRY",Snacks & Sweets,400.0,18.2,18.2,49.1,3.6,14.5,273.0,70
6223,"ALMOND CHERRY FLAVORED PROTEIN & FIBER GREEK YOGURT COATED GRANOLA BARS, ALMOND CHERRY",Dairy,425.0,15.0,20.0,55.0,15.0,15.0,38.0,70
6224,"ALMOND CHOCOLATE CHIP PROTEIN BAR, ALMOND CHOCOLATE CHIP",Snacks & Sweets,429.0,25.7,20.0,35.7,5.7,21.4,121.0,60
6225,ALMOND CHOCOLATE SWEDISH-STYLE NUT BAR,Snacks & Sweets,450.0,12.5,32.5,47.5,25.0,0.0,162.0,60
6226,"ALMOND CHOKLAD MILK CHOCOLATE COATED ALMOND AND SWEDISH-STYLE PROTEIN BAR, ALMOND CHOKLAD",Dairy,380.0,26.0,20.0,42.0,16.0,0.0,230.0,60
6227,"ALMOND CLUSTERS BAKED WITH CASHEWS, PUMPKIN SEEDS, & SUNFLOWER SEEDS, ALMOND CLUSTERS",Snacks & Sweets,600.0,23.3,43.3,30.0,10.0,13.3,127.0,70
6228,ALMOND CLUSTERS SNACKS,Snacks & Sweets,600.0,23.3,43.3,26.7,10.0,13.3,233.0,70
6229,"ALMOND CLUSTERS WITH CASHEWS, PUMPKIN & SUNFLOWER SEEDS",Snacks & Sweets,567.0,20.0,43.3,30.0,10.0,10.0,167.0,70
6230,"ALMOND CLUSTERS WITH CASHEWS, PUMPKIN SEEDS, HONEY, CAYENNE & TURMERIC, ALMOND WITH CASHEWS, PUMPKIN SEEDS, HONEY, CAYENNE & TURMERIC",Snacks & Sweets,533.0,16.7,40.0,36.7,6.7,16.7,167.0,60
6231,"ALMOND CLUSTERS WITH PUMPKIN, SUNFLOWER, CHIA & HEMP SEEDS, ALMOND WITH PUMPKIN, SUNFLOWER,CHIA & HEMP SEEDS",Snacks & Sweets,533.0,20.0,43.3,30.0,10.0,13.3,167.0,70
6232,"ALMOND CLUSTERS, CRANBERRIES & CACAO NIBS",Snacks & Sweets,533.0,16.7,30.0,46.7,13.3,23.3,167.0,60
6233,"ALMOND CLUSTERS, CRANBERRIES & CASHEWS",Snacks & Sweets,567.0,16.7,36.7,43.3,10.0,20.0,217.0,60
6234,"ALMOND COCONUT CAFFEINATED NUT BUTTER, ALMOND COCONUT",Other,607.0,21.4,53.6,21.4,10.7,3.57,36.0,60
6235,"ALMOND COCONUT FLOUR UNBLANCHED & FINELY GROUND, ALMOND COCONUT",Other,556.0,22.2,38.9,33.3,16.7,5.56,0.0,60
6236,"ALMOND COCONUT GRAIN-FREE CLUSTERS, ALMOND; COCONUT",Snacks & Sweets,567.0,13.3,46.7,30.0,6.7,13.3,200.0,60
6237,"ALMOND COCONUT PROTEIN CHEWY BARS, ALMOND COCONUT",Snacks & Sweets,450.0,25.0,25.0,40.0,17.5,12.5,375.0,60
6238,"ALMOND COCONUT PROTEIN-RICH BAR, ALMOND COCONUT",Snacks & Sweets,417.0,31.2,22.9,33.3,20.8,4.17,375.0,60
6239,"ALMOND COCONUT SUNFLOWER SEEDS, COCONUT & ALMONDS GRANOLA, ALMOND COCONUT",Other,516.0,14.5,41.9,37.1,16.1,14.5,226.0,60
6240,"ALMOND COOKIE BAR, ALMOND",Snacks & Sweets,525.0,22.5,37.5,27.5,15.0,7.5,138.0,60
6241,"ALMOND COOKIE BAR, ALMOND COOKIE",Snacks & Sweets,511.0,13.3,31.1,44.4,11.1,0.0,144.0,70
6242,"ALMOND COOKIE BARS, ALMOND COOKIE",Snacks & Sweets,511.0,13.3,31.1,44.4,11.1,28.9,144.0,60
6243,"ALMOND COOKIE BARS, ALMOND COOKIE",Snacks & Sweets,511.0,13.3,31.1,44.4,11.1,28.9,144.0,60
6244,"ALMOND COOKIE BARS, ALMOND COOKIE",Snacks & Sweets,511.0,13.3,31.1,44.4,11.1,28.9,144.0,60
6245,ALMOND COURAGE TRAIL SPROUTS,Snacks & Sweets,429.0,14.3,32.1,28.6,10.7,10.7,54.0,60
6246,"ALMOND CRAN' CRUNCH MIX, PEANUTS, BLACK RAISINS, ALMONDS, CRANBERRIES",Snacks & Sweets,464.0,14.3,32.1,46.4,7.1,14.3,0.0,70
6247,"ALMOND CRANBERRY & CACAO NUTS & FRUIT CLUSTERS, ALMOND CRANBERRY & CACAO",Fruits,433.0,13.3,33.3,46.7,10.0,26.7,167.0,60
6248,ALMOND CRANBERRY & CASHEW NUTS & FRUIT CLUSTERS,Fruits,433.0,13.3,33.3,43.3,6.7,23.3,167.0,60
6249,ALMOND CRANBERRY & CASHEW NUTS & FRUIT CLUSTERS,Fruits,433.0,13.3,33.3,43.3,6.7,23.3,167.0,60
6250,ALMOND CRANBERRY CRUNCH,Snacks & Sweets,484.0,12.9,22.6,48.4,9.7,32.3,32.0,60
6251,"ALMOND CRANBERRY CRUNCH ALMONDS, RAISINS, CRANBERRIES, PEANUT TRAIL MIX, ALMOND CRANBERRY CRUNCH",Snacks & Sweets,469.0,14.1,28.1,0.05,7.8,7.8,0.0,70
6252,"ALMOND CRANBERRY NUT BUTTER + OATS, ALMOND CRANBERRY",Other,244.0,15.4,25.6,46.2,5.1,6.41,109.0,70
6253,"ALMOND CRANBERRY ORGANIC CHIA BAR, ALMOND CRANBERRY",Snacks & Sweets,440.0,12.0,18.0,56.0,12.0,16.0,220.0,60
6254,"ALMOND CRANBERRY PROTEIN BAR, ALMOND CRANBERRY",Snacks & Sweets,357.0,28.6,14.3,42.9,12.5,10.7,18.0,70
6255,"ALMOND CRANBERRY, ALMOND",Snacks & Sweets,400.0,20.0,21.7,31.7,10.0,16.7,133.0,60
6256,"ALMOND CRISP 100% NATURAL ENERGY CEREAL, ALMOND CRISP",Other,390.0,11.9,11.9,71.2,10.0,15.2,169.0,60
6257,ALMOND CRUNCH,Other,500.0,13.3,30.0,53.3,6.7,43.3,67.0,60
6258,"ALMOND CRUNCH SUPERFOOD BAR, ALMOND CRUNCH",Snacks & Sweets,529.0,19.6,37.2,33.3,7.8,13.7,147.0,60
6259,"ALMOND CRUNCH, GLAZED CHERRY VANILLA",Snacks & Sweets,500.0,13.3,30.0,53.3,6.7,36.7,167.0,60
6260,"ALMOND CRUNCH, ORIGINAL",Snacks & Sweets,557.0,17.9,46.4,28.6,10.7,10.7,132.0,70
6261,"ALMOND CRUSTED FLOUNDER, ALMOND CRUSTED",Seafood,171.0,10.8,7.75,14.0,0.8,0.78,426.0,60
6262,ALMOND CRUSTED HADDOCK,Seafood,157.0,17.1,6.43,7.14,0.7,0.71,286.0,60
6263,"ALMOND DATE CURRANT FARMERS MARKET MIX, ALMOND DATE CURRANT",Other,400.0,13.3,10.0,65.0,10.0,11.7,0.0,70
6264,"ALMOND DELIGHT PROTEIN PUFFS, ALMOND DELIGHT",Snacks & Sweets,368.0,35.3,8.82,47.1,11.8,8.82,647.0,60
6265,"ALMOND DELIGHT TRAIL BITES, ALMOND",Snacks & Sweets,400.0,10.0,20.0,50.0,10.0,0.0,17.0,60
6266,"ALMOND DELIGHT, GLAZED BLUEBERRY LEMON",Snacks & Sweets,500.0,13.3,30.0,53.3,10.0,23.3,167.0,60
6267,"ALMOND DRAGONFRUIT ORGANIC PLANT PROTEIN FROM NUTS & SEEDS, ALMOND DRAGONFRUIT",Fruits,429.0,17.9,35.7,35.7,10.7,10.7,125.0,70
6268,"ALMOND DRAGONFRUIT ORGANIC PLANT PROTEIN FROM NUTS & SEEDS, ALMOND DRAGONFRUIT",Fruits,441.0,17.6,35.3,35.3,11.8,11.8,132.0,70
6269,ALMOND FLOUR,Other,600.0,20.0,53.3,20.0,6.7,0.0,0.0,70
6270,ALMOND FLOUR,Other,667.0,20.0,53.3,20.0,6.7,6.67,0.0,70
6271,ALMOND FLOUR,Other,615.0,23.1,53.8,15.4,7.7,7.69,0.0,70
6272,ALMOND FLOUR,Other,571.0,21.4,50.0,21.4,14.3,7.14,0.0,70
6273,ALMOND FLOUR,Other,571.0,21.4,50.0,21.4,10.7,3.57,0.0,70
6274,ALMOND FLOUR,Other,571.0,21.4,50.0,21.4,14.3,7.14,0.0,70
6275,ALMOND FLOUR,Other,607.0,21.4,53.6,21.4,7.1,3.57,0.0,70
6276,ALMOND FLOUR,Other,571.0,21.4,50.0,21.4,14.3,7.14,0.0,70
6277,ALMOND FLOUR,Other,575.0,20.8,50.0,25.0,12.5,4.17,0.0,70
6278,ALMOND FLOUR ARTISAN BREAD BAKING MIX,Grains,480.0,12.0,28.0,48.0,8.0,0.0,800.0,60
6279,ALMOND FLOUR BLANCHED,Other,643.0,21.4,53.6,17.9,10.7,3.57,0.0,70
6280,"ALMOND FLOUR CRACKERS CRACKED PEPPER, ALMOND FLOUR",Other,536.0,17.9,42.9,21.4,17.9,0.0,643.0,60
6281,"ALMOND FLOUR CRACKERS, ALMOND",Other,464.0,10.7,25.0,50.0,7.1,0.0,536.0,60
6282,"ALMOND FLOUR GRAIN FREE TORTILLAS, ALMOND FLOUR",Other,380.0,12.0,22.0,40.0,6.0,0.0,440.0,70
6284,"ALMOND FLOUR PASTA, FETTUCCINE",Grains,341.0,10.6,18.8,36.5,3.5,1.18,894.0,60
6285,ALMOND FLOUR TORTILLAS,Other,364.0,11.4,25.0,29.6,11.4,0.0,455.0,70
6286,"ALMOND FLOUR TORTILLAS, ALMOND FLOUR",Other,321.0,7.14,17.9,42.9,3.6,7.1,482.0,60
6287,"ALMOND FLOUR TORTILLAS, ALMOND FLOUR",Other,351.0,10.5,21.0,28.1,3.5,1.75,246.0,70
6288,"ALMOND FLOUR, ALMOND",Other,600.0,20.0,53.3,20.0,6.7,0.0,0.0,70
6289,"ALMOND FLUFFBUTTER BROWNIE BATTER, ALMOND",Snacks & Sweets,562.0,31.2,40.6,21.9,6.2,3.12,234.0,70
6290,ALMOND FRANGELICO SALMON,Seafood,245.0,12.0,20.6,3.8,0.0,2.72,293.0,60
6291,"ALMOND FRUIT NUT PROTEIN BAR, ALMOND FRUIT NUT",Fruits,426.0,25.7,20.0,35.7,5.7,21.4,121.0,60
6292,"ALMOND FRUIT NUT PROTEIN BAR, ALMOND FRUIT NUT",Fruits,429.0,25.7,20.0,35.7,5.7,21.4,121.0,60
6293,ALMOND FUDGE BROWNIE,Snacks & Sweets,422.0,31.1,20.0,40.0,6.7,8.89,100.0,60
6294,"ALMOND GLUTEN FREE BREAD, ALMOND",Grains,256.0,4.65,6.98,44.2,7.0,2.33,256.0,60
6295,"ALMOND GRANOLA, ALMOND",Other,433.0,13.3,20.0,56.7,6.7,13.3,0.0,70
6296,ALMOND HORNS GLUTEN FREE,Other,500.0,11.1,25.0,61.1,5.6,50.0,0.0,60
6297,"ALMOND LOVER'S MEDLEY MARCONA, NONPAREIL, FRITZ, BUTTE-PADRES LIGHTLY DRY ROASTED UNSALTED ALMONDS, ALMOND LOVER'S MEDLEY",Snacks & Sweets,607.0,21.4,50.0,21.4,10.7,3.57,0.0,70
6298,"ALMOND MACADAMIA CAFFEINATED NUT BUTTER, ALMOND MACADAMIA",Other,607.0,17.9,53.6,25.0,10.7,7.14,179.0,60
6299,"ALMOND MAPLE POWDER, ALMOND MAPLE",Other,571.0,21.4,50.0,28.6,7.1,7.1,0.0,70
6300,ALMOND MEAL FLOUR,Other,643.0,21.4,53.6,17.9,10.7,3.57,18.0,70
6301,"ALMOND MOCHA CAFFEINATED KETO BAR, ALMOND MOCHA",Snacks & Sweets,425.0,17.5,35.0,32.5,7.5,2.5,262.0,70
6302,"ALMOND MOCHA OVERNIGHT OATS CHILLED CEREAL, ALMOND MOCHA",Other,382.0,11.8,8.82,66.2,10.3,11.8,206.0,70
6303,"ALMOND NUGGETS IN DARK CHOCOLATE, ALMOND NUGGETS",Snacks & Sweets,571.0,14.3,39.3,42.9,14.3,10.7,214.0,60
6304,"ALMOND NUT CLUSTERS SNACK BITES, ALMOND NUT CLUSTERS",Snacks & Sweets,567.0,16.7,40.0,36.7,10.0,13.3,83.0,70
6305,"ALMOND NUT CLUSTERS SNACK BITES, ALMOND NUT CLUSTERS",Snacks & Sweets,579.0,15.8,40.4,35.1,8.8,12.3,79.0,70
6306,ALMOND NUT TOPPING,Other,571.0,14.3,35.7,42.9,14.3,14.3,429.0,70
6307,ALMOND NUT TOPPING,Other,571.0,14.3,50.0,28.6,14.3,,214.0,70
6308,"ALMOND ORCHARD DELIGHT TRAIL MIX, ALMOND ORCHARD DELIGHT",Snacks & Sweets,471.0,11.8,29.4,50.0,8.8,17.6,118.0,60
6309,"ALMOND ORGANIC PLANT PROTEIN FROM NUTS & SEEDS SUPER BITES, ALMOND",Snacks & Sweets,412.0,17.6,38.2,32.4,11.8,8.8,118.0,70
6310,"ALMOND ORGANIC PLANT PROTEIN FROM NUTS & SEEDS, ALMOND",Snacks & Sweets,393.0,17.9,39.3,28.6,10.7,10.7,125.0,70
6311,"ALMOND ORGANIC PLANT PROTEIN POWDER, ALMOND",Other,357.0,53.6,10.7,25.0,17.9,7.14,0.0,70
6312,"ALMOND ORIGINAL FLOUR TORTILLA WRAPS, ALMOND",Other,273.0,12.1,12.1,36.4,12.1,3.0,1210.0,60
6313,"ALMOND PASTE, ALMOND",Other,462.0,10.3,23.1,53.8,5.1,38.5,3.0,60
6314,"ALMOND PECAN & FRUIT TRAIL MIX, ALMOND PECAN & FRUIT",Fruits,467.0,13.3,36.7,40.0,6.7,13.3,0.0,70
6315,"ALMOND PECAN CRUNCH LIGHTLY SWEETENED NUT CLUSTERS WITH ALMONDS, PECANS & CASHEWS, ALMOND PECAN CRUNCH",Snacks & Sweets,536.0,14.3,35.7,35.7,7.1,14.3,321.0,70
6316,"ALMOND PECAN CRUNCH LIGHTLY SWEETENED NUT CLUSTERS WITH ALMONDS, PECANS & CASHEWS, ALMOND PECAN CRUNCH",Snacks & Sweets,536.0,14.3,39.3,35.7,7.1,17.9,339.0,60
6317,"ALMOND PECAN CRUNCH LIGHTLY SWEETENED NUT CLUSTERS WITH ALMONDS, PECANS AND CASHEWS, ALMOND PECAN CRUNCH",Snacks & Sweets,536.0,14.3,39.3,35.7,7.1,17.9,304.0,60
6318,"ALMOND PECAN CRUNCH LIGHTLY SWEETENED NUT CLUSTERS WITH ALMONDS, PECANS AND CASHEWS, ALMOND PECAN CRUNCH",Snacks & Sweets,607.0,17.9,42.9,32.1,10.7,17.9,321.0,60
6319,"ALMOND PIGNOLI COOKIE, ALMOND PIGNOLI",Snacks & Sweets,545.0,13.6,43.2,31.8,9.1,15.9,227.0,60
6320,"ALMOND POPPY SEED POWER CAKES FLAPJACK & WAFFLE MIX, ALMOND POPPY SEED",Other,365.0,23.8,5.56,57.1,6.3,12.7,698.0,60
6321,"ALMOND POPS WITH MANGO, MANGO",Snacks & Sweets,536.0,10.7,32.1,53.6,7.1,28.6,161.0,60
6322,"ALMOND POWDERED BUTTER, ALMOND",Other,385.0,38.5,11.5,38.5,15.4,7.7,769.0,60
6324,"ALMOND PROTEIN BAR, HICKORY SMOKED",Snacks & Sweets,511.0,22.2,35.6,33.3,6.7,13.3,278.0,70
6325,"ALMOND PROTEIN BREAD, ALMOND",Grains,240.0,18.0,8.0,26.0,10.0,2.0,460.0,70
6326,"ALMOND PROTEIN CRACKERS, JIVE'N CHIVE & ONION",Other,500.0,21.4,42.9,21.4,14.3,3.57,321.0,70
6327,"ALMOND PROTEIN CRACKERS, SPICY CHIPOTLE PEPPER",Snacks & Sweets,536.0,21.4,42.9,25.0,14.3,3.57,446.0,70
6328,"ALMOND PROTEIN CRACKERS, ZESTY ITALIAN HERB",Other,536.0,21.4,42.9,25.0,14.3,3.57,339.0,70
6329,"ALMOND PROTEIN POWDER, ALMOND",Other,409.0,45.4,11.4,31.8,13.6,0.0,57.0,70
6330,ALMOND PUMPKIN CHIA NUTS & SEEDS CLUSTERS,Snacks & Sweets,500.0,20.0,43.3,33.3,10.0,13.3,167.0,70
6331,ALMOND PUMPKIN CHIA NUTS & SEEDS CLUSTERS,Snacks & Sweets,500.0,20.0,43.3,33.3,10.0,13.3,167.0,70
6332,"ALMOND PUMPKIN RAISIN WITH SUNFLOWER SEEDS AND CASHEWS TRAIL MIX, ALMOND PUMPKIN RAISIN",Snacks & Sweets,467.0,16.7,33.3,43.3,6.7,23.3,0.0,60
6333,"ALMOND PUMPKIN SEED CHEWY NUT BARS, ALMOND PUMPKIN SEED",Snacks & Sweets,545.0,15.2,36.4,39.4,12.1,12.1,288.0,70
6334,"ALMOND QUINOA CLUSTERS, ALMOND QUINOA",Other,536.0,14.3,35.7,46.4,7.1,17.9,500.0,60
6335,"ALMOND RASPBERRY BUTTER SPREAD, ALMOND RASPBERRY BUTTER",Other,421.0,10.5,29.0,42.1,7.9,28.9,13.0,60
6336,"ALMOND RICE STICKS WITH SEAWEED SNACK BITES, ALMOND RICE STICKS WITH SEAWEED",Grains,500.0,11.5,23.1,57.7,7.7,15.4,308.0,60
6337,ALMOND ROASTED UNSALTED,Snacks & Sweets,600.0,20.0,53.3,16.7,10.0,3.33,0.0,70
6338,ALMOND ROLLS DATES,Other,467.0,6.67,10.0,90.0,10.0,0.0,0.0,60
6339,"ALMOND SESAME GINGER DRESSING, ALMOND SESAME GINGER",Other,233.0,6.67,15.0,16.7,3.3,3.3,350.0,60
6340,ALMOND SESAME SEAWEED THINS,Snacks & Sweets,455.0,27.3,31.8,31.8,27.3,9.1,455.0,70
6341,ALMOND SLICES,Snacks & Sweets,571.0,21.4,50.0,21.4,14.3,3.57,0.0,70
6342,ALMOND SLICES,Snacks & Sweets,571.0,21.4,50.0,21.4,14.3,3.57,0.0,70
6343,ALMOND SLICES,Snacks & Sweets,567.0,20.0,50.0,20.0,13.3,3.33,0.0,70
6344,ALMOND SLICES,Snacks & Sweets,567.0,20.0,50.0,20.0,13.3,3.33,0.0,70
6345,ALMOND SLICES,Snacks & Sweets,567.0,20.0,50.0,23.3,13.3,3.33,0.0,70
6346,ALMOND SLIVERS,Snacks & Sweets,600.0,20.0,53.3,20.0,10.0,3.33,17.0,70
6347,ALMOND SLIVERS,Snacks & Sweets,579.0,21.0,49.1,21.0,12.3,3.51,0.0,70
6349,ALMOND SNACK,Snacks & Sweets,544.0,17.5,40.4,35.1,12.3,12.3,105.0,70
6350,"ALMOND SOFT BAKED BISCOTTI, ALMOND",Other,367.0,13.3,15.0,43.3,6.7,30.0,67.0,60
6351,"ALMOND SOUR CHERRY ALMOND BUTTER & HONEY CHILLED ORGANIC PROTEIN BAR, ALMOND SOUR CHERRY; ALMOND BUTTER & HONEY",Snacks & Sweets,500.0,20.0,32.5,37.5,7.5,15.0,38.0,60
6352,"ALMOND SOUR CHERRY ORGANIC PROTEIN BAR, ALMOND SOUR CHERRY",Snacks & Sweets,500.0,20.0,32.5,37.5,7.5,15.0,38.0,60
6353,"ALMOND SPICE PROTEIN BAR, ALMOND SPICE",Snacks & Sweets,526.0,21.0,42.1,23.7,5.3,2.6,303.0,60
6354,"ALMOND SPROUTED CRUNCHY CEREAL, ALMOND",Other,351.0,14.0,5.26,59.6,10.5,1.8,263.0,70
6355,"ALMOND SPROUTED FLOURLESS FLAKE CEREAL, ALMOND",Other,364.0,14.6,4.55,72.7,10.9,7.3,400.0,70
6356,ALMOND SUPREME MIX,Snacks & Sweets,433.0,13.3,23.3,53.3,6.7,0.0,0.0,70
6357,ALMOND SUPREME MIX,Snacks & Sweets,433.0,13.3,23.3,53.3,6.7,0.0,0.0,70
6358,ALMOND SWIRLS,Other,594.0,18.8,50.0,25.0,9.4,12.5,266.0,70
6359,"ALMOND TOPPING, JALAPENO DILL",Other,571.0,14.3,42.9,28.6,14.3,0.0,1140.0,60
6361,"ALMOND WALNUT MACADAMIA WITH PEANUTS PLUS BARS, ALMOND WALNUT MACADAMIA WITH PEANUTS",Snacks & Sweets,500.0,25.0,35.0,32.5,6.2,17.5,162.0,60
6362,"ALMOND WITH COCOA & MILK AMORE SPREAD, ALMOND WITH COCOA & MILK",Dairy,500.0,12.5,25.0,59.4,6.2,43.8,62.0,60
6363,"ALMOND, CASHEW & HAZELNUT BUTTER GINGER SNAP, ALMOND, CASHEW & HAZELNUT BUTTER GINGER",Other,600.0,16.7,56.7,20.0,10.0,3.3,200.0,70
6364,"ALMOND, HONEY + COLLAGEN NUT & SEED BUTTER CHILLED BOLD BITEZ BAR, ALMOND, HONEY + COLLAGEN",Snacks & Sweets,475.0,27.5,30.0,30.0,7.5,10.0,262.0,70
6365,"ALMOND, HONEY + COLLAGEN NUT & SEED BUTTER CHILLED BOLD BITEZ BAR, ALMOND, HONEY + COLLAGEN",Snacks & Sweets,475.0,27.5,30.0,30.0,7.5,10.0,262.0,70
6366,"ALMOND, MAPLE + MATCHA NUT & SEED BUTTER CHILLED BOLD BITEZ BAR, ALMOND, MAPLE + MATCHA",Snacks & Sweets,475.0,22.5,30.0,27.5,5.0,7.5,262.0,70
6367,"ALMOND, MAPLE + MATCHA NUT & SEED BUTTER CHILLED BOLD BITEZ BAR, ALMOND, MAPLE + MATCHA",Snacks & Sweets,475.0,22.5,30.0,27.5,5.0,7.5,262.0,70
6368,"ALMOND, PEANUT & WALNUT WITH COCOA DRIZZLE & SEA SALT NUT BARS, ALMOND, PEANUT & WALNUT",Snacks & Sweets,475.0,15.0,37.5,40.0,20.0,10.0,338.0,60
6369,"ALMOND, PECAN & CASHEW GRANOLA, ALMOND, PECAN & CASHEW",Other,467.0,13.3,16.7,63.3,10.0,13.3,150.0,70
6370,"ALMOND, SMOKE",Snacks & Sweets,613.0,19.4,54.8,16.1,9.7,3.23,710.0,60
6371,"ALMOND-CRAN-RAISIN VANILLA GRANOLA CRISP, ALMOND-CRAN-RAISIN",Other,395.0,10.5,14.0,54.4,5.3,21.0,70.0,60
6372,"ALMONDRA, ORIGINAL EMBRACE INDULGENCE ALMOND COOKIES",Snacks & Sweets,538.0,19.2,42.3,34.6,11.5,19.2,38.0,60
6373,ALMONDS,Snacks & Sweets,633.0,23.3,56.7,13.3,10.0,3.33,367.0,70
6374,ALMONDS,Snacks & Sweets,603.0,20.0,50.0,20.0,13.3,3.33,0.0,70
6375,ALMONDS,Snacks & Sweets,583.0,19.4,52.8,16.7,11.1,2.78,0.0,70
6376,ALMONDS,Snacks & Sweets,588.0,20.6,50.0,20.6,11.8,2.94,0.0,70
6377,ALMONDS,Snacks & Sweets,567.0,20.0,50.0,20.0,13.3,0.0,0.0,70
6378,ALMONDS,Snacks & Sweets,567.0,20.0,50.0,20.0,13.3,0.0,0.0,70
6379,ALMONDS,Snacks & Sweets,247.0,8.22,20.6,8.22,4.1,2.74,0.0,60
6380,ALMONDS,Snacks & Sweets,667.0,20.0,53.3,20.0,13.3,3.33,150.0,70
6381,ALMONDS,Snacks & Sweets,571.0,21.4,50.0,21.4,10.7,3.57,0.0,70
6382,ALMONDS,Snacks & Sweets,571.0,21.4,50.0,21.4,10.7,3.57,36.0,70
6383,ALMONDS,Snacks & Sweets,600.0,20.0,53.3,20.0,10.0,3.33,17.0,70
6384,ALMONDS,Snacks & Sweets,571.0,21.4,50.0,21.4,14.3,3.57,0.0,70
6385,ALMONDS,Snacks & Sweets,633.0,20.0,56.7,16.7,10.0,3.33,0.0,70
6386,ALMONDS,Snacks & Sweets,643.0,21.4,53.6,17.9,10.7,3.57,196.0,60
6387,ALMONDS,Snacks & Sweets,588.0,18.8,53.1,21.9,12.5,3.12,0.0,60
6388,ALMONDS,Snacks & Sweets,588.0,20.6,52.9,17.6,8.8,5.88,471.0,70
6389,ALMONDS,Snacks & Sweets,571.0,21.4,50.0,21.4,10.7,3.57,0.0,70
6390,ALMONDS,Snacks & Sweets,571.0,21.4,50.0,21.4,10.7,0.0,0.0,70
6391,ALMONDS,Snacks & Sweets,603.0,20.0,50.0,20.0,13.3,3.33,0.0,70
6392,ALMONDS,Snacks & Sweets,571.0,21.4,50.0,21.4,10.7,3.57,0.0,70
6393,ALMONDS,Snacks & Sweets,571.0,21.4,50.0,21.4,14.3,3.57,0.0,70
6394,ALMONDS,Snacks & Sweets,571.0,21.4,50.0,21.4,10.7,3.57,0.0,70
6395,ALMONDS,Snacks & Sweets,595.0,21.4,54.8,16.7,9.5,4.76,429.0,70
6396,ALMONDS,Snacks & Sweets,567.0,20.0,50.0,20.0,13.3,3.33,0.0,70
6397,ALMONDS,Snacks & Sweets,567.0,20.0,50.0,20.0,13.3,3.33,0.0,70
6398,ALMONDS,Snacks & Sweets,613.0,19.4,54.8,16.1,9.7,3.23,710.0,60
6399,ALMONDS,Snacks & Sweets,567.0,20.0,53.3,20.0,10.0,6.67,300.0,70
6400,ALMONDS,Snacks & Sweets,567.0,20.0,50.0,20.0,13.3,3.33,0.0,70
6401,ALMONDS,Snacks & Sweets,607.0,21.4,57.1,17.9,10.7,3.57,161.0,70
6402,ALMONDS,Snacks & Sweets,667.0,20.0,53.3,20.0,13.3,3.33,0.0,70
6403,ALMONDS,Snacks & Sweets,667.0,20.0,53.3,20.0,13.3,3.33,0.0,70
6404,ALMONDS,Snacks & Sweets,588.0,18.8,53.1,21.9,12.5,3.12,0.0,60
6405,ALMONDS,Snacks & Sweets,647.0,20.6,55.9,17.6,8.8,2.94,0.0,60
6406,ALMONDS,Snacks & Sweets,588.0,20.6,52.9,17.6,8.8,5.88,500.0,70
6407,ALMONDS,Snacks & Sweets,607.0,17.9,53.6,17.9,10.7,7.14,607.0,60
6408,ALMONDS,Snacks & Sweets,600.0,20.0,50.0,23.3,13.3,3.33,0.0,70
6409,ALMONDS,Snacks & Sweets,567.0,20.0,50.0,23.3,13.3,3.33,0.0,70
6410,"ALMONDS & HAZELNUTS CREME BRULEE, ALMONDS & HAZELNUTS",Snacks & Sweets,607.0,17.9,53.6,25.0,10.7,3.6,304.0,70
6411,ALMONDS & RAISINS SNACKS,Snacks & Sweets,464.0,10.7,25.0,50.0,7.1,35.7,11.0,60
6412,"ALMONDS + SEA SALT 70% CACAO CHOCOLATE-COVERED HUNKS, ALMONDS + SEA SALT",Snacks & Sweets,607.0,17.9,46.4,32.1,10.7,10.7,286.0,60
6413,"ALMONDS + SEA SALT CHOCOLATE-COVERED HUNKS, ALMONDS + SEA SALT",Snacks & Sweets,607.0,17.9,46.4,32.1,10.7,10.7,286.0,60
6414,ALMONDS BUTTER SNACK PACKS,Other,588.0,23.5,52.9,17.6,11.8,5.88,0.0,60
6415,ALMONDS CHERRY AND COCONUT,Other,360.0,10.0,14.0,60.0,8.0,8.0,130.0,60
6416,"ALMONDS CLUSTERS, CASHEWS, PUMPKIN SEEDS, CAYENNE, TURMERIC, & HONEY",Snacks & Sweets,567.0,20.0,36.7,40.0,13.3,20.0,183.0,60
6417,"ALMONDS FLAVORED WASABI & SOY SAUCE, ALMONDS",Other,607.0,21.4,53.6,21.4,10.7,3.6,411.0,70
6418,"ALMONDS GINGER CITRUS GOURMET NUTS, ALMONDS",Snacks & Sweets,517.0,13.8,31.0,51.7,6.9,34.5,0.0,60
6419,"ALMONDS NUTS, ROASTED & SEA SALTED",Snacks & Sweets,607.0,21.4,53.6,17.9,10.7,3.57,393.0,70
6420,"ALMONDS ON-THE-GO VARIETY PACK, LIGHTLY SALTED, WASABI & SOY SAUCE, DARK CHOCOLATE",Snacks & Sweets,619.0,19.0,57.1,19.0,9.5,0.0,143.0,70
6421,"ALMONDS ORGANIC RAW, ALMONDS",Snacks & Sweets,583.0,22.2,50.0,22.2,11.1,0.0,0.0,60
6422,ALMONDS RAW,Snacks & Sweets,567.0,20.0,50.0,20.0,13.3,3.33,367.0,70
6423,ALMONDS RAW,Snacks & Sweets,567.0,20.0,50.0,20.0,13.3,6.67,10.0,70
6424,ALMONDS RAW,Snacks & Sweets,571.0,21.4,50.0,21.4,14.3,0.0,0.0,70
6425,ALMONDS RAW,Snacks & Sweets,567.0,20.0,50.0,20.0,13.3,6.67,10.0,70
6426,ALMONDS ROASTED,Snacks & Sweets,679.0,21.4,57.1,17.9,10.7,3.57,304.0,70
6427,ALMONDS ROASTED & SALTED,Snacks & Sweets,607.0,21.4,53.6,17.9,10.7,3.57,357.0,70
6428,"ALMONDS ROASTED UNSALTED, UNSALTED",Snacks & Sweets,643.0,21.4,57.1,17.9,10.7,0.0,0.0,60
6429,"ALMONDS ROASTED, SALTED",Snacks & Sweets,600.0,20.0,56.7,16.7,10.0,3.33,333.0,70
6430,"ALMONDS ROASTED, UNSALTED",Snacks & Sweets,600.0,20.0,56.7,16.7,10.0,3.33,0.0,70
6431,ALMONDS ROASTED/SALTED,Snacks & Sweets,600.0,21.4,53.6,17.9,10.7,3.57,418.0,70
6432,ALMONDS ROSEMARY OILVE OIL,Snacks & Sweets,607.0,21.4,57.1,17.9,10.7,3.57,250.0,70
6433,ALMONDS SILVERED,Snacks & Sweets,600.0,20.0,53.3,20.0,10.0,3.33,17.0,70
6434,ALMONDS SLICED,Snacks & Sweets,582.0,21.4,50.0,21.4,10.7,3.57,29.0,70
6435,ALMONDS SLICED,Snacks & Sweets,567.0,20.0,50.0,20.0,13.3,3.33,0.0,70
6436,ALMONDS SLICED,Snacks & Sweets,567.0,20.0,50.0,23.3,13.3,3.33,0.0,70
6437,ALMONDS SLICED NATURAL RAW,Snacks & Sweets,613.0,22.6,48.4,22.6,12.9,3.23,0.0,70
6438,"ALMONDS SLICES, ALMONDS",Snacks & Sweets,567.0,23.3,50.0,23.3,10.0,6.67,10.0,70
6439,ALMONDS SNACKS,Snacks & Sweets,571.0,21.4,39.3,35.7,3.6,3.57,214.0,70
6440,ALMONDS SNACKS,Snacks & Sweets,575.0,21.4,50.0,21.4,10.7,3.57,0.0,70
6441,ALMONDS SPICY SALSA,Snacks & Sweets,607.0,21.4,53.6,17.9,10.7,3.57,250.0,70
6442,ALMONDS SPICY SALSA,Snacks & Sweets,607.0,21.4,53.6,17.9,10.7,3.57,250.0,70
6443,ALMONDS SUPREME,Snacks & Sweets,571.0,21.4,50.0,21.4,10.7,0.0,0.0,70
6444,ALMONDS WHOLE,Snacks & Sweets,571.0,21.4,50.0,21.4,10.7,3.57,0.0,70
6445,ALMONDS WHOLE,Snacks & Sweets,571.0,20.0,48.6,22.9,11.4,5.71,0.0,70
6446,ALMONDS WHOLE NATURAL,Snacks & Sweets,607.0,21.4,53.6,21.4,10.7,7.14,0.0,60
6447,ALMONDS WHOLE NATURAL,Snacks & Sweets,567.0,20.0,50.0,20.0,11.7,5.0,2.0,70
6448,ALMONDS WHOLE RAW,Snacks & Sweets,567.0,23.3,50.0,16.7,13.3,3.33,0.0,70
6449,"ALMONDS WITH SEA SALT, SEA SALT",Snacks & Sweets,607.0,21.4,53.6,21.4,10.7,3.57,393.0,70
6451,"ALMONDS, BERRY GLAZED",Snacks & Sweets,500.0,13.3,30.0,43.3,6.7,30.0,467.0,60
6452,"ALMONDS, BOLD WASABI & SOY SAUCE",Snacks & Sweets,605.0,18.6,53.5,18.6,9.3,4.65,419.0,70
6453,"ALMONDS, BOLD WASABI & SOY SAUCE",Snacks & Sweets,571.0,21.4,50.0,25.0,10.7,10.7,143.0,70
6454,"ALMONDS, BUTTER TOFFEE",Snacks & Sweets,500.0,10.7,28.6,53.6,7.1,46.4,286.0,60
6455,"ALMONDS, CASHEWS & MACADAMIA MIX",Snacks & Sweets,640.0,18.0,54.0,24.0,8.0,6.0,180.0,60
6456,"ALMONDS, CASHEWS PREMIUM DUET",Snacks & Sweets,571.0,21.4,50.0,25.0,7.1,3.57,321.0,60
6457,"ALMONDS, CASHEWS, DARK CHOCOLATE, GOJI BERRIES, SALT, CLASSIC",Snacks & Sweets,567.0,13.3,43.3,36.7,6.7,6.7,250.0,60
6458,"ALMONDS, CASHEWS, HAZELNUTS & PECANS DELUXE MIXED NUTS, ALMONDS, CASHEWS, HAZELNUTS & PECANS",Snacks & Sweets,643.0,17.9,53.6,21.4,7.1,3.57,286.0,60
6459,"ALMONDS, CASHEWS, PECANS, BLUEBERRIES AND CRANBERRIES WITH A TOUCH OF SEA SALT",Snacks & Sweets,536.0,14.3,42.9,39.3,10.7,14.3,125.0,70
6460,"ALMONDS, CASHEWS, PECANS, BLUEBERRIES, CRANBERRIES WITH A TOUCH OF SEA SALT ANTIOXIDANT MIX, ALMONDS, CASHEWS, PECANS, BLUEBERRIES, CRANBERRIES WITH A TOUCH OF SEA SALT",Snacks & Sweets,551.0,14.3,40.8,38.8,10.2,14.3,102.0,70
6461,"ALMONDS, CASHEWS, PECANS, PISTACHIOS ORIGINAL FLAVORED ROASTED MIXED NUTS, ALMONDS, CASHEWS, PECANS, PISTACHIOS",Snacks & Sweets,607.0,17.9,50.0,25.0,10.7,7.14,179.0,60
6462,"ALMONDS, CHEDDAR CRUNCH",Snacks & Sweets,538.0,15.4,30.8,50.0,7.7,11.5,885.0,60
6463,"ALMONDS, CHERRY PIE",Snacks & Sweets,571.0,17.9,46.4,32.1,7.1,21.4,107.0,60
6464,"ALMONDS, CHILI LIME",Snacks & Sweets,607.0,17.9,53.6,21.4,10.7,3.57,429.0,60
6465,"ALMONDS, CINNAMON HONEY",Snacks & Sweets,567.0,16.7,46.7,30.0,10.0,20.0,300.0,60
6466,"ALMONDS, CINNAMON VANILLA",Snacks & Sweets,500.0,12.5,30.0,52.5,7.5,45.0,0.0,60
6467,"ALMONDS, COCOA",Snacks & Sweets,536.0,21.4,46.4,25.0,10.7,3.57,161.0,70
6468,"ALMONDS, COCOA DUSTED",Snacks & Sweets,533.0,16.7,40.0,36.7,10.0,16.7,117.0,60
6469,"ALMONDS, COCOA ROASTED",Snacks & Sweets,621.0,20.7,51.7,24.1,10.3,3.45,155.0,70
6470,"ALMONDS, COUNTRY HERB & GARLIC",Snacks & Sweets,536.0,14.3,42.9,28.6,10.7,10.7,54.0,70
6471,"ALMONDS, COWBOY BBQ",Snacks & Sweets,500.0,14.3,39.3,28.6,10.7,10.7,786.0,60
6472,"ALMONDS, CRANBERRIES & MACADAMIA NUTS FRUIT & NUT BARS, ALMONDS, CRANBERRIES & MACADAMIA NUTS",Fruits,475.0,10.0,32.5,47.5,15.0,15.0,12.0,65
6473,"ALMONDS, CRANBERRIES, GRANOLA, PISTACHIOS DIGESTIVE HEALTH MIX, ALMONDS, CRANBERRIES, GRANOLA, PISTACHIOS",Snacks & Sweets,469.0,12.5,28.1,53.1,18.8,18.8,125.0,60
6474,"ALMONDS, DARK COCOA",Snacks & Sweets,536.0,21.4,46.4,25.0,10.7,3.57,161.0,70
6475,"ALMONDS, DRIED BLUEBERRIES, VANILLA GLAZED WALNUTS, DRIED CRANBERRIES, OMEGA-3, VANILLA GLAZED",Snacks & Sweets,500.0,10.7,32.1,53.6,7.1,32.1,107.0,60
6476,"ALMONDS, DRIED EGG WHITES, FINELY CHOPPED CHICKEN BREAST JERKY, ALMOND BUTTER AND SUNFLOWER SEEDS WITH DRIED BLUEBERRIES FUSION BAR, BLUEBERRY FUSION",Meat & Poultry,444.0,22.2,24.4,37.8,6.7,11.1,467.0,70
6477,"ALMONDS, DRY ROASTED",Snacks & Sweets,537.0,19.8,45.2,22.6,11.3,2.8,706.0,60
6478,"ALMONDS, HABANERO BBQ",Snacks & Sweets,571.0,17.9,50.0,21.4,10.7,7.14,357.0,60
6479,"ALMONDS, HICKORY SMOKE",Snacks & Sweets,607.0,17.9,50.0,21.4,14.3,3.57,571.0,60
6480,"ALMONDS, HICKORY SMOKE",Snacks & Sweets,613.0,19.4,54.8,16.1,9.7,3.23,710.0,60
6481,"ALMONDS, HICKORY SMOKED",Snacks & Sweets,600.0,20.0,53.3,16.7,10.0,3.33,533.0,60
6482,"ALMONDS, HICKORY SMOKED",Snacks & Sweets,607.0,21.4,53.6,17.9,10.7,3.57,536.0,60
6483,"ALMONDS, HICKORY SMOKED",Snacks & Sweets,571.0,21.4,50.0,21.4,10.7,3.57,643.0,60
6484,"ALMONDS, HONEY ROASTED",Snacks & Sweets,533.0,16.7,40.0,36.7,10.0,20.0,183.0,60
6485,"ALMONDS, HONEY ROASTED",Snacks & Sweets,571.0,17.9,46.4,25.0,10.7,14.3,286.0,70
6486,"ALMONDS, HONEY ROASTED CHIPOTLE",Snacks & Sweets,571.0,17.9,46.4,32.1,7.1,17.9,375.0,60
6487,"ALMONDS, HONEY ROASTED CINNAMON",Snacks & Sweets,571.0,17.9,46.4,32.1,10.7,17.9,304.0,60
6488,"ALMONDS, HONEY ROASTED VANILLA",Snacks & Sweets,571.0,17.9,46.4,32.1,7.1,21.4,161.0,60
6489,"ALMONDS, KEYLIME JALAPENO",Snacks & Sweets,607.0,21.4,53.6,21.4,10.7,3.57,214.0,70
6490,"ALMONDS, LEMON",Snacks & Sweets,607.0,21.4,53.6,17.9,10.7,3.57,125.0,70
6491,"ALMONDS, LIGHTLY SALTED",Snacks & Sweets,607.0,21.4,57.1,17.9,10.7,3.57,143.0,70
6492,"ALMONDS, LIGHTLY SALTED",Snacks & Sweets,605.0,20.9,55.8,16.3,9.3,4.65,140.0,70
6493,"ALMONDS, LOW SODIUM OVEN ROASTED",Snacks & Sweets,607.0,21.4,53.6,21.4,10.7,3.57,143.0,70
6494,"ALMONDS, MACADAMIAS, PECANS, PISTACHIOS, & SEA SALT KETO MIXED NUTS, ALMONDS, MACADAMIAS, PECANS, PISTACHIOS, & SEA SALT",Snacks & Sweets,636.0,15.2,60.6,18.2,9.1,6.06,258.0,60
6495,"ALMONDS, MATCHA GREEN TEA",Snacks & Sweets,536.0,21.4,42.9,28.6,10.7,17.9,0.0,60
6496,"ALMONDS, MATCHA GREEN TEA",Snacks & Sweets,536.0,21.4,42.9,28.6,10.7,17.9,0.0,60
6497,"ALMONDS, MESQUITE SMOKED",Snacks & Sweets,607.0,21.4,53.6,17.9,10.7,3.57,821.0,60
6498,"ALMONDS, OVEN ROASTED",Snacks & Sweets,607.0,21.4,53.6,17.9,10.7,3.57,482.0,70
6499,"ALMONDS, PEANUTS & SEA SALT WITH COCOA DRIZZLE NUT BARS",Snacks & Sweets,525.0,15.0,37.5,40.0,7.5,10.0,338.0,60
6500,"ALMONDS, PEANUTS & SEA SALT WITH COCOA DRIZZLE NUT BARS, ALMONDS, PEANUTS & SEA SALT WITH COCOA DRIZZLE",Snacks & Sweets,475.0,15.0,37.5,42.5,20.0,10.0,350.0,60
6501,"ALMONDS, PEANUTS & SEA SALT WITH COCOA DRIZZLE NUT BARS, ALMONDS, PEANUTS & SEA SALT WITH COCOA DRIZZLE",Snacks & Sweets,525.0,15.0,37.5,40.0,7.5,10.0,338.0,60
6502,"ALMONDS, PEANUTS & SEA SALT WITH COCOA DRIZZLE NUT BARS, ALMONDS, PEANUTS & SEA SALT WITH COCOA DRIZZLE",Snacks & Sweets,475.0,15.0,37.5,42.5,20.0,10.0,350.0,60
6503,"ALMONDS, PEANUTS, PISTACHIOS, PECANS, WALNUTS AND FILBERTS",Snacks & Sweets,607.0,21.4,53.6,17.9,10.7,3.57,196.0,60
6504,"ALMONDS, PEANUTS, RAISINS, TART CHERRIES PUMPKIN SEEDS & CASHEWS PROTEIN PACK, ALMONDS, PEANUTS, RAISINS, TART CHERRIES PUMPKIN SEEDS & CASHEWS",Snacks & Sweets,500.0,16.7,36.7,36.7,6.7,3.3,0.0,70
6505,"ALMONDS, PECANS, WALNUTS KETO RAW MIX, ALMONDS, PECANS, WALNUTS",Snacks & Sweets,635.0,14.1,63.5,16.5,7.1,4.71,0.0,60
6506,"ALMONDS, PEPITAS, PEANUTS, CASHEWS AND PECANS KETO TRAIL MIX, ALMONDS, PEPITAS, PEANUTS, CASHEWS AND PECANS",Snacks & Sweets,607.0,21.4,53.6,17.9,7.1,3.57,286.0,60
6507,"ALMONDS, PONZU GINGER",Snacks & Sweets,571.0,21.4,46.4,25.0,10.7,3.6,375.0,70
6508,"ALMONDS, PUMPKIN SPICE",Snacks & Sweets,607.0,21.4,53.6,21.4,10.7,7.14,411.0,70
6509,"ALMONDS, RAISINS, CASHEWS NAKED MEDLEY",Snacks & Sweets,439.0,12.3,26.3,49.1,7.0,29.8,0.0,60
6510,"ALMONDS, RAISINS, PISTACHIOS, DRIED CRANBERRIES CALIFORNIA MEDLEY",Snacks & Sweets,429.0,10.7,21.4,57.1,7.1,21.4,0.0,60
6511,"ALMONDS, RAISINS, PISTACHIOS, DRIED CRANBERRIES CALIFORNIA MEDLEY, ALMONDS, RAISINS, PISTACHIOS, DRIED CRANBERRIES",Snacks & Sweets,457.0,11.4,22.9,60.0,8.6,20.0,0.0,60
6512,"ALMONDS, RASPBERRY",Snacks & Sweets,500.0,14.3,32.1,50.0,7.1,35.7,0.0,65
6513,"ALMONDS, ROASTED & SALTED",Snacks & Sweets,600.0,20.0,53.3,20.0,10.0,0.0,367.0,70
6514,"ALMONDS, ROASTED & SALTED",Snacks & Sweets,633.0,20.0,56.7,16.7,10.0,3.33,350.0,70
6515,"ALMONDS, ROASTED & SALTED",Snacks & Sweets,607.0,21.4,53.6,17.9,10.7,3.57,429.0,70
6516,"ALMONDS, ROASTED & SALTED",Snacks & Sweets,600.0,20.0,53.3,20.0,10.0,3.33,400.0,70
6517,"ALMONDS, ROASTED COFFEE",Snacks & Sweets,558.0,18.6,46.5,25.6,9.3,11.6,105.0,70
6518,"ALMONDS, ROASTED SALTED",Snacks & Sweets,607.0,21.4,57.1,17.9,10.7,7.14,286.0,70
6519,"ALMONDS, ROASTED SALTED",Snacks & Sweets,607.0,21.4,57.1,17.9,10.7,3.57,714.0,60
6520,"ALMONDS, ROASTED SALTED",Snacks & Sweets,607.0,21.4,53.6,17.9,10.7,3.57,393.0,70
6521,"ALMONDS, ROASTED UNSALTED",Snacks & Sweets,600.0,20.0,50.0,16.7,10.0,3.33,0.0,70
6522,"ALMONDS, ROASTED UNSALTED",Snacks & Sweets,643.0,21.4,57.1,17.9,10.7,0.0,0.0,60
6523,"ALMONDS, ROASTED, SALTED",Snacks & Sweets,607.0,21.4,53.6,17.9,10.7,3.57,304.0,70
6524,"ALMONDS, ROSEMARY & HERB",Snacks & Sweets,600.0,20.0,53.3,20.0,10.0,6.67,383.0,70
6525,"ALMONDS, SALTED CARAMEL",Snacks & Sweets,571.0,21.4,50.0,25.0,10.7,10.7,214.0,70
6526,"ALMONDS, SALTED ROASTED",Snacks & Sweets,595.0,21.4,54.8,16.7,9.5,4.76,381.0,70
6527,"ALMONDS, SALTED ROASTED",Snacks & Sweets,607.0,21.4,53.6,17.9,10.7,3.57,393.0,70
6528,"ALMONDS, SLIVERED",Snacks & Sweets,567.0,20.0,50.0,20.0,13.3,3.33,0.0,70
6529,"ALMONDS, SMOKED",Snacks & Sweets,581.0,20.9,53.5,18.6,11.6,4.65,535.0,60
6530,"ALMONDS, SMOKED",Snacks & Sweets,571.0,21.4,53.6,21.4,10.7,3.57,268.0,70
6531,"ALMONDS, SMOKED BACON",Snacks & Sweets,607.0,21.4,53.6,21.4,10.7,3.6,536.0,60
6532,"ALMONDS, SMOKED CHEDDAR SEASONED",Snacks & Sweets,607.0,17.9,53.6,17.9,10.7,7.14,429.0,60
6533,"ALMONDS, SMOKY BACON & BLUE CHEESE",Dairy,571.0,21.4,46.4,25.0,10.7,7.14,750.0,60
6534,"ALMONDS, SMOKY BACON & BLUE CHEESE",Dairy,571.0,21.4,46.4,25.0,10.7,7.14,750.0,60
6535,"ALMONDS, SPICED CINNAMON",Snacks & Sweets,482.0,10.6,24.7,61.2,7.1,49.4,0.0,60
6536,"ALMONDS, SRIRACHA",Snacks & Sweets,607.0,17.9,53.6,17.9,10.7,3.57,286.0,70
6537,"ALMONDS, SRIRACHA",Snacks & Sweets,607.0,21.4,53.6,17.9,10.7,7.14,429.0,70
6538,"ALMONDS, SWEET & SALTY",Snacks & Sweets,571.0,21.4,39.3,35.7,3.6,0.0,214.0,70
6539,"ALMONDS, SWEET BLUEBERRY",Snacks & Sweets,600.0,16.7,43.3,33.3,10.0,20.0,0.0,60
6540,"ALMONDS, SWEET SRIRACHA",Snacks & Sweets,571.0,17.9,46.4,32.1,10.7,17.9,36.0,60
6541,"ALMONDS, TOASTED COCONUT",Snacks & Sweets,581.0,20.9,46.5,25.6,11.6,11.6,116.0,70
6542,"ALMONDS, VANILLA CREME",Snacks & Sweets,536.0,10.7,28.6,57.1,7.1,50.0,214.0,60
6543,"ALMONDS, VEGGIES & HUMMUS",Fruits,175.0,7.5,11.7,12.5,5.0,3.33,208.0,65
6544,"ALMONDS, WALNUTS, COCONUT, CRANBERRIES, PECANS, SUNFLOWER SEEDS & CHIA SEEDS GRANOLA, ALMONDS, WALNUTS, COCONUT, CRANBERRIES, PECANS, SUNFLOWER SEEDS & CHIA SEEDS",Other,550.0,12.5,45.0,30.0,7.5,7.5,88.0,60
6545,"ALMONDS, WASABI SOY",Snacks & Sweets,600.0,20.0,53.3,20.0,10.0,3.33,350.0,70
6546,"ALMONDS, WINTER SPICE",Snacks & Sweets,533.0,13.3,36.7,43.3,6.7,30.0,183.0,60
6547,"ALMONDS,BRAZIL NUTS, HAZELNUTS, PECANS, WALNUTS EXTRA FANCY MIXED NUTS, ALMONDS,BRAZIL NUTS, HAZELNUTS, PECANS, WALNUTS",Snacks & Sweets,633.0,16.7,60.0,16.7,10.0,0.0,0.0,60
6548,"ALMONDUO ALMOND AND PISTACHIO BISCUITS, ALMONDUO ALMOND AND PISTACHIO",Other,483.0,13.8,17.2,69.0,3.4,34.5,34.0,60
6549,"ALMONETTE BAKED WITH REAL ALMONDS COOKIES, REAL ALMONDS",Snacks & Sweets,500.0,6.67,26.7,60.0,3.3,0.0,217.0,60
6550,"ALMOST NAKED SOURDOUGH BREAD, SEA SALT, BLACK PEPPER CROUTONS, SEA SALT; BLACK PEPPER",Grains,429.0,14.3,14.3,57.1,14.3,0.0,1000.0,60
6551,"ALOE & IRISH SEA MOSS SMOOTHIE BOOSTER, ALOE & IRISH SEA MOSS",Other,419.0,12.9,25.8,35.5,12.9,16.1,81.0,60
6552,"ALOHA COCONUT CARAMELS, ALOHA COCONUT",Other,400.0,6.67,23.3,50.0,13.3,0.0,450.0,60
6553,"ALOHA COCONUT MACADAMIA BUTTER, ALOHA",Other,601.0,10.6,49.5,31.8,3.5,7.1,371.0,60
6554,"ALPEN MUESLI, 14 OZ",Other,350.0,13.3,5.83,71.7,7.0,0.0,33.0,70
6555,"ALPENROSE DAIRY, DRY CURD COTTAGE CHEESE",Dairy,79.0,17.5,0.0,1.75,0.0,1.75,18.0,60
6556,ALPHA BUDDIES CHICKEN BREAST NUGGETS,Meat & Poultry,215.0,11.8,10.8,17.2,2.2,1.08,387.0,60
6557,ALPHABET EGG NOODLES,Other,382.0,14.6,4.55,70.9,3.6,0.0,18.0,70
6558,ALPHABET ENRICHED MACARONI PRODUCT,Other,377.0,11.3,1.89,77.4,3.8,3.77,0.0,70
6559,ALPHABET PASTA,Grains,375.0,12.5,1.79,75.0,1.8,3.57,0.0,60
6560,ALPHABET SOUP MIX,Other,348.0,13.0,2.17,73.9,8.7,17.4,130.0,65
6561,ALPHABET-SHAPED CHICKEN BREAST NUGGETS,Meat & Poultry,237.0,12.9,12.9,18.3,2.2,0.0,366.0,60
6562,ALPHABETS FROM 100% DURUM SEMOLINA FLOUR,Other,375.0,12.5,1.79,75.0,3.6,3.57,0.0,70
6563,ALPHABETS MACARONI,Other,357.0,12.5,1.79,75.0,3.6,1.79,0.0,70
6564,ALPHABETS MACARONI PRODUCT,Other,382.0,12.7,1.82,76.4,3.6,0.0,0.0,70
6565,ALPHABETS MADE FROM CHICKPEAS,Other,339.0,23.2,6.25,58.9,8.9,3.57,80.0,70
6566,ALPHABETS NO. 51 PASTA,Grains,357.0,12.5,1.79,73.2,3.6,0.0,0.0,70
6567,"ALPHABETS, ENRICHED MACARONI PRODUCT",Other,357.0,12.5,1.79,73.2,3.6,0.0,0.0,70
6568,"ALPHABETS, ENRICHED MACARONI PRODUCT",Other,357.0,12.5,1.79,73.2,3.6,3.57,0.0,70
6569,ALPHATOTS,Other,179.0,2.38,8.33,21.4,3.6,1.19,345.0,60
6570,ALPINE VALLEY FITNESS TRAIL MIX,Snacks & Sweets,500.0,13.3,30.0,43.3,6.7,30.0,33.0,60
6571,"ALPINE VALLEY, FLAVORED PISTACHIOS, JALAPENO, JALAPENO",Snacks & Sweets,567.0,16.7,43.3,20.0,10.0,6.67,383.0,70
6572,"ALPINE VALLEY, RAW PISTACHIO KERNAELS",Snacks & Sweets,567.0,20.0,43.3,30.0,10.0,6.67,0.0,70
6573,"ALPINE VALLEY, SALTED PISTACHIOS",Snacks & Sweets,567.0,23.3,46.7,23.3,10.0,6.67,433.0,70
6574,"ALPINE VALLEY, SLICED ALMONDS",Snacks & Sweets,567.0,20.0,53.3,20.0,10.0,0.0,17.0,70
6575,"ALPINE VALLEY, UNSALTED PISTACHIOS",Snacks & Sweets,567.0,20.0,43.3,30.0,10.0,6.67,0.0,70
6576,"ALSTERTOR, HERRING FILLETS IN TOMATO SAUCE",Seafood,263.0,13.0,21.0,5.8,0.4,5.6,116.0,60
6577,"ALTA DENA, COTTAGE CHEESE",Dairy,71.0,13.3,0.0,3.54,0.0,3.54,319.0,60
6578,"ALTA DENA, SMALL CURD COTTAGE CHEESE",Dairy,71.0,13.3,0.0,3.54,0.0,3.54,319.0,60
6579,"ALTER ECO, ORGANIC ROYAL PEARL QUINOA",Grains,372.0,14.0,5.81,67.4,7.0,,23.0,70
6580,"AMANDINE MAPLE ALMONDS, AMANDINE",Snacks & Sweets,567.0,16.7,43.3,36.7,10.0,16.7,233.0,60
6581,AMARANTH A NATURAL SUPER GRAIN,Grains,378.0,13.3,6.67,66.7,11.1,4.44,0.0,70
6582,AMARANTO,Grains,376.0,14.1,7.06,63.5,2.4,0.0,0.0,60
6583,"AMARETTI ALMOND COOKIES, ALMOND",Snacks & Sweets,429.0,10.7,5.36,89.3,3.6,75.0,286.0,60
6584,"AMARETTI SOFT ALMOND COOKIES, AMARETTI",Snacks & Sweets,467.0,13.3,23.3,46.7,3.3,36.7,367.0,60
6585,AMARETTO ALMOND SPROUTED MANNA BUTTER,Other,571.0,21.4,50.0,21.4,10.7,3.57,0.0,70
6586,"AMARILLO INSTANT YELLOW CORN MASA FLOUR TORTILLAS, AMARILLO",Other,367.0,10.0,3.33,76.7,3.3,3.33,0.0,60
6587,AMARILLOS FRIED RIPE PLANTAINS,Other,212.0,1.18,5.88,38.8,3.5,0.0,0.0,60
6588,AMAZ!N PRUNES,Snacks & Sweets,250.0,2.5,0.0,60.0,7.5,0.0,0.0,60
6589,"AMAZIN RAISIN CINNAMON RAISIN BREAD, CINNAMON; RAISIN",Grains,286.0,7.14,3.57,60.7,3.6,7.1,321.0,60
6590,"AMAZING GRASS, PROTEIN SUPERFOOD NUTRITION SHAKE, CHOCOLATE PEANUT BUTTER",Other,442.0,46.5,16.3,25.6,14.0,9.3,791.0,60
6591,"AMAZING GRASS, PROTEIN SUPERFOOD WHOLE FOOD NUTRITION SHAKE, ORIGINAL, ORIGINAL",Snacks & Sweets,379.0,69.0,8.62,13.8,10.3,3.45,862.0,65
6592,"AMAZING HERBS, BLACK CUMIN SEED",Other,500.0,20.0,40.0,40.0,20.0,,0.0,70
6593,AMAZING ON SALMON FILLET,Seafood,190.0,17.1,11.4,5.0,0.0,5.0,243.0,60
6594,"AMAZING SEED ORGANIC THIN SLICED BREAD, AMAZING SEED",Grains,250.0,10.7,3.57,50.0,3.6,7.1,268.0,70
6595,"AMAZONAS RAINFOREST PRODUCT, 100% NATURAL EMOLIENTE MIXED HERB TEA",Other,0.0,0.0,0.0,0.0,33.3,0.0,0.0,65
6596,"AMAZONAS RAINFOREST PRODUCT, ANDEAN QUINOA",Grains,350.0,12.5,7.25,62.5,10.0,0.0,0.0,70
6597,"AMAZONAS RAINFOREST PRODUCT, CANARY BEANS",Vegetables,395.0,34.9,18.6,32.6,23.3,6.98,0.0,70
6598,"AMAZONAS RAINFOREST PRODUCT, GOURMET COOKED DRIED POTATOES",Vegetables,250.0,0.0,1.25,60.0,7.5,0.0,38.0,60
6599,"AMAZONAS RAINFOREST PRODUCT, HARINA CREMA DE SEMOLA CORN FLOUR",Other,395.0,34.9,18.6,32.6,23.3,6.98,0.0,70
6600,"AMAZONAS RAINFOREST PRODUCT, REFINED YELLOW CORN FLOUR",Other,357.0,7.14,0.0,89.3,3.6,0.0,0.0,60
6601,"AMAZONAS RAINFOREST PRODUCT, SALVATORIAN RED BEANS",Vegetables,364.0,22.7,0.0,61.4,15.9,4.55,0.0,70
6602,"AMAZONAS RAINFOREST PRODUCT, SALVATORIAN RED BEANS",Vegetables,364.0,22.7,0.0,61.4,15.9,4.55,0.0,70
6603,"AMAZONAS, HORCHATA MIX",Other,382.0,11.8,10.9,55.9,2.9,5.88,0.0,60
6604,"AMBASSADOR ORGANICS, ORGANIC VANILLA BEAN COCOA",Other,400.0,0.0,13.0,60.0,20.0,0.0,0.0,60
6605,"AMBERYE, HONEY COOKIES, RUM, RUM",Snacks & Sweets,400.0,6.67,6.67,73.3,3.3,13.3,33.0,60
6606,"AMBROSIAL, GREEK MUESLI, GOJI BERRY HAZELNUT",Other,400.0,12.7,9.09,70.9,5.0,23.6,9.0,60
6607,"AMELLO'S FAMILY BAKERY, COOKIES, SESAME REGINA, SESAME REGINA",Snacks & Sweets,484.0,9.89,26.4,46.2,3.3,14.3,33.0,60
6608,"AMERICA'S CHOICE, PENNE RIGATE",Other,375.0,12.5,2.68,73.2,8.9,3.57,0.0,70
6609,"AMERICA'S CHOICE, SWEET POTATO STRAIGHT CUT FRIES",Other,165.0,1.18,7.06,22.4,3.5,9.41,159.0,60
6610,AMERICA'S FIRST KETTLE CHIP,Snacks & Sweets,536.0,7.14,28.6,57.1,3.6,0.0,393.0,65
6611,American Beauty 14.5 Oz Protein Angel Hair Pasta,Grains,339.0,17.9,1.79,67.9,8.9,0.0,116.0,70
6612,American Beauty 14.5 Oz Protein Elbow Pasta,Grains,339.0,17.9,1.79,67.9,8.9,0.0,116.0,70
6613,American Beauty 14.5 Oz Protein Spaghetti Pasta,Grains,339.0,17.9,1.79,14.3,8.9,0.0,116.0,70
6614,American Beauty 16 Oz Spaghetti Rigate Pasta,Grains,357.0,12.5,1.79,75.0,3.6,0.0,0.0,70
6615,"AMERICAN BEAUTY, ANGEL HAIR PASTA",Grains,357.0,12.5,1.79,75.0,3.6,1.79,0.0,70
6616,"AMERICAN BEAUTY, ENRICHED MACARONI PRODUCT, ROTINI",Other,357.0,12.5,1.79,75.0,3.6,1.79,0.0,70
6617,"AMERICAN BEAUTY, ENRICHED MACARONI PRODUCT, SMALL SHELLS",Other,357.0,12.5,1.79,75.0,3.6,1.79,0.0,70
6618,"AMERICAN BEAUTY, LINGUINE, ENRICHED MACARONI PRODUCT",Other,357.0,12.5,1.79,75.0,3.6,1.79,0.0,70
6619,"AMERICAN BEAUTY, MEDIUM EGG NOODLES, AMERICAN WHEAT, AMERICAN WHEAT",Other,375.0,14.3,4.46,67.9,3.6,3.57,9.0,70
6620,"AMERICAN BEAUTY, MOSTACCIOLI PASTA, ENRICHED MACARONI PRODUCT",Grains,357.0,12.5,1.79,75.0,3.6,1.79,0.0,70
6621,AMERICAN BLACK WALNUTS,Snacks & Sweets,617.0,23.3,53.3,10.0,6.7,0.0,3.0,70
6622,AMERICAN BLEND,Other,418.0,11.9,11.9,67.2,9.0,19.4,112.0,60
6623,AMERICAN CHOP SUEY,Other,206.0,21.2,12.4,3.53,0.0,0.59,106.0,60
6624,AMERICAN CHOP SUEY,Other,203.0,11.4,13.7,10.1,0.4,1.76,291.0,60
6625,"AMERICAN FARMER, WHITE HOUSE CHEDDAR POPPED CORN, CHEDDAR POPPED CORN",Snacks & Sweets,536.0,10.7,25.0,60.7,10.7,3.57,714.0,60
6626,"AMERICAN GOLDEN BREAD CRUMBS, AMERICAN",Grains,357.0,10.7,5.36,67.9,3.6,2.1,929.0,60
6627,"AMERICAN GRASS FED BEEF, LONDON BROIL",Meat & Poultry,133.0,21.2,5.31,0.0,0.0,0.0,71.0,60
6628,AMERICAN GROUND BEEF,Meat & Poultry,177.0,19.5,9.73,0.0,0.0,0.0,66.0,60
6629,"AMERICAN GROWN APPLE PIE PECANS, ROASTED SALTED ALMONDS, CRANBERRIES, DATES, RAISINS, HONEY ROASTED PEANUTS, ROASTED SALTED PEANUTS, ROASTED SALTED SUNFLOWER KERNELS MIX, AMERICAN GROWN",Snacks & Sweets,469.0,12.5,28.1,43.8,6.2,28.1,281.0,60
6630,"AMERICAN IMPORTING CO, ENERGY TRAIL MIX",Snacks & Sweets,600.0,16.7,46.7,33.3,6.7,10.0,350.0,60
6631,"AMERICAN IMPORTING CO, WHOLESOME NUT BLEND",Snacks & Sweets,600.0,20.0,53.3,23.3,6.7,3.33,317.0,60
6632,"AMERICAN IMPORTING COMPANY, INC., SLICED ALMONDS",Snacks & Sweets,567.0,20.0,50.0,23.3,13.3,3.33,0.0,70
6633,"AMERICAN IMPORTING COMPANY, INC., SUNFLOWER KERNELS, HONEY ROASTED, HONEY ROASTED",Snacks & Sweets,606.0,18.2,48.5,24.2,6.1,15.2,197.0,60
6634,"AMERICAN MACARONI & CHEESE, AMERICAN",Dairy,380.0,14.1,6.34,67.6,4.2,0.0,972.0,60
6635,AMERICAN ORGANIC GRASS FED BEEF,Meat & Poultry,133.0,21.2,4.42,0.0,0.0,0.0,80.0,60
6636,AMERICAN POTATO SALAD,Other,133.0,1.56,6.25,18.0,3.1,7.03,242.0,60
6637,AMERICAN POTATO SALAD,Other,133.0,1.56,6.25,18.0,3.1,7.03,242.0,60
6638,"AMERICAN PRIDE, WILD ALASKA POLLOCK FILLETS, SEA SALT & PEPPER, SEA SALT & PEPPER",Seafood,77.0,15.4,0.55,1.1,0.0,0.0,242.0,60
6639,"AMERICAN PRIDE, WILD ALASKA POLLOCK FISH STICKS",Seafood,256.0,11.1,11.1,26.7,1.1,1.11,300.0,60
6640,"AMERICAN PRIDE, WILD ALASKA POLLOCK FLAKY FILLETS WITH A LEMON PEPPER CRUST, LEMON PEPPER, LEMON PEPPER",Seafood,250.0,11.6,10.7,26.8,0.9,0.89,304.0,60
6641,"AMERICAN PRIDE, WILD ALASKA POLLOCK, GARLIC & HERB, GARLIC & HERB",Seafood,77.0,15.4,0.55,2.2,0.0,0.0,220.0,60
6642,AMERICAN SCALLOPS,Seafood,71.0,12.5,0.45,3.57,0.0,0.0,161.0,60
6643,"AMERICAN SPANISH BLACK BEAN SOUP, AMERICAN SPANISH BLACK BEAN",Other,343.0,20.0,1.43,60.0,14.3,2.86,829.0,60
6644,AMERICAN STYLE KOBE BEEF SLIDERS,Meat & Poultry,257.0,17.1,20.0,0.0,0.0,0.0,64.0,60
6645,"AMERICAN VALLEY, PEANUTS, ROASTED & SALTED, ROASTED & SALTED",Snacks & Sweets,607.0,25.0,50.0,17.9,7.1,3.57,429.0,60
6646,"AMERICAN VALLEY, ROASTED & SALTED PEANUTS",Snacks & Sweets,850.0,35.0,75.0,25.0,10.0,0.0,475.0,60
6647,AMERICAN WILD SHRIMP,Seafood,107.0,20.5,1.79,0.89,0.0,0.0,143.0,60
6648,AMERICAN WILD SHRIMP,Seafood,107.0,20.5,1.79,0.89,0.0,,143.0,60
6649,"AMERICAN, FLAX SEEDS BROWN",Grains,379.0,14.3,28.6,21.4,21.4,0.0,21.0,70
6650,"AMIRA, NATURAL BASMATI RICE",Grains,367.0,8.89,2.22,77.8,3.3,0.0,0.0,60
6651,"AMISH BAKED BEANS, AMISH",Other,125.0,4.55,2.84,28.4,3.4,12.5,330.0,60
6652,"AMISH BAKED BEANS, AMISH",Other,125.0,4.55,2.84,28.4,3.4,12.5,330.0,60
6653,"AMISH COUNTRY, ALMOND PASTE",Other,464.0,11.4,28.6,39.3,7.1,39.3,0.0,60
6654,"AMISH COUNTRY, RAINBOW UNIQUE BLEND POPCORN KERNELS",Snacks & Sweets,282.0,10.3,3.85,69.2,17.9,2.56,26.0,70
6655,"AMISH EGG NOODLES, KLUSKI",Other,400.0,16.0,6.0,70.0,4.0,2.0,20.0,70
6656,"AMISH EGG NOODLES, NARROW",Other,400.0,16.0,6.0,70.0,4.0,2.0,20.0,70
6657,"AMISH EGG NOODLES, WIDE",Other,400.0,16.0,6.0,70.0,4.0,2.0,20.0,70
6658,AMISH EXTRA LARGE EGGS,Other,150.0,13.3,8.33,1.67,,,133.0,60
6659,AMISH STYLE HAND MADE EGG NOODLES,Other,400.0,16.0,6.0,64.0,,0.0,20.0,60
6660,"AMISH STYLE NOODLES, YOLK FREE",Other,380.0,18.0,2.0,72.0,4.0,2.0,10.0,70
6661,AMLA POWDER ORGANIC SPICES,Other,45.0,1.0,0.5,10.0,4.0,0.0,0.0,60
6662,"AMONG FRIENDS, TRISH THE DISH, CRISP MIX",Other,387.0,12.9,8.06,71.0,6.5,29.0,226.0,60
6663,"AMOR PASTA, BRONZE DIE CUT MAFALDINE, AMORE",Grains,339.0,10.7,0.89,69.6,3.6,1.79,0.0,70
6664,"AMORE ANCIENT GRAIN PASTA, CHIOCCIOLE",Grains,357.0,14.3,0.89,69.6,3.6,1.79,0.0,70
6665,AMORE CASARECCE PASTA,Grains,339.0,10.7,0.89,69.6,3.6,1.79,0.0,70
6666,"AMORE HERITAGE GRAIN PASTA, SPAGHETTI",Grains,357.0,14.3,0.89,71.4,3.6,1.79,0.0,70
6667,"AMORE MARINARA PASTA SAUCE, AMORE MARINARA",Grains,64.0,0.8,4.0,6.4,3.2,3.2,344.0,60
6668,"AMORE PASTA, GIRELLE",Grains,339.0,10.7,0.89,69.6,3.6,1.79,0.0,70
6669,"AMORE PASTA, PACCHERI RIGATI",Grains,339.0,10.7,0.89,69.6,3.6,1.79,0.0,70
6670,"AMORE PASTA, RICCIOLI",Grains,339.0,10.7,0.89,69.6,3.6,1.79,0.0,70
6671,"AMORE SPREAD ALMOND WITH COCOA & MILK, ALMOND WITH COCOA & MILK",Dairy,500.0,11.1,27.8,55.6,5.6,44.4,56.0,60
6672,"AMORE WITH COCOA & MILK HAZELNUT SPREAD, AMORE WITH COCOA & MILK",Dairy,531.0,12.5,28.1,59.4,6.2,43.8,62.0,60
6673,"AMORE, HERITAGE GRAIN PASTA, PENNE RITORTE",Grains,357.0,14.3,0.89,71.4,3.6,1.79,0.0,70
6674,"AMORE, HERITAGE GRAIN PASTA, PENNE RITORTE",Grains,357.0,14.3,0.89,71.4,3.6,0.0,0.0,70
6675,AMPED OMEGA-3 TRAIL MIX,Snacks & Sweets,571.0,14.3,42.9,32.1,7.1,14.3,125.0,60
6676,"AMPORT FOODS, 100% NATURAL FLAX SEEDS",Grains,433.0,20.0,36.7,33.3,33.3,0.0,50.0,70
6677,"AMPORT FOODS, CRANBERRY NUT MIX",Snacks & Sweets,500.0,13.3,33.3,40.0,6.7,20.0,0.0,60
6678,"AMPORT FOODS, FLAX SEEDS",Grains,533.0,16.7,43.3,30.0,26.7,0.0,33.0,70
6679,"AMPORT FOODS, ORGANIC CRANBERRY NUT MIX",Snacks & Sweets,500.0,13.3,33.3,40.0,6.7,20.0,0.0,60
6680,"AMPORT FOODS, PEPITAS (PUMPKIN SEED KERNELS)",Snacks & Sweets,600.0,36.7,50.0,6.67,6.7,0.0,350.0,60
6681,"AMPORT FOODS, PINE NUTS",Snacks & Sweets,629.0,11.4,60.0,20.0,11.4,2.86,71.0,60
6682,"AMPORT FOODS, ROASTED & SALTED SUNFLOWER SEEDS",Snacks & Sweets,600.0,20.0,50.0,23.3,10.0,3.33,417.0,60
6683,"AMPORT FOODS, ROASTED SUNFLOWER SEEDS",Snacks & Sweets,600.0,20.0,50.0,23.3,10.0,3.33,0.0,60
6684,"AMPORT FOODS, SANTA FE MIX",Snacks & Sweets,500.0,16.7,30.0,46.7,6.7,3.33,967.0,60
6685,"AMPORT FOODS, SOY NUTS, HONEY ROASTED, HONEY ROASTED",Snacks & Sweets,500.0,26.7,30.0,40.0,13.3,10.0,133.0,70
6686,"AMPORT FOODS, SOY NUTS, LIGHTLY SALTED, LIGHTLY SALTED",Snacks & Sweets,500.0,36.7,26.7,36.7,16.7,0.0,333.0,70
6687,"AMY'S, MUSHROOM & CHEESE SWIRLS",Dairy,261.0,10.1,13.0,27.5,1.4,4.35,420.0,60
6688,"AN AMERICAN CLASSIC ELBOWS, ENRICHED MACARONI PRODUCT",Other,357.0,12.5,1.79,73.2,3.6,3.57,0.0,70
6689,"AN ENRICHED MACARONI PRODUCT, FIDEO",Other,375.0,12.5,1.79,75.0,1.8,1.79,0.0,60
6690,"ANCESTRAL BLEND 100% GRASS FED BEEF, ANCESTRAL BLEND",Meat & Poultry,179.0,19.6,9.82,0.0,0.0,0.0,67.0,60
6691,"ANCESTRAL BLEND BISON LIVER, BISON HEART, GROUND BISON, ANCESTRAL BLEND",Meat & Poultry,170.0,20.5,9.82,0.0,0.0,0.0,54.0,60
6692,"ANCESTRAL BLEND VENISON LIVER, VENISON HEART, GROUND VENISON, ANCESTRAL BLEND",Meat & Poultry,152.0,21.4,6.25,0.0,0.0,0.0,76.0,60
6693,"ANCHO & JALAPENO TACO SEASONING, ANCHO & JALAPENO",Other,250.0,16.7,0.0,50.0,16.7,,8830.0,60
6694,"ANCHO CHILE GRILLED CHICKEN WITH ROASTED SWEET POTATOES CHICKEN BREAST WITH ROASTED SWEET POTATOES, BLACK BEANS AND VEGETABLES IN AN ANCHO CHILE SAUCE DELIGHTS, ANCHO CHILE GRILLED CHICKEN WITH ROASTED SWEET POTATOES",Vegetables,103.0,6.53,2.75,13.8,3.8,0.3,179.0,60
6695,"ANCHO CHILE ORGANIC RED RICE & QUINOA TORTILLA CHIPS, ANCHO CHILE",Grains,500.0,7.14,21.4,67.9,3.6,3.57,429.0,65
6697,ANCHO CHILI PODS,Other,286.0,14.3,12.5,53.6,35.7,10.7,71.0,70
6698,ANCHO CHILI PODS,Other,282.0,10.7,7.14,50.0,21.4,0.0,43.0,70
6699,"ANCHO DRIED CHILE, ANCHO",Other,294.0,11.8,0.0,47.1,23.5,0.0,29.0,70
6700,ANCHO PEPPER,Other,282.0,10.7,7.14,50.0,21.4,0.0,43.0,60
6701,ANCHOVY PASTE,Other,214.0,14.3,10.7,7.14,7.1,0.0,5570.0,60
6702,"ANCIENT 9-GRAIN SPROUTED GRAIN SLICED BREAD, ANCIENT 9-GRAIN",Grains,250.0,11.1,2.78,44.4,8.3,2.78,306.0,75
6703,ANCIENT GRAIN,Other,192.0,9.62,2.88,34.6,5.8,1.15,423.0,60
6704,"ANCIENT GRAIN & CHIA GRANOLA BARS, CRANBERRIES, CHERRIES, STRAWBERRIES & RASPBERRIES",Snacks & Sweets,371.0,14.3,7.14,65.7,8.6,28.6,300.0,60
6705,"ANCIENT GRAIN 100% WHOLE GRAIN BREAD, ANCIENT GRAIN",Grains,250.0,7.14,5.36,46.4,3.6,7.1,321.0,60
6706,ANCIENT GRAIN BLEND,Other,378.0,11.1,4.44,71.1,4.4,2.22,0.0,70
6707,ANCIENT GRAIN BLEND,Other,356.0,11.1,3.33,60.0,13.3,0.0,0.0,70
6708,ANCIENT GRAIN BREAD,Grains,256.0,11.6,4.65,48.8,7.0,6.98,221.0,70
6709,"ANCIENT GRAIN BREADED FISH NUGGETS, ANCIENT GRAIN",Grains,207.0,13.5,9.01,19.8,0.0,0.0,387.0,60
6710,"ANCIENT GRAIN BREADED FISH TENDERS, ANCIENT GRAIN",Grains,204.0,13.3,8.85,20.4,0.0,0.0,389.0,60
6711,"ANCIENT GRAIN CRISPS, WHITE CHEDDAR",Snacks & Sweets,393.0,10.7,16.1,60.7,7.1,3.57,607.0,60
6712,ANCIENT GRAIN ELBOWS PASTA,Grains,357.0,7.14,3.57,73.2,3.6,0.0,0.0,60
6713,"ANCIENT GRAIN ENRICHED BREAD 1/2 LOAF, ANCIENT GRAIN",Grains,269.0,11.5,3.85,53.8,4.0,7.7,442.0,70
6714,ANCIENT GRAIN FLAKES,Other,367.0,8.33,1.67,78.3,8.3,8.33,100.0,60
6715,ANCIENT GRAIN FLAKES CEREAL,Other,367.0,8.33,1.67,78.3,8.3,8.33,100.0,60
6716,"ANCIENT GRAIN FUSION, TUSCAN GARLIC & TOMATO",Other,186.0,5.71,5.0,30.7,4.3,2.86,136.0,60
6717,ANCIENT GRAIN GRANOLA + PUFFS CEREAL,Other,464.0,10.7,16.1,64.3,7.1,14.3,286.0,60
6718,"ANCIENT GRAIN GRANOLA + PUFFS CEREAL., PUMPKIN CINNAMON",Other,452.0,12.9,16.1,61.3,6.5,12.9,258.0,60
6719,ANCIENT GRAIN HOT CEREAL,Other,378.0,15.6,7.78,66.7,11.1,0.0,0.0,70
6720,"ANCIENT GRAIN IVORY TEFF WRAPS, ANCIENT GRAIN IVORY TEFF",Other,288.0,3.03,9.09,50.0,6.1,0.0,439.0,60
6722,"ANCIENT GRAIN MEAL, 3 MINUTE BEEF BURGUNDY",Meat & Poultry,351.0,12.3,2.63,71.9,8.8,7.02,1470.0,65
6723,ANCIENT GRAIN MEDLEY,Other,162.0,4.76,3.81,26.7,3.8,1.9,314.0,65
6724,"ANCIENT GRAIN MUESLI, APPLE CURRANT",Other,400.0,16.7,10.0,63.3,10.0,10.0,0.0,70
6725,"ANCIENT GRAIN MUESLI, CRANBERRY CASHEW",Other,400.0,16.7,11.7,63.3,10.0,10.0,0.0,70
6726,"ANCIENT GRAIN MUESLI, MANGO ALMOND",Other,400.0,16.7,11.7,63.3,10.0,10.0,17.0,70
6727,"ANCIENT GRAIN OMEGA FLAX & FIBER BREAD, OMEGA FLAX & FIBER",Grains,259.0,8.62,10.3,41.4,10.3,5.2,466.0,60
6728,ANCIENT GRAIN ORGANIC SPELT MATZO,Other,333.0,16.7,1.67,76.7,10.0,3.33,17.0,70
6729,"ANCIENT GRAIN ORGANIC SPROUTED WHOLE GRAIN BREAD, ANCIENT GRAIN",Grains,250.0,14.3,3.57,46.4,10.7,7.1,429.0,70
6730,ANCIENT GRAIN PASTA,Grains,357.0,7.14,3.57,73.2,3.6,0.0,0.0,60
6731,ANCIENT GRAIN PASTA FUSILLI,Grains,357.0,7.14,3.57,73.2,3.6,0.0,0.0,60
6732,"ANCIENT GRAIN PASTA, AMORE FUSILLI",Grains,357.0,14.3,0.89,69.6,3.6,1.79,0.0,70
6733,ANCIENT GRAIN PIZZA WITH CHEESE AND MUSHROOMS,Dairy,239.0,9.73,12.4,20.4,5.3,1.77,354.0,60
6734,ANCIENT GRAIN POWER BLEND,Other,367.0,13.3,6.67,64.4,8.9,2.22,9.0,70
6735,"ANCIENT GRAIN PROTEIN BOOSTER, VANILLA",Other,444.0,55.6,5.56,38.9,16.7,5.56,167.0,70
6736,ANCIENT GRAIN SPAGHETTI,Other,321.0,14.3,2.68,71.4,8.9,3.57,9.0,70
6737,"ANCIENT GRAIN WITH CHIA & FLAX GLUTEN FREE FLATBREAD PITA, ANCIENT GRAIN WITH CHIA & FLAX",Grains,260.0,4.0,1.0,60.0,10.0,2.0,460.0,60
6738,"ANCIENT GRAIN WITH SEA SALT BROWN RICE CRACKERS, ANCIENT GRAIN WITH SEA SALT",Grains,433.0,6.67,8.33,80.0,3.3,0.0,267.0,60
6739,"ANCIENT GRAINS & CHIA ENERGIZE BREAD, ANCIENT GRAINS & CHIA",Grains,278.0,13.0,7.41,42.6,9.3,1.85,278.0,70
6740,"ANCIENT GRAINS & FLAX INSTANT OATMEAL WITH PROBIOTICS, ANCIENT GRAINS & FLAX",Other,389.0,16.7,9.26,63.0,11.1,0.0,83.0,70
6741,ANCIENT GRAINS & FLAX PITA CHIPS,Snacks & Sweets,429.0,14.3,14.3,67.9,7.1,3.6,536.0,60
6742,"ANCIENT GRAINS & FLAXSEED PITA CRACKERS, ANCIENT GRAINS & FLAXSEED",Other,433.0,13.3,13.3,66.7,6.7,3.33,667.0,60
6743,ANCIENT GRAINS & RICE WITH GARLIC ESSENCE,Grains,208.0,8.0,4.0,35.2,8.0,0.8,208.0,60
6744,ANCIENT GRAINS 5 MINUTE MEAL,Other,333.0,16.7,4.17,68.3,15.0,1.7,867.0,60
6745,"ANCIENT GRAINS AND SEEDS COOKED FREEKEH, FARRO, BLACK BARLEY, AND RADISH SEEDS, ANCIENT GRAINS AND SEEDS",Other,88.0,2.64,0.88,23.4,4.4,0.0,2.0,60
6746,"ANCIENT GRAINS BLEND ORGANIC GRAIN MEDLEY, ANCIENT GRAINS BLEND",Other,142.0,5.31,0.88,27.4,4.4,0.0,0.0,60
6747,"ANCIENT GRAINS BLUEBERRIES & ALMOND BITES, ANCIENT GRAINS BLUEBERRIES & ALMOND",Snacks & Sweets,464.0,14.3,17.9,60.7,7.1,25.0,36.0,60
6748,ANCIENT GRAINS BREAD,Grains,219.0,12.5,3.12,37.5,6.2,3.1,328.0,70
6749,ANCIENT GRAINS BREAD,Grains,275.0,5.0,10.0,40.0,5.0,2.5,325.0,60
6750,ANCIENT GRAINS BREAD,Grains,330.0,12.3,7.89,52.6,8.8,5.26,632.0,65
6751,"ANCIENT GRAINS CHIK'N TENDERS, ANCIENT GRAINS CHIK'N",Other,180.0,14.0,7.0,17.0,3.0,1.0,380.0,60
6752,"ANCIENT GRAINS CRISPBREAD, ANCIENT GRAINS",Grains,385.0,7.69,0.0,84.6,7.7,0.0,231.0,60
6753,"ANCIENT GRAINS CRISPS, PINK HIMALAYAN SALT & CRACKED PEPPER",Snacks & Sweets,393.0,7.14,8.93,71.4,3.6,3.57,446.0,60
6754,ANCIENT GRAINS FARRO WHEAT,Grains,311.0,13.3,0.0,66.7,6.7,0.0,56.0,70
6755,"ANCIENT GRAINS FLATBREADS, ANCIENT GRAINS",Grains,417.0,11.1,9.72,75.0,5.6,2.78,639.0,60
6756,"ANCIENT GRAINS FLUFFY PANCAKE & WAFFLE MIX, ANCIENT GRAINS",Other,350.0,12.5,2.5,72.5,5.0,12.5,925.0,60
6757,"ANCIENT GRAINS GOURMET PIZZA CRUST MIX, ANCIENT GRAINS",Other,366.0,12.2,2.44,73.2,7.3,4.88,1200.0,60
6758,"ANCIENT GRAINS ORGANIC BREAD, ANCIENT GRAINS",Grains,250.0,10.7,1.79,53.6,3.6,7.1,357.0,70
6759,"ANCIENT GRAINS ORGANIC BREAD, ANCIENT GRAINS",Grains,250.0,12.5,3.12,40.6,6.2,3.1,344.0,70
6760,"ANCIENT GRAINS ORGANIC FLATBREAD CRACKERS, ANCIENT GRAINS",Grains,417.0,11.1,9.72,75.0,5.6,2.78,639.0,60
6761,"ANCIENT GRAINS ORGANIC FLATBREAD CRACKERS, ANCIENT GRAINS",Grains,417.0,11.1,9.72,75.0,5.6,2.78,639.0,60
6762,ANCIENT GRAINS ORGANIC GRANOLA,Snacks & Sweets,565.0,17.4,39.1,43.5,8.7,4.35,0.0,60
6763,"ANCIENT GRAINS ORGANIC HOT CEREAL, TRADITIONAL",Other,360.0,14.0,6.0,66.0,8.0,0.0,0.0,70
6764,"ANCIENT GRAINS PLANT BASED BREAD, ANCIENT GRAINS",Grains,303.0,12.1,4.55,48.5,0.0,9.1,394.0,60
6765,ANCIENT GRAINS QUINOA & AMARANTH INSTANT OATMEAL,Other,400.0,14.0,8.0,70.0,10.0,20.0,80.0,60
6766,"ANCIENT GRAINS SANDWICH BREAD, ANCIENT GRAINS",Grains,212.0,9.09,3.03,45.4,9.1,6.1,318.0,60
6767,"ANCIENT GRAINS SANDWICH BREAD, ANCIENT GRAINS",Grains,212.0,9.09,3.03,45.4,9.1,6.1,318.0,60
6768,"ANCIENT GRAINS SANDWICH BREAD, ANCIENT GRAINS",Grains,219.0,12.5,3.12,37.5,6.2,3.1,328.0,70
6769,ANCIENT GRAINS SIMPLY SEED FLATBREADS,Grains,471.0,23.5,35.3,41.2,23.5,0.0,324.0,60
6770,"ANCIENT GRAINS TOASTS, ANCIENT GRAINS",Other,400.0,13.3,0.0,80.0,6.7,0.0,700.0,60
6771,"ANCIENT GRAINS WITH SEA SALT BROWN RICE CRACKERS, ANCIENT GRAINS WITH SEA SALT",Grains,433.0,6.67,8.33,80.0,3.3,0.0,267.0,60
6772,"ANCIENT GRAINS WITH SEA SALT BROWN RICE CRACKERS, ANCIENT GRAINS WITH SEA SALT",Grains,433.0,6.67,8.33,80.0,3.3,0.0,267.0,60
6773,"ANCIENT GRAINS, SPICY CURRY",Grains,389.0,13.0,5.56,72.2,9.3,3.7,648.0,65
6774,"ANCIENT GREEK GRAINS BREAKFAST BISCUITS, FIG ANISE",Other,480.0,12.0,20.0,60.0,8.0,14.0,380.0,60
6775,"ANCIENT HARVEST, ANCIENT GRAIN NUTRITION BAR",Snacks & Sweets,400.0,25.0,15.0,50.0,17.5,5.0,225.0,70
6776,"ANCIENT HARVEST, ANCIENT GRAIN NUTRITION BAR, GARLIC & HERB, GARLIC & HERB",Snacks & Sweets,400.0,25.0,15.0,50.0,17.5,5.0,212.0,70
6777,"ANCIENT HARVEST, BEAN & QUINOA ELBOWS PASTA",Grains,339.0,21.4,1.79,62.5,12.5,1.79,0.0,70
6778,"ANCIENT HARVEST, NUTRITION BAR, ROASTED JALAPENO, ROASTED JALAPENO",Snacks & Sweets,400.0,25.0,15.0,50.0,17.5,5.0,212.0,75
6779,"ANCIENT HARVEST, POW!, POWER PROTEIN COMPLETE ITALIANO PASTA MEALS",Grains,348.0,22.7,1.52,62.1,9.1,9.09,652.0,65
6780,"ANCIENT HARVEST, QUINOA HOT CEREAL FLAKES",Other,385.0,12.6,5.88,67.6,7.1,5.88,6.0,70
6781,"ANCIENT HARVEST, QUINOA VEGGIE CURLS PASTA",Grains,360.0,7.02,1.75,80.7,7.0,1.75,7.0,60
6782,"ANCIENT MULTI GRAIN BREAD, ANCIENT MULTI",Grains,256.0,11.6,4.65,46.5,4.7,7.0,465.0,70
6783,ANCIENT QUINOA HARVEST QUINOA GLUTEN FREE,Other,388.0,11.8,5.88,67.6,6.5,2.94,9.0,70
6784,"ANCIENT SUPERFOOD SUPPORTS ENERGY, ANTIOXIDANT PROTECTION, AND IMMUNE FUNCTIONS",Other,417.0,83.3,0.0,0.0,,,208.0,65
6785,"ANCIENT SUPERFOOD SUPPORTS ENERGY, ANTIOXIDANT PROTECTION, AND IMMUNE FUNCTIONS",Other,417.0,83.3,0.0,0.0,,,208.0,65
6786,ANCIENT WHOLE GRAIN BLEND,Grains,356.0,11.1,2.22,73.3,8.9,0.0,0.0,70
6787,"ANCIENT WHOLE WHEAT SPROUTED BREAD, ANCIENT WHOLE WHEAT",Grains,231.0,12.8,1.28,41.0,5.1,2.56,269.0,75
6788,"ANCIENT WITH FLAX SEEDS, HEMP SEEDS, CHIA SEEDS & BROWN SUGAR QUICK OATS, ANCIENT WITH FLAX SEEDS, HEMP SEEDS, CHIA SEEDS & BROWN SUGAR",Other,404.0,12.3,10.5,66.7,8.8,26.3,0.0,60
6789,"ANDEAN HERITAGE FLOUR, KANIWA",Other,375.0,15.6,7.81,65.6,15.6,3.12,16.0,70
6790,ANDEAN POP CORN,Snacks & Sweets,286.0,3.57,2.68,62.5,7.1,1.79,18.0,60
6791,ANDEAN RAINBOW TROUT FILLETS,Seafood,107.0,14.3,5.36,0.0,0.0,0.0,27.0,60
6792,"ANDERSON DAIRY, COTTAGE CHEESE",Dairy,106.0,12.4,4.42,2.65,0.0,2.65,301.0,60
6793,"ANDERSON DAIRY, COTTAGE CHEESE",Dairy,80.0,12.4,1.77,3.54,0.0,3.54,336.0,60
6794,"ANDOUILLE CHICKEN SAUSAGE, ANDOUILLE",Meat & Poultry,176.0,20.6,11.8,0.0,0.0,0.0,353.0,60
6795,ANELLINI #71 PASTA,Grains,357.0,10.7,0.89,75.0,3.6,0.0,0.0,70
6796,ANELLINI SICILIANI #72 PASTA,Grains,357.0,12.5,1.79,73.2,3.6,0.0,0.0,70
6797,"ANGEL BAKERIES PITA BREAD, 4 COUNT, 14 OZ",Grains,220.0,9.0,1.5,43.0,5.0,6.0,330.0,60
6798,Angel Gold Mackerel In Natural Oil 425g,Seafood,91.0,16.5,3.17,0.48,1.6,0.48,362.0,60
6799,ANGEL HAIR,Other,377.0,11.5,1.64,77.0,3.3,3.28,0.0,70
6800,ANGEL HAIR,Other,357.0,12.5,1.79,73.2,3.6,3.57,0.0,70
6801,ANGEL HAIR,Other,375.0,12.5,1.79,75.0,3.6,5.36,0.0,70
6802,ANGEL HAIR,Other,275.0,11.2,1.88,56.2,3.8,0.0,212.0,70
6803,ANGEL HAIR 100% DURUM WHEAT SEMOLINA ENRICHED MACARONI PRODUCT,Other,357.0,10.7,1.79,73.2,3.6,3.57,0.0,70
6804,ANGEL HAIR 2 PASTA,Grains,357.0,12.5,1.79,75.0,3.6,0.0,0.0,70
6805,ANGEL HAIR ENRICHED MACARONI PRODUCT,Other,357.0,12.5,1.79,75.0,3.6,1.79,0.0,70
6806,ANGEL HAIR ENRICHED MACARONI PRODUCT,Other,364.0,12.7,1.82,74.6,3.6,3.64,0.0,70
6807,ANGEL HAIR ENRICHED MACARONI PRODUCT,Other,357.0,12.5,0.89,73.2,3.6,1.79,0.0,70
6808,ANGEL HAIR ENRICHED MACARONI PRODUCT,Other,364.0,14.6,1.82,74.6,3.6,1.82,0.0,70
6809,ANGEL HAIR ENRICHED MACARONI PRODUCT,Other,375.0,14.3,0.89,71.4,3.6,0.0,0.0,70
6810,ANGEL HAIR ENRICHED MACARONI PRODUCT,Other,357.0,12.5,1.79,73.2,3.6,3.57,0.0,70
6811,ANGEL HAIR ENRICHED MACARONI PRODUCT,Other,357.0,12.5,1.79,73.2,3.6,3.57,0.0,70
6812,ANGEL HAIR ENRICHED MACARONI PRODUCT,Other,357.0,12.5,1.79,73.2,3.6,3.57,0.0,70
6813,ANGEL HAIR ENRICHED MACARONI PRODUCT PASTA,Grains,357.0,12.5,1.79,75.0,3.6,3.57,0.0,70
6814,"ANGEL HAIR ENRICHED MACARONI PRODUCT, ANGEL HAIR",Other,382.0,12.7,1.82,76.4,3.6,3.64,0.0,70
6815,"ANGEL HAIR ENRICHED MACARONI PRODUCT, ANGEL HAIR",Other,357.0,12.5,1.79,75.0,3.6,3.57,0.0,70
6816,"ANGEL HAIR ENRICHED MACARONI PRODUCT, TRADITIONAL",Other,357.0,12.5,1.79,73.2,3.6,3.57,0.0,70
6817,ANGEL HAIR ENRICHED PASTA PRODUCT,Grains,339.0,10.7,0.89,73.2,1.8,0.0,0.0,60
6818,ANGEL HAIR GRAIN & LEGUME PASTA,Grains,339.0,17.9,1.79,67.9,4.0,3.57,0.0,70
6819,ANGEL HAIR GRAIN & LEGUME PASTA,Grains,339.0,17.9,1.79,67.9,4.0,3.57,0.0,70
6820,ANGEL HAIR MACARONI PRODUCT,Other,375.0,12.5,1.79,73.2,3.6,3.57,0.0,70
6821,ANGEL HAIR MACARONI PRODUCT,Other,357.0,12.5,1.79,75.0,3.6,1.79,0.0,70
6822,ANGEL HAIR MADE FROM CHICKPEAS,Other,333.0,24.6,6.14,56.1,9.0,8.77,105.0,70
6823,ANGEL HAIR MADE WITH BROWN RICE,Grains,375.0,7.14,2.68,78.6,3.6,0.0,18.0,65
6824,ANGEL HAIR N.1 PASTA,Grains,357.0,12.5,1.79,75.0,2.0,1.79,0.0,60
6825,ANGEL HAIR NESTS WITH SPRING WATER,Other,339.0,12.5,1.79,69.6,3.6,1.79,0.0,70
6826,ANGEL HAIR NO 1 ENRICHED MACARONI PRODUCT,Other,357.0,14.3,1.79,69.6,3.6,3.57,27.0,70
6827,ANGEL HAIR NO. 12  PASTA,Grains,357.0,12.5,1.79,75.0,3.6,0.0,0.0,70
6828,ANGEL HAIR NO. 12 PASTA,Grains,357.0,12.5,1.79,73.2,3.6,0.0,0.0,70
6829,ANGEL HAIR NO. 9 PASTA,Grains,357.0,14.3,1.79,71.4,3.6,0.0,0.0,70
6830,ANGEL HAIR ORGANIC MACARONI PRODUCT,Other,357.0,12.5,1.79,75.0,3.6,3.57,0.0,70
6831,ANGEL HAIR PASTA,Grains,364.0,12.7,1.82,70.9,3.6,1.82,0.0,70
6832,ANGEL HAIR PASTA,Grains,357.0,12.5,1.79,73.2,3.6,3.57,0.0,70
6833,ANGEL HAIR PASTA,Grains,375.0,12.5,1.79,75.0,3.6,3.57,0.0,70
6834,ANGEL HAIR PASTA,Grains,275.0,11.2,1.88,56.2,3.8,0.0,212.0,70
6835,ANGEL HAIR PASTA,Grains,357.0,12.5,1.79,73.2,3.6,3.57,0.0,70
6836,ANGEL HAIR PASTA,Grains,339.0,12.5,1.79,75.0,2.0,3.57,45.0,60
6837,ANGEL HAIR PASTA,Grains,339.0,12.5,1.79,75.0,2.0,0.0,45.0,60
6838,ANGEL HAIR PASTA,Grains,339.0,10.7,2.68,71.4,1.8,0.0,0.0,60
6839,ANGEL HAIR PASTA,Grains,296.0,11.3,2.82,54.9,2.8,1.41,28.0,60
6840,"ANGEL HAIR PASTA WITH HERBS, ANGEL HAIR PASTA WITH CREAMY HERB SAUCE MIX",Grains,375.0,12.5,4.46,69.6,3.6,5.36,1500.0,60
6841,"ANGEL HAIR PASTA WITH HERBS, HERBS",Grains,375.0,12.5,2.68,71.4,3.6,3.57,1070.0,60
6842,"ANGEL HAIR PASTA, BUTTER & PARMESAN",Grains,368.0,14.0,2.63,71.9,3.5,5.26,860.0,60
6843,"ANGEL HAIR PASTA, ENRICHED MACARONI PRODUCT",Grains,357.0,12.5,1.79,75.0,3.6,1.79,0.0,70
6844,"ANGEL HAIR PASTA, ENRICHED MACARONI PRODUCT, ANGEL HAIR PASTA",Grains,357.0,12.5,1.79,75.0,3.6,3.57,0.0,70
6845,"ANGEL HAIR PASTA, ENRICHED VERMICELLI PRODUCT",Grains,375.0,12.5,1.79,73.2,3.6,3.57,0.0,70
6846,"ANGEL HAIR PASTA, SPINACH, BASIL, GARLIC",Grains,351.0,12.3,0.88,71.9,3.5,1.75,26.0,70
6847,ANGEL HAIR TENDER PASTA,Grains,282.0,10.6,2.35,57.6,3.5,2.35,388.0,70
6848,"ANGEL HAIR, ENRICHED MACARONI PRODUCT",Other,357.0,12.5,1.79,73.2,3.6,3.57,0.0,70
6849,"ANGEL HAIR, ENRICHED MACARONI PRODUCT",Other,357.0,12.5,1.79,73.2,3.6,3.57,0.0,70
6850,"ANGEL HAIR, ENRICHED MACARONI PRODUCT",Other,357.0,12.5,1.79,73.2,3.6,3.57,0.0,70
6851,"ANGEL HAIR, ENRICHED MACARONI PRODUCT",Other,357.0,12.5,1.79,75.0,3.6,3.57,0.0,70
6852,"ANGEL HAIR, ENRICHED MACARONI PRODUCT",Other,357.0,12.5,1.79,73.2,3.6,3.57,0.0,70
6853,"ANGEL HAIR, ENRICHED MACARONI PRODUCT",Other,357.0,12.5,1.79,73.2,3.6,3.57,0.0,70
6854,"ANGEL HAIR, ENRICHED MACARONI PRODUCT, MADE WITH 100% DURUM WHEAT SEMOLINA",Other,375.0,10.7,1.79,76.8,3.6,3.57,0.0,70
6855,"ANGEL HAIR, ENRICHED MACARONI PRODUCT, TRADITIONAL",Other,357.0,12.5,1.79,73.2,3.6,3.57,0.0,70
6856,"ANGEL HAIR, TOMATO, SPINACH & GARLIC",Other,351.0,12.3,1.75,73.7,1.8,1.75,7.0,60
6857,"ANGEL HAIR, WHOLE WHEAT VERMICELLI PRODUCT",Other,339.0,12.5,2.68,71.4,8.9,3.57,0.0,70
6858,"ANGELA MIA Extra Heavy Pizza Sauce, #10 Can, 6/104 oz.",Other,56.0,3.17,0.0,9.52,3.2,6.35,317.0,60
6859,"ANGELA MIA Fully Prepared Pizza Sauce, #10 Can, 6/106 oz., 106 OZ",Other,48.0,1.59,0.0,9.52,3.2,3.17,429.0,60
6860,"Angela Mia No Salt Added Crushed Tomatoes, #10 can, 6/102 oz",Vegetables,37.0,1.65,0.0,7.44,3.3,0.0,33.0,60
6861,"ANGELA MIA Pasta Sauce, 29 OZ",Grains,71.0,1.59,2.38,10.3,3.2,6.35,294.0,60
6862,"ANGELINA'S OF MARYLAND, CRAB CAKES, ORIGINAL",Other,153.0,15.3,5.88,8.24,0.0,0.0,388.0,60
6863,"ANGIE'S, BOOM CHICKA POP, SEA SALT POPCORN, SEA SALT",Snacks & Sweets,500.0,10.7,25.0,67.9,14.3,0.0,321.0,70
6864,"ANGLER'S CATCH, WILD CAUGHT SALMON FILLETS",Seafood,115.0,19.5,4.42,0.0,0.0,0.0,66.0,60
6865,"ANGONOA'S, BREADSTICKS, GARLIC, GARLIC",Grains,400.0,13.3,6.67,73.3,6.7,0.0,1400.0,60
6866,"ANGONOA'S, BREADSTICKS, SESAME, SESAME",Grains,467.0,13.3,16.7,66.7,6.7,0.0,733.0,60
6867,"ANGONOA'S, GOURMET STYLE NUGGETS, CHEDDAR & ALE, CHEDDAR & ALE",Snacks & Sweets,400.0,13.3,13.3,66.7,6.7,6.67,1470.0,60
6868,"ANGONOA'S, GOURMET STYLE SRIRACHA NUGGET",Snacks & Sweets,467.0,13.3,13.3,66.7,6.7,6.67,833.0,60
6869,"ANGONOA'S, GOURMET STYLE WASABI NUGGETS",Snacks & Sweets,400.0,13.3,13.3,66.7,6.7,6.67,1200.0,60
6870,"ANGONOA'S, ITALIANN STYLE PLAIN BREADSTICKS",Grains,400.0,13.3,10.0,73.3,6.7,0.0,1000.0,60
6871,"ANGONOA'S, SESAME MINI BREADSTICKS",Grains,400.0,13.3,13.3,66.7,6.7,0.0,800.0,60
6872,"ANGUS 90% LEAN/10% FAT BEEF GROUND SIRLOIN, ANGUS",Meat & Poultry,179.0,19.6,9.82,0.0,,,67.0,60
6873,ANGUS 90/10 GROUND BEEF,Meat & Poultry,179.0,19.6,9.82,0.0,,,67.0,60
6874,"ANGUS 93% LEAN / 7% FAT LEAN GROUND BEEF, ANGUS",Meat & Poultry,152.0,20.5,7.14,0.0,,,67.0,60
6875,"ANGUS BEEF & CHEESE SLIDERS, ANGUS BEEF & CHEESE",Meat & Poultry,286.0,12.9,14.3,27.1,1.4,4.3,429.0,60
6876,"ANGUS BEEF & ISOLATED PEA PROTEIN PATTIES, ANGUS BEEF & ISOLATED PEA PROTEIN",Meat & Poultry,134.0,17.0,6.25,1.79,0.9,0.0,232.0,60
6877,"ANGUS BEEF & MUSHROOM PATTIES, ANGUS BEEF & MUSHROOM",Meat & Poultry,298.0,15.9,11.9,23.2,11.3,5.96,70.0,70
6878,"ANGUS BEEF 100% GRASS FED SIRLOIN STEAK, ANGUS BEEF",Meat & Poultry,134.0,21.4,5.36,0.0,0.0,0.0,58.0,60
6879,"ANGUS BEEF 90% LEAN - 10% FAT GROUND SIRLOIN CLASSIC BISTRO PATTIES, ANGUS BEEF",Meat & Poultry,177.0,20.4,9.73,0.0,,,66.0,60
6880,ANGUS BEEF CHILI,Meat & Poultry,122.0,6.53,6.12,9.8,3.7,3.27,376.0,65
6881,ANGUS BEEF FAJITAS,Meat & Poultry,88.0,15.9,2.65,0.0,0.0,0.0,257.0,60
6882,"ANGUS BEEF FAJITAS, ANGUS BEEF",Meat & Poultry,143.0,20.2,3.57,4.76,0.0,0.0,476.0,60
6883,"ANGUS BEEF FLAT IRON STEAK, ANGUS BEEF",Meat & Poultry,179.0,18.8,11.6,0.0,0.0,0.0,76.0,60
6884,ANGUS BEEF FOR STEW,Meat & Poultry,115.0,21.2,3.1,0.0,,,44.0,60
6885,"ANGUS BEEF KABOBS WITH BELL PEPPERS & ONIONS ON WOODEN SKEWERS, ANGUS BEEF WITH BELL PEPPERS & ONIONS",Meat & Poultry,93.0,13.9,2.98,2.65,0.7,1.32,36.0,65
6886,ANGUS BEEF LONDON BROIL,Meat & Poultry,133.0,21.2,4.42,0.88,,,49.0,60
6887,ANGUS BEEF SIRLOIN STEAK,Meat & Poultry,133.0,22.1,4.42,0.0,,,44.0,60
6888,ANGUS BEEF STEW MEAT,Meat & Poultry,196.0,20.5,12.5,0.0,,,54.0,60
6889,ANGUS BEEF TENDERLOIN STEAK,Meat & Poultry,142.0,22.1,6.19,0.0,,,44.0,60
6890,ANGUS BEEF WITH LOADED MASHED POTATOES,Meat & Poultry,138.0,10.2,4.59,14.1,0.7,8.48,346.0,60
6891,"ANGUS BURGERS PITA SLIDERS SNACK SANDWICHES, ANGUS BURGERS",Other,214.0,14.3,10.7,21.4,1.8,1.79,321.0,60
6892,ANGUS GROUND BEEF,Meat & Poultry,152.0,20.5,7.14,0.0,,,67.0,60
6893,"ANGUS PHILLY BEEF STEAKS, ANGUS",Meat & Poultry,186.0,18.6,12.9,0.0,,,257.0,60
6894,"ANGUS PULLED BEEF, ANGUS",Meat & Poultry,179.0,27.4,7.14,0.0,0.0,0.0,476.0,60
6895,ANGUS ROAST BEEF,Meat & Poultry,125.0,19.6,3.57,1.79,0.0,1.79,500.0,60
6896,"ANGUS ROAST BEEF, SEA SALT, BLACK PEPPER",Meat & Poultry,125.0,21.4,3.57,0.0,0.0,0.0,339.0,60
6897,ANGUS STEAK CHILI WITH BEANS,Other,106.0,10.2,3.27,8.98,2.9,1.63,412.0,65
6898,"ANIMAL COOKIES, VANILLA, VANILLA",Snacks & Sweets,393.0,17.9,14.3,75.0,3.6,17.9,232.0,60
6899,ANISE ALMOND,Other,391.0,13.0,8.7,69.6,4.3,26.1,239.0,60
6900,ANJOU PEARS,Fruits,60.0,0.6,0.0,15.1,3.6,9.04,0.0,60
6901,ANJOU PEARS,Fruits,60.0,0.6,0.0,15.1,3.6,9.04,0.0,60
6902,"ANN'S HOUSE, ALMONDS, CASHEWS HAZELNUTS, PECANS, PISTACHIOS, MACADAMIA NUTS",Snacks & Sweets,611.0,16.7,55.6,22.2,8.3,5.56,306.0,60
6903,"ANN'S HOUSE, CHOPPED WALNUTS",Snacks & Sweets,667.0,16.7,66.7,13.3,6.7,3.33,0.0,60
6904,"ANNA, ELBOWS PASTA, ENRICHED MACARONI PRODUCT",Grains,357.0,12.5,1.79,73.2,3.6,1.79,0.0,70
6905,"ANNA, ENRICHED MACARONI PRODUCT",Other,357.0,12.5,1.79,73.2,3.6,1.79,0.0,70
6906,"ANNA, FUSILLI, ENRICHED MACARONI PRODUCT",Other,375.0,13.4,1.79,71.4,1.8,2.68,0.0,60
6907,"ANNA, ORIGINAL BREAD MIX",Grains,321.0,10.7,0.0,60.7,7.1,14.3,464.0,70
6908,"ANNA, SHELLS #50 PASTA, ENRICHED MACARONI PRODUCT",Grains,357.0,12.5,1.79,73.2,3.6,1.79,0.0,70
6909,"ANNAPURNA ORGANIC ALMOND-GOJI-CRANBERRY TRAIL MIX, ALMOND-GOJI-CRANBERRY",Snacks & Sweets,467.0,13.3,30.0,46.7,6.7,30.0,50.0,60
6910,ANNATO POWDER,Other,0.0,7.14,0.0,7.14,6.4,7.14,0.0,60
6911,Annie's 25% Less Sodium Mild Cheddar Mac & Cheese,Dairy,380.0,12.7,5.63,69.0,4.2,0.0,563.0,60
6912,Annie's Classic Cheddar Macaroni & Cheese With Organic Pasta,Dairy,380.0,11.3,6.34,69.0,4.2,0.0,901.0,60
6913,Annie's Classic Cheddar Macaroni & Cheese With Organic Pasta Family Size,Dairy,380.0,11.3,6.34,69.0,4.2,0.0,901.0,60
6914,"Annie's Classic Mild Cheddar Macaroni and Cheese 4 Pack, Made with Organic Pasta",Dairy,380.0,11.3,6.34,69.0,4.2,0.0,901.0,60
6915,Annie's Deluxe Rich & Creamy Shells & Aged Cheddar Pasta and Cheese Sauce,Dairy,310.0,12.0,8.0,49.0,4.0,0.0,770.0,60
6916,Annie's Deluxe Rich & Creamy Shells & Classic Cheddar Mac N Cheese,Dairy,323.0,12.1,8.08,49.5,4.0,0.0,778.0,60
6917,Annie's Deluxe Rich & Creamy Shells & White Cheddar Mac N Cheese,Dairy,310.0,12.0,8.0,49.0,4.0,0.0,770.0,60
6918,Annie's Disney 100 Anniversary Pasta & Cheddar,Grains,380.0,13.6,5.75,68.5,4.76,0.0,550.0,60
6919,Annie's Disney 100 Anniversary Pasta & Cheddar Microwave Cup 4 Pack,Grains,377.0,13.2,6.6,67.9,3.8,0.0,679.0,60
6920,Annie's Disney Moana Pasta & Cheddar ,Grains,380.0,13.6,5.75,68.5,4.76,0.0,550.0,60
6921,Annie's Disney Moana Pasta & Cheddar Microwave Cup 4 Pack,Grains,377.0,13.2,6.6,67.9,3.8,0.0,679.0,60
6922,Annie's Fall Harvest Shapes & Cheddar Pasta & Cheese,Dairy,380.0,13.6,5.75,68.5,4.8,0.0,550.0,60
6923,Annie's Farm Friends & Cheddar Mac N Cheese,Dairy,380.0,14.1,5.63,67.6,4.2,0.0,549.0,60
6924,Annie's Gluten Free Quinoa Rice Pasta & White Cheddar,Grains,296.0,9.26,5.56,54.6,3.7,0.0,481.0,60
6925,Annie's Halloween Shape Pasta Macaroni and Cheese ,Dairy,380.0,14.1,5.63,67.6,4.2,0.0,549.0,60
6926,Annie's Homegrown Organic Classic Cheddar Macaroni & Cheese With 12g of Protein,Dairy,382.0,19.1,5.88,66.2,8.8,0.0,779.0,60
6927,Annie's Homegrown Shells & White Cheddar Macaroni & Cheese With Organic Pasta Family Size,Dairy,371.0,12.9,5.13,68.3,4.43,0.0,766.0,60
6928,"ANNIE'S HOMEGROWN, CHEESY TACO, SHELLS & CHEDDAR, MACARONI & CHEESE, MACARONI & CHEESE",Dairy,366.0,14.1,4.93,66.2,4.2,7.04,606.0,60
6929,Annie's Honey Bunny Crunch Organic Snack Mix,Snacks & Sweets,433.0,6.67,16.7,70.0,3.3,13.3,467.0,60
6930,Annie's Marvel Spidey and his Amazing Friends Pasta & Cheddar,Grains,380.0,13.6,5.75,68.5,4.76,0.0,550.0,60
6931,Annie's Marvel Spidey and his Amazing Friends Pasta & Cheddar Microwave Cup 4 Pack,Grains,377.0,13.2,6.6,67.9,3.8,0.0,679.0,60
6932,Annie's Mickey and Friends Pasta & Cheddar,Grains,378.0,14.0,5.38,68.5,4.76,0.0,547.0,60
6933,Annie's Mickey and Friends Pasta & Cheddar Microwave Cup 12 Pack,Grains,390.0,13.0,7.0,68.0,4.0,0.0,680.0,60
6934,Annie's Mickey and Friends Pasta & Cheddar Microwave Cup 4 Pack,Grains,377.0,13.2,6.6,67.9,3.8,0.0,679.0,60
6935,Annie's Organic Alfredo Shells & Cheddar Macaroni & Cheese,Dairy,370.0,12.9,5.44,67.3,4.55,0.0,1000.0,60
6936,Annie's Organic Birthday Cake Bunny Grahams and Cheddar Bunnies Snack Pack 36 Count,Other,464.0,10.7,21.4,60.7,3.6,0.0,857.0,60
6937,Annie's Organic Cheddar Bunnies Baked Snack Crackers,Other,464.0,10.7,21.4,60.7,3.6,0.0,857.0,60
6938,Annie's Organic Cheddar Bunnies Baked Snack Crackers 2 Pack,Other,494.0,10.6,21.8,63.8,4.2,0.0,714.0,60
6939,Annie's Organic Cheddar Bunnies Baked Snack Crackers Individual Packs 12 Count,Other,464.0,10.7,21.4,60.7,3.6,0.0,857.0,60
6940,Annie's Organic Classic Cheddar Macaroni & Cheese,Dairy,366.0,12.7,4.23,70.4,4.2,0.0,648.0,60
6941,"Annie's Organic Elbow Pasta & Cheddar, 2018 Limited Edition Organic Wheat & Peas",Grains,368.0,16.2,5.15,64.7,8.8,8.82,853.0,60
6942,Annie's Organic Friends Bunnies Cereal,Other,528.0,19.4,5.56,97.2,5.6,30.6,500.0,60
6943,Annie's Organic Grass Fed Macaroni & Classic Cheddar,Other,380.0,15.5,7.04,66.2,5.6,0.0,761.0,60
6944,Annie's Organic Grass Fed Real Aged Cheddar Macaroni & Cheese Microwavable Cup 12 Pack,Dairy,390.0,13.0,7.0,68.0,6.0,0.0,690.0,60
6945,Annie's Organic Grass Fed Real Aged Cheddar Macaroni & Cheese Microwavable Cup 2 Pack,Dairy,387.0,12.7,6.96,66.7,5.25,0.0,692.0,60
6946,Annie's Organic Grass Fed Shells & Real Aged Cheddar Mac & Cheese,Dairy,380.0,15.5,4.93,67.6,5.6,0.0,775.0,60
6947,Annie's Organic Grass Fed Shells & White Cheddar Macaroni & Cheese,Dairy,366.0,12.7,5.63,67.6,4.2,0.0,746.0,60
6948,Annie's Organic Peace Pasta & Parmesan Pasta & Cheese,Dairy,378.0,15.4,5.21,67.3,5.49,0.0,777.0,60
6949,Annie's Organic Pollinator Pals & Classic Cheddar Pasta and Cheese,Dairy,373.0,14.6,4.26,69.3,4.7,0.0,594.0,60
6950,Annie's Organic Real Aged Cheddar Macaroni and Cheese 12 Count,Dairy,387.0,12.7,6.96,66.7,5.25,0.0,692.0,60
6951,Annie's Organic Shells & Real Aged Cheddar Macaroni & Cheese,Dairy,366.0,12.7,5.63,67.6,4.2,0.0,746.0,60
6952,Annie's Organic Shells & White Cheddar Macaroni & Cheese,Dairy,366.0,12.7,5.63,67.6,4.2,0.0,789.0,60
6953,Annie's Organic Shells & White Cheddar Macaroni & Cheese 12 Pack,Dairy,366.0,12.7,4.93,67.6,4.2,0.0,761.0,60
6954,Annie's Organic Shells & White Cheddar Macaroni & Cheese Family Size,Dairy,366.0,12.7,5.63,67.6,4.2,0.0,789.0,60
6955,"Annie's Organic Sweet & Salty Cheddar Bunnies, Bunny Berry Patch Fruit Flavored Snacks, Birthday Cake Bunny Grahams Snack Variety Pack 12 Count",Fruits,464.0,10.7,21.4,60.7,3.6,0.0,857.0,60
6956,Annie's Organic Vegan Mac Gluten Free Red Lentil Spirals with Sweet Potato and Pumpkin Sauce,Other,341.0,22.1,1.14,63.2,5.57,0.481,454.0,70
6957,Annie's Organic Vegan Mac Macaroni and Cheddar Flavor Macaroni and Sauce,Other,369.0,10.5,4.7,71.1,4.73,0.631,808.0,60
6958,Annie's Organic Vegan Mac Macaroni and Cheddar Flavor Macaroni and Sauce 4 Pack,Other,369.0,10.5,4.7,71.1,4.73,0.631,808.0,60
6959,Annie's Organic Vegan Mac Shells & Sweet Potato Pumpkin Macaroni and Sauce,Other,355.0,9.68,1.61,75.8,4.8,0.0,355.0,60
6960,Annie's Organic Whole Wheat Shells & White Cheddar Mac & Cheese,Dairy,366.0,14.1,4.93,64.8,7.0,5.63,789.0,60
6961,Annie's Penne & Four Cheese Pasta & Cheese,Dairy,371.0,14.5,4.84,69.4,4.8,0.0,742.0,60
6962,Annie's Puppies & Kitties & White Cheddar Pasta Mac N Cheese,Dairy,368.0,13.2,5.15,67.6,4.4,0.0,765.0,60
6963,Annie's Shells & Aged Cheddar Macaroni & Cheese With Organic Pasta,Dairy,371.0,12.7,5.13,68.4,4.43,0.0,771.0,60
6964,Annie's Shells & Real Aged Cheddar Macaroni & Cheese 4 Count ,Dairy,366.0,12.7,4.93,69.0,4.2,0.0,775.0,60
6965,Annie's Shells & White Cheddar Macaroni & Cheese Made with Organic Pasta 4 Count,Dairy,366.0,12.7,4.93,67.6,4.2,0.0,761.0,60
6966,Annie's Shells & White Cheddar Macaroni & Cheese With Organic Pasta,Dairy,366.0,12.7,4.93,67.6,4.2,0.0,761.0,60
6967,"Annie's Spirals & Creamy Queso Pasta and Cheese, Made with Organic Pasta",Dairy,378.0,13.5,5.41,67.6,5.4,0.0,919.0,60
6968,Annie's Spirals With Butter & Parmesan Mac N Cheese,Dairy,365.0,13.5,4.05,71.6,5.4,0.0,770.0,60
6969,Annie's Springtime Yummy Bunnies & Cheddar Pasta & Cheese,Dairy,382.0,13.9,5.62,67.2,4.76,0.0,550.0,60
6970,Annie's Super Mac! Classic Cheddar Macaroni and Cheese Micro Cup,Dairy,321.0,18.5,8.64,43.2,6.2,0.0,889.0,60
6971,Annie's Super Mac! Macaroni and Cheese Micro Cup 4 Count,Dairy,321.0,18.5,8.64,43.2,6.2,0.0,889.0,60
6972,Annie's Super Mac! Real Aged Cheddar Macaroni and Cheese Micro Cup 4 Count,Dairy,321.0,18.5,8.64,43.2,6.2,0.0,864.0,60
6973,Annie's Super Mac! White Cheddar and Real Aged Cheddar Wheat & Pea Pasta & Cheese Variety Pack 8 Count,Dairy,378.0,20.3,6.08,60.8,8.1,0.0,892.0,60
6974,Annie's SUPER! MAC Power Shaped Shells and Real Aged Cheddar Mac and Cheese,Dairy,378.0,20.3,5.41,60.8,8.1,0.0,838.0,60
6975,Annie's Super! Mac Real Aged Cheddar Wheat & Pasta & Cheese Micro Cup 12 Count,Dairy,321.0,18.5,8.64,43.2,6.2,0.0,864.0,60
6976,Annie's SUPER! MAC Shells & Cheddar Wheat and Pea Pasta & Cheese,Dairy,366.0,19.7,7.04,59.2,7.0,0.0,986.0,60
6977,Annie's SUPER! MAC Shells & Parmesan Wheat and Pea Pasta & Cheese,Dairy,374.0,19.5,5.88,59.3,8.2,0.0,889.0,60
6978,Annie's SUPER! MAC Shells & Real Aged Cheddar Wheat and Pea Pasta & Cheese 4 Count,Dairy,370.0,21.0,6.0,61.0,8.0,0.0,900.0,60
6979,Annie's SUPER! MAC Shells & White Cheddar Macaroni & Cheese Made with Organic Pasta,Dairy,378.0,20.3,6.08,60.8,8.1,0.0,892.0,60
6980,Annie's SUPER! MAC Shells & White Cheddar Wheat and Pea Pasta & Cheese 4 Count,Dairy,370.0,21.0,6.0,61.0,8.0,0.0,890.0,60
6981,Annie's SUPER! MAC Shells and Real Aged Cheddar Mac and Cheese,Dairy,378.0,20.3,6.08,60.8,8.1,0.0,892.0,60
6982,Annie's Three Cheese Mini Pizza Bagels 18 Count,Dairy,238.0,11.9,7.14,29.8,2.4,3.57,488.0,60
6983,Annie's White Cheddar Red Lentil Spirals,Other,366.0,25.1,6.29,56.1,4.72,0.0,687.0,60
6984,Annie's Yummy Bunnies & Cheddar Pasta Mac N Cheese,Dairy,380.0,14.1,5.63,67.6,4.2,0.0,549.0,60
6985,Annies White Cheddar Broccoli Mac with Hidden Veggies Dinner Kit,Other,390.0,15.0,8.0,66.0,5.0,0.0,900.0,60
6986,ANSIE SEED,Other,367.0,16.7,16.7,50.0,16.7,0.0,17.0,75
6987,Anthony'S 16 Oz Spaghetti Rigate Pasta,Grains,357.0,12.5,1.79,75.0,3.6,0.0,0.0,70
6988,"ANTHONY'S, ALPHABETS, ENRICHED MACARONI PRODUCT",Other,357.0,12.5,1.79,73.2,3.6,3.57,0.0,70
6989,"ANTHONY'S, BOWTIES MONITOS",Other,357.0,12.5,1.79,73.2,3.6,3.57,0.0,70
6990,"ANTHONY'S, COILED FIDEO, ENRICHED MACARONI PRODUCT",Other,321.0,10.7,1.79,64.3,3.6,5.36,0.0,70
6991,"ANTHONY'S, CUT FIDEO",Other,357.0,12.5,1.79,73.2,3.6,3.57,0.0,70
6992,"ANTHONY'S, ESTRELLITAS STARS",Other,357.0,12.5,1.79,73.2,3.6,3.57,0.0,70
6993,"ANTHONY'S, EXTRA WIDE EGG NOODLES",Other,393.0,14.3,5.36,71.4,3.6,3.57,27.0,70
6994,"ANTHONY'S, LASAGNA, ENRICHED MACARONI PRODUCT",Other,357.0,12.5,1.79,73.2,3.6,3.57,0.0,70
6995,"ANTHONY'S, PENNE, WHOLE WHEAT MACARONI PRODUCT",Other,339.0,12.5,2.68,71.4,8.9,3.57,0.0,70
6996,"ANTHONY'S, POT-SIZED SPAGHETTI",Other,357.0,12.5,1.79,73.2,3.6,3.57,0.0,70
6997,"ANTHONY'S, POT-SIZED, THIN SPAGHETTI",Other,357.0,12.5,1.79,73.2,3.6,3.57,0.0,70
6998,"ANTHONY'S, ROTELLI PASTA",Grains,357.0,12.5,1.79,73.2,3.6,3.57,0.0,70
6999,"ANTHONY'S, SHORT (SALAD) MACARONI",Other,357.0,12.5,1.79,73.2,3.6,3.57,0.0,70
7000,"ANTHONY'S, SMALL SEA SHELLS, ENRICHED MACARONI PRODUCT",Other,357.0,12.5,1.79,73.2,3.6,3.57,0.0,70
7001,"ANTHONY'S, SPAGHETTI, WHOLE WHEAT SPAGHETTI PRODUCT",Other,339.0,12.5,2.68,71.4,8.9,3.57,0.0,70
7002,"ANTHONY'S, THIN SPAGHETTI",Other,357.0,12.5,1.79,73.2,3.6,3.57,0.0,70
7003,"ANTI-GRAIN, SWEET POTATO FLOUR",Other,375.0,3.57,3.57,82.1,7.1,14.3,139.0,65
7004,"Antibiotic-Free, Fresh Young Turkey, 10-16 lbs.",Meat & Poultry,135.0,21.0,5.0,0.0,0.0,0.0,165.0,60
7005,"Antibiotic-Free, Frozen Young Turkey, 10-16 lbs.",Meat & Poultry,134.0,19.6,5.36,0.0,0.0,0.0,179.0,60
7006,"ANTIOXIDANT ALMONDS, CASHEWS, PECANS, BLUEBERRIES, CRANBERRIES WITH A TOUCH OF SEA SALT MIX, ANTIOXIDANT",Snacks & Sweets,551.0,14.3,40.8,38.8,10.2,14.3,102.0,70
7007,"ANTIOXIDANT ALMONDS, DRIED SWEETENED CRANBERRIES & BLUEBERRIES, CASHEWS & PEPITAS MIX, ANTIOXIDANT",Snacks & Sweets,500.0,10.7,28.6,50.0,7.1,28.6,0.0,60
7008,"ANTIOXIDANT ALMONDS, DRIED SWEETENED CRANBERRIES & BLUEBERRIES, CASHEWS & PEPITAS MIX, ANTIOXIDANT",Snacks & Sweets,500.0,10.7,28.6,50.0,7.1,10.7,0.0,70
7010,"ANTIOXIDANT BLEND HARVEST BERRIES ORGANIC STRAWBERRIES, BLACKBERRIES & BLUEBERRIES, ANTIOXIDANT BLEND HARVEST BERRIES",Fruits,55.0,0.79,0.39,11.8,3.1,7.87,0.0,65
7011,"ANTIOXIDANT BLEND HARVEST BERRIES ORGANIC STRAWBERRIES, BLACKBERRIES & BLUEBERRIES, ANTIOXIDANT BLEND HARVEST BERRIES",Fruits,55.0,0.79,0.39,11.8,3.1,7.87,0.0,65
7012,"ANTIOXIDANT BLEND SLICED STRAWBERRIES, BLUEBERRIES, RASPBERRIES, CHERRIES & POMEGRANATE SEEDS, ANTIOXIDANT BLEND",Fruits,57.0,0.71,0.36,12.9,3.6,8.57,0.0,65
7013,"ANTIOXIDANT BLEND STRAWBERRIES, DARK SWEET CHERRIES, POMEGRANATE, BLUEBERRIES & RASPBERRIES, ANTIOXIDANT BLEND",Fruits,54.0,0.78,0.39,13.2,3.1,9.3,0.0,65
7014,"ANTIOXIDANT DRIED SWEETENED CRANBERRIES, ALMONDS, PEPITAS, DRIED SWEETENED BLUEBERRIES, CHOCOLATE CHIPS & CASHEWS TRAIL MIX, ANTIOXIDANT",Snacks & Sweets,485.0,12.1,27.3,51.5,6.1,33.3,0.0,60
7015,"ANTIOXIDANT MIX ALMONDS, CASHEWS, PECANS, BLUEBERRIES, CRANBERRIES WITH A TOUCH OF SEA SALT, ANTIOXIDANT MIX",Snacks & Sweets,536.0,14.3,42.9,39.3,,14.3,125.0,60
7016,"ANTIOXIDANT MIX ALMONDS, DRIED SWEETENED CRANBERRIES & BLUEBERRIES, CASHEWS & PEPITAS, ANTIOXIDANT",Snacks & Sweets,500.0,11.1,30.6,50.0,8.3,27.8,0.0,60
7017,"ANTIOXIDANT MIX NUT & CANDY, ANTIOXIDANT MIX",Snacks & Sweets,500.0,9.38,34.4,43.8,6.2,9.4,0.0,60
7018,"ANTIOXIDANT PEANUTS, RAISINGS, CRANBERRIES, PUMPKINS SEEDS, CHERRIES, BLUEBERRIES & ALMONDS TRIAL MIX, ANTIOXIDANT",Snacks & Sweets,433.0,13.3,23.3,53.3,6.7,16.7,0.0,60
7019,ANTIOXIDANT PREMIUM MIX,Snacks & Sweets,500.0,14.3,35.7,42.9,7.1,32.1,196.0,60
7020,ANTIOXIDANT PROTEIN BOOSTER,Other,389.0,61.1,5.56,22.2,22.2,5.56,278.0,70
7021,"ANTIOXIDANT SLICED STRAWBERRIES, DARK SWEET PITTED CHERRIES, WILD BLUEBERRIES, POMEGRANATE ARILS & RASPBERRIES FRUIT BLEND, ANTIOXIDANT",Fruits,50.0,0.71,0.0,12.1,3.6,0.0,0.0,65
7022,ANTIOXIDANT TRAIL MIX,Snacks & Sweets,433.0,13.3,23.3,53.3,6.7,36.7,10.0,60
7023,ANTIOXIDANT TRAIL MIX,Snacks & Sweets,433.0,13.3,23.3,50.0,6.7,36.7,183.0,60
7024,"ANTIOXIDANT TRAIL MIX DRIED SWEETENED CRANBERRIES, ALMONDS, PEPITAS, DRIED SWEETENED BLUEBERRIES, CHOCOLATE CHIPS & CASHEWS, ANTIOXIDANT",Snacks & Sweets,467.0,13.3,26.7,50.0,6.7,23.3,0.0,60
7025,"ANTIOXIDANT TRAIL MIX WITH DRIED SWEETENED CRANBERRIES, ALMONDS, PEPITAS, DRIED SWEETENED BLUEBERRIES, DARK CHOCOLATE CHIPS & CASHEWS, ANTIOXIDANT",Snacks & Sweets,485.0,12.1,27.3,51.5,6.1,33.3,0.0,60
7026,"ANTIOXIDANT WALNUTS, RAISINS, CRANBERRIES, BLUEBERRIES, HAZELNUTS TRAIL MIX, ANTIOXIDANT",Snacks & Sweets,500.0,9.38,34.4,43.8,6.2,9.4,0.0,60
7027,"ANTIOXIDANT WHOLE GRAINS, GOJI BERRIES, CACAO NIBS, WALNUTS, BLUEBERRIES NATURAL MUESLI, ANTIOXIDANT",Snacks & Sweets,390.0,14.6,6.1,68.3,12.2,2.4,0.0,70
7028,"ANTIOXIDANT+ ROASTED ALMONDS, ROASTED PEPITAS, ROASTED CASHEWS, DRIED LEMON-INFUSED BLUEBERRIES, DRIED CRANBERRIES SMART MIX, ANTIOXIDANT+",Snacks & Sweets,500.0,17.9,32.1,42.9,7.1,10.7,125.0,60
7029,ANTIOXIDANT+ SMART MIX,Snacks & Sweets,500.0,16.0,34.0,42.0,8.0,10.0,120.0,70
7030,"ANTIU XIXONA, MILK CHOCOLATE",Dairy,464.0,36.0,32.0,20.0,8.0,12.0,120.0,60
7031,ANTOJITOS,Other,367.0,6.67,3.33,76.7,6.7,3.33,0.0,60
7032,ANYTHING BUT PLAIN BLENDED GREEK NONFAT YOGURT,Dairy,59.0,10.6,0.0,4.12,0.0,0.0,35.0,60
7033,ANYTHING BUT PLAIN BLENDED GREEK NONFAT YOGURT,Dairy,60.0,10.7,0.0,4.0,0.0,0.0,33.0,60
7034,"ANYTIME BAR , RICH CHOCOLATE ",Snacks & Sweets,375.0,30.0,7.5,25.0,15.0,0.0,500.0,70
7035,"ANYTIME BARS, CHOCOLATE PEANUT BUTTER",Snacks & Sweets,375.0,27.5,7.5,25.0,12.5,0.0,450.0,70
7036,"ANYTIME BARS, PEANUT BUTTER",Snacks & Sweets,375.0,30.0,7.5,22.0,12.5,0.0,500.0,70
7037,"ANYTIME BARS, RICH CHOCOLATE",Snacks & Sweets,375.0,30.0,7.5,25.0,15.0,0.0,500.0,70
7038,Anytimers Breaded Chicken Sticks w/ BBQ Sauce,Meat & Poultry,272.0,11.3,11.9,28.5,2.0,11.3,424.0,60
7039,"APE MAN FOOD CO, BISCUITS, CASHEW BANANA, CASHEW BANANA",Other,344.0,9.38,25.0,21.9,3.1,6.25,78.0,60
7040,"APPALACHIAN WITH PEANUTS, MILK CHOCOLATE GEMS, RAISINS, SUNFLOWER SEEDS, ROASTED CASHEWS AND ROASTED ALMONDS TRAIL MIX, APPALACHIAN",Dairy,500.0,16.7,36.7,40.0,6.7,13.3,217.0,60
7042,"APPETITE CONTROL FEEL FULL & CURB UNHEALTHY CRAVINGS BAR, COCOA QUINOA CRUNCH, COCOA QUINOA CRUNCH",Snacks & Sweets,390.0,11.9,18.6,50.8,13.6,1.7,195.0,70
7043,"APPETITE CONTROL FEEL FULL & CURB UNHEALTHY CRAVINGS BAR, COCOA QUINOA CRUNCH, COCOA QUINOA CRUNCH",Snacks & Sweets,390.0,11.9,18.6,50.8,13.6,,195.0,70
7044,APPLE,Fruits,52.0,0.0,0.65,14.3,3.2,10.4,0.0,60
7045,"APPLE & CINNAMON FILLED CREPES, APPLE & CINNAMON",Other,208.0,6.67,3.75,37.5,3.3,9.2,267.0,60
7046,"APPLE & CINNAMON FLAVOR BAKED SNACKS, APPLE & CINNAMON",Snacks & Sweets,429.0,14.3,17.9,64.3,7.1,7.1,107.0,70
7047,"APPLE & CINNAMON MINI WAFFLES, APPLE & CINNAMON",Other,212.0,8.24,5.88,35.3,4.7,7.1,424.0,60
7048,"APPLE & CINNAMON MORINGA ORGANIC SUPERFOOD TEA BAGS, APPLE & CINNAMON",Other,0.0,0.0,0.0,66.7,66.7,,0.0,65
7049,"APPLE & GRAPE, STRAWBERRY & MANGO, MIXED BERRY SMOOTHIE GUMMI RINGS CANDY, APPLE & GRAPE, STRAWBERRY & MANGO, MIXED BERRY",Snacks & Sweets,160.0,6.0,0.0,68.0,14.0,4.0,50.0,60
7050,"APPLE & SWEET POTATO PANCAKES, APPLE & SWEET",Other,214.0,4.76,4.76,38.1,4.8,9.52,381.0,60
7051,"APPLE + BANANA FRUIT BAR, APPLE + BANANA",Fruits,286.0,2.86,0.0,80.0,11.4,0.0,86.0,60
7052,"APPLE + CINNAMON GLUTEN FREE OATMEAL, APPLE + CINNAMON",Other,383.0,16.7,11.7,58.3,10.0,5.0,283.0,70
7053,"APPLE + STRAWBERRIES FRUIT BARS, APPLE + STRAWBERRIES",Fruits,286.0,2.86,0.0,62.9,11.4,,86.0,60
7054,"APPLE ALMOND CINNAMON FRESH FRUIT & OAT BAR, APPLE ALMOND CINNAMON",Fruits,365.0,11.5,11.5,51.9,5.8,11.5,38.0,70
7055,"APPLE ALMOND CINNAMON FRESH FRUIT & OAT BAR, APPLE ALMOND CINNAMON",Fruits,365.0,11.5,11.5,51.9,5.8,11.5,38.0,70
7056,"APPLE BANANA PINEAPPLE ORANGE ORGANIC HAPPY BRAINZ, APPLE BANANA PINEAPPLE ORANGE",Snacks & Sweets,89.0,1.11,2.78,18.9,4.4,0.0,0.0,65
7057,"APPLE BARBECUE SAUCE, APPLE",Other,100.0,0.0,0.0,25.0,5.0,15.0,100.0,60
7058,"APPLE BERRY FRUIT ON THE GO, APPLE BERRY",Fruits,78.0,0.0,0.0,16.7,3.3,13.3,0.0,60
7059,"APPLE BLEND DRINK MIX, APPLE BLEND",Beverages,193.0,0.0,0.0,45.4,4.5,0.0,45.0,60
7060,"APPLE BLEU PECAN SPRING MIX, APPLES, BALSAMIC VINAIGRETTE, DRIED CRANBERRIES, BLUE CHEESE CRUMBLES, AND PRALINE PECANS SALAD CAFE BOWL, APPLE BLEU PECAN",Dairy,212.0,3.85,11.5,23.1,3.2,14.7,301.0,60
7061,"APPLE BLUEBERRY OVERNIGHT OATS + PROBIOTICS CHILLED CEREAL, APPLE BLUEBERRY",Other,371.0,11.3,4.84,71.0,9.7,9.7,73.0,70
7062,"APPLE BOURBON PORK TENDERLOIN, APPLE BOURBON",Meat & Poultry,116.0,17.9,3.57,3.57,0.0,3.57,473.0,60
7063,"APPLE BOURBON PORK TENDERLOIN, APPLE BOURBON",Meat & Poultry,116.0,17.9,3.57,3.57,0.0,3.57,473.0,60
7064,"APPLE BREAKFAST CHICKEN SAUSAGE, APPLE BREAKFAST CHICKEN",Meat & Poultry,146.0,18.8,4.17,8.33,0.0,6.2,500.0,60
7065,"APPLE BREAKFAST ORGANIC FULLY COOKED CHICKEN SAUSAGE, APPLE BREAKFAST",Meat & Poultry,146.0,18.8,4.17,8.33,0.0,6.2,500.0,60
7066,"APPLE BUTTER ORGANIC SPREAD, APPLE BUTTER",Fruits,75.0,0.0,0.0,20.0,5.0,15.0,0.0,60
7067,"APPLE BUTTER PORK CHOP WITH WHITE CHEDDAR GREEN BEANS, APPLE BUTTER PORK",Meat & Poultry,156.0,11.0,9.65,5.48,1.1,0.4,496.0,60
7068,"APPLE BUTTER SPREAD, APPLE; BUTTER",Other,133.0,0.0,0.0,33.3,6.7,6.7,0.0,60
7069,"APPLE CARAMEL CRUNCH DOUBLE DIPPERS WITH APPLE SLICES, CREAMY CARAMEL & PEANUTS, APPLE CARAMEL CRUNCH",Fruits,167.0,3.21,8.97,19.9,3.2,3.8,141.0,60
7070,"APPLE CHERRY FRUIT STRIPS, APPLE; CHERRY",Fruits,321.0,0.0,0.0,71.4,7.1,0.0,0.0,60
7071,"APPLE CHIPS, APPLE",Snacks & Sweets,357.0,3.57,0.0,89.3,3.6,0.0,0.0,60
7072,"APPLE CIDER DONUT CEREAL, APPLE CIDER DONUT",Other,306.0,30.6,13.9,38.9,25.0,0.0,306.0,70
7073,"APPLE CIDER DONUT CEREAL, APPLE CIDER DONUT",Other,306.0,30.6,13.9,38.9,25.0,0.0,306.0,70
7074,"APPLE CINNAMON & PECAN FRUIT & NUT BARS, APPLE CINNAMON & PECAN",Fruits,475.0,10.0,30.0,50.0,7.5,10.0,50.0,60
7075,"APPLE CINNAMON & SQUASH ORGANIC BARS, APPLE CINNAMON & SQUASH",Snacks & Sweets,333.0,9.52,9.52,66.7,23.8,14.3,286.0,65
7076,APPLE CINNAMON ALMOND OATMEAL,Other,395.0,11.6,10.5,67.4,9.3,9.3,326.0,70
7077,"APPLE CINNAMON ALMOND OATMEAL, APPLE CINNAMON ALMOND",Other,395.0,11.6,10.5,67.4,9.3,9.3,326.0,70
7078,"APPLE CINNAMON ALMOND OATMEAL, APPLE; CINNAMON; ALMOND",Other,395.0,11.6,10.5,67.4,9.3,9.3,326.0,70
7079,"APPLE CINNAMON BAGELS, APPLE CINNAMON",Other,247.0,8.64,1.23,50.6,3.7,3.7,309.0,60
7080,"APPLE CINNAMON BAGELS, APPLE CINNAMON",Other,247.0,8.24,1.18,50.6,4.7,3.5,318.0,60
7081,"APPLE CINNAMON BAGELS, APPLE CINNAMON",Other,247.0,8.64,0.62,50.6,3.7,3.7,309.0,60
7082,APPLE CINNAMON BAR,Snacks & Sweets,417.0,10.4,16.7,58.3,8.3,41.7,21.0,60
7083,"APPLE CINNAMON BAR, APPLE CINNAMON",Snacks & Sweets,422.0,22.2,20.0,42.2,6.7,8.9,556.0,60
7084,"APPLE CINNAMON BOONE BAR PROTEIN, APPLE CINNAMON",Snacks & Sweets,409.0,17.7,12.7,56.2,4.2,15.3,211.0,60
7085,"APPLE CINNAMON BREAKFAST BAR, APPLE CINNAMON",Snacks & Sweets,423.0,17.3,21.2,50.0,13.5,11.5,106.0,70
7086,"APPLE CINNAMON BREAKFAST BISCUITS, APPLE CINNAMON",Other,400.0,6.0,16.0,74.0,12.0,0.0,340.0,60
7087,"APPLE CINNAMON CASHEWS, APPLE CINNAMON",Snacks & Sweets,567.0,16.7,46.7,33.3,3.3,3.3,317.0,70
7088,"APPLE CINNAMON CEREAL, APPLE CINNAMON",Other,400.0,9.09,6.36,80.0,7.3,12.7,173.0,60
7089,"APPLE CINNAMON CEREAL, APPLE CINNAMON",Other,400.0,9.09,6.36,80.0,7.3,12.7,173.0,60
7090,"APPLE CINNAMON CEREAL, APPLE; CINNAMON",Other,400.0,9.09,6.36,80.0,7.3,12.7,173.0,60
7091,Apple Cinnamon Cheerios Cereal 25% Less Sugar Bowlpak,Other,393.0,10.7,7.14,78.6,7.1,21.4,464.0,65
7092,"APPLE CINNAMON CHIA BAR, APPLE CINNAMON",Snacks & Sweets,400.0,12.0,18.0,60.0,20.0,12.0,220.0,70
7093,"APPLE CINNAMON CHIA BARS, APPLE CINNAMON",Snacks & Sweets,400.0,12.0,20.0,68.0,20.0,8.0,200.0,70
7094,"APPLE CINNAMON CHIA INSTANT OATMEAL, APPLE CINNAMON CHIA",Other,373.0,10.2,5.08,74.6,5.0,25.4,254.0,60
7095,"APPLE CINNAMON CREAMY CLUSTERS GRANOLA PEANUT BUTTER CENTERS, APPLE CINNAMON",Snacks & Sweets,514.0,16.2,29.7,48.6,5.4,13.5,311.0,60
7096,"APPLE CINNAMON CRUNCH OATMEAL WITH APPLES, GRANOLA, ALMONDS & PUMPKIN SEEDS, APPLE CINNAMON CRUNCH",Other,127.0,4.69,3.76,0.02,3.3,7.98,113.0,60
7097,"APPLE CINNAMON CRUNCH OATMEAL, APPLE; CINNAMON",Other,127.0,4.69,3.76,18.8,3.3,3.8,113.0,60
7098,"APPLE CINNAMON DAILY PROBIOTIC BITES, APPLE CINNAMON",Snacks & Sweets,360.0,16.0,12.0,60.0,12.0,20.0,320.0,60
7099,"APPLE CINNAMON FLAVORED PRE-SLICED BAGELS, APPLE CINNAMON",Other,274.0,9.47,1.58,56.8,4.2,7.4,442.0,60
7100,"APPLE CINNAMON FLAVORED PROTEIN INSTANT OATMEAL, APPLE CINNAMON",Other,383.0,16.7,5.0,68.3,3.0,15.0,283.0,60
7101,"APPLE CINNAMON FLAVORED RINGS, APPLE CINNAMON, SEASONAL",Snacks & Sweets,571.0,3.57,32.1,60.7,3.6,10.7,89.0,60
7102,"APPLE CINNAMON FLAVORED SUGAR FREE INSTANT OATMEAL, APPLE CINNAMON",Other,393.0,14.3,7.14,64.3,4.0,0.0,500.0,70
7103,"APPLE CINNAMON FLAVORED WHOLE GRAIN WAFFLES, APPLE CINNAMON",Other,236.0,5.45,7.27,40.0,5.5,10.9,455.0,60
7104,"APPLE CINNAMON FRESH SNACK BAR, APPLE CINNAMON",Snacks & Sweets,420.0,0.0,20.0,48.0,8.0,12.0,20.0,60
7105,"APPLE CINNAMON FRUIT & GRAIN SNACK BUNS, APPLE CINNAMON",Fruits,240.0,8.0,0.0,52.0,4.0,4.0,280.0,60
7106,"APPLE CINNAMON FRUIT ON THE GO, APPLE CINNAMON",Fruits,78.0,0.0,0.0,17.8,3.3,14.4,0.0,60
7107,"APPLE CINNAMON FRUIT ON THE GO, APPLE CINNAMON",Fruits,78.0,0.0,0.0,17.8,3.3,14.4,0.0,60
7108,"APPLE CINNAMON GLUTEN FREE OVEN BAKED BARS, APPLE CINNAMON",Snacks & Sweets,375.0,5.0,8.75,70.0,7.5,15.0,150.0,60
7109,"APPLE CINNAMON GRANOLA MINIS, APPLE; CINNAMON",Other,417.0,8.33,12.5,70.8,8.3,12.5,21.0,65
7110,"APPLE CINNAMON GRANOLA, APPLE CINNAMON",Other,382.0,10.9,4.55,78.2,7.3,27.3,45.0,60
7111,"APPLE CINNAMON GRANOLA, APPLE CINNAMON",Other,509.0,18.2,34.6,36.4,10.9,10.9,18.0,60
7112,"APPLE CINNAMON GRANOLA, APPLE CINNAMON",Other,382.0,10.9,4.55,78.2,7.3,27.3,45.0,60
7113,"APPLE CINNAMON HOT CEREAL WITH ROLLED OATS, RED QUINOA, BLACK CHIA, APPLE CINNAMON, ROLLED OATS, RED QUINOA, BLACK CHIA",Other,375.0,12.5,6.25,72.5,10.0,15.0,238.0,70
7114,"APPLE CINNAMON ICELANDIC SKYR STRAINED LOW-FAT YOGURT WITH ALMOND BUTTER, APPLE CINNAMON",Dairy,183.0,12.7,9.86,9.86,0.7,3.5,49.0,60
7115,"APPLE CINNAMON INSTANT OATMEAL WITH PROBIOTICS, APPLE CINNAMON",Other,389.0,13.0,6.48,70.4,9.3,16.7,139.0,60
7116,"APPLE CINNAMON INSTANT OATMEAL, APPLE CINNAMON",Other,387.0,9.68,4.84,74.2,9.7,9.7,452.0,60
7117,"APPLE CINNAMON MIX-INS SEED+FRUIT BLEND, APPLE CINNAMON",Fruits,429.0,14.3,21.4,53.6,7.1,39.3,89.0,60
7118,"APPLE CINNAMON MORNING HARVEST MACROBAR, APPLE CINNAMON",Snacks & Sweets,424.0,8.47,17.0,62.7,6.8,13.6,59.0,60
7119,"APPLE CINNAMON MUFFINS, APPLE CINNAMON",Other,193.0,5.26,4.39,35.1,5.3,10.5,237.0,60
7120,"APPLE CINNAMON MUG MUFFIN MIX, APPLE CINNAMON",Other,326.0,9.3,23.3,60.5,9.3,9.3,328.0,60
7121,"APPLE CINNAMON MULTIGRAIN OATS & FLAX INSTANT OATMEAL, APPLE CINNAMON",Other,389.0,13.0,6.48,70.4,9.3,16.7,139.0,60
7122,"APPLE CINNAMON MULTIGRAIN SNACK, APPLE CINNAMON",Snacks & Sweets,500.0,3.57,25.0,60.7,3.6,10.7,268.0,60
7123,APPLE CINNAMON OATMEAL,Other,386.0,12.3,12.3,59.6,10.5,21.0,351.0,60
7124,"APPLE CINNAMON OATMEAL, APPLE CINNAMON",Other,380.0,24.0,4.0,62.0,6.0,14.0,360.0,70
7125,"APPLE CINNAMON OATMEAL, APPLE CINNAMON",Other,381.0,11.9,5.95,66.7,7.1,16.7,26.0,60
7126,"APPLE CINNAMON OATS + YOGURT, APPLE CINNAMON",Dairy,87.0,6.67,2.67,9.33,3.3,3.33,13.0,60
7127,"APPLE CINNAMON OATS BAR, APPLE CINNAMON",Snacks & Sweets,342.0,26.3,6.58,47.4,7.9,10.5,263.0,70
7128,"APPLE CINNAMON OATS, APPLE CINNAMON",Other,403.0,19.4,12.9,56.4,9.7,0.0,129.0,70
7129,"APPLE CINNAMON OATS, APPLE; CINNAMON",Other,419.0,19.4,12.9,58.1,9.7,0.0,137.0,70
7130,"APPLE CINNAMON ORGANIC COSMIC CARROT CHEWS, APPLE CINNAMON",Snacks & Sweets,300.0,5.0,0.0,75.0,10.0,10.0,200.0,60
7131,"APPLE CINNAMON ORGANIC INSTANT OATMEAL, APPLE CINNAMON",Other,425.0,12.5,12.5,67.5,7.5,20.0,275.0,60
7132,"APPLE CINNAMON ORGANIC OAT & FRUIT BARS, APPLE CINNAMON",Fruits,385.0,11.5,11.5,57.7,7.7,0.0,135.0,70
7133,"APPLE CINNAMON ORGANIC PLANT-BASED BAR, APPLE CINNAMON",Snacks & Sweets,420.0,14.0,22.0,46.0,6.0,10.0,20.0,70
7134,"APPLE CINNAMON PANCAKE & WAFFLE MIX, APPLE CINNAMON",Other,316.0,13.2,2.63,60.5,21.1,7.9,1000.0,60
7135,"APPLE CINNAMON PEANUT BUTTER FRUIT & NUT SPREAD, APPLE CINNAMON PEANUT BUTTER",Fruits,650.0,15.0,55.0,25.0,10.0,0.0,0.0,60
7136,"APPLE CINNAMON PECAN ORGANIC SUPERFOOD OATMEAL, APPLE CINNAMON PECAN",Other,404.0,12.3,10.5,64.9,12.3,5.26,26.0,70
7137,"APPLE CINNAMON PECAN SUPERFOOD OATS, APPLE CINNAMON PECAN",Other,421.0,14.0,12.3,59.6,10.5,5.26,70.0,70
7138,"APPLE CINNAMON PERFORMANCE BAR, APPLE CINNAMON",Snacks & Sweets,377.0,22.6,11.3,47.2,7.5,35.8,264.0,60
7139,"APPLE CINNAMON PROTEIN BARS, APPLE CINNAMON",Snacks & Sweets,404.0,23.1,15.4,46.2,9.6,26.9,240.0,60
7140,"APPLE CINNAMON PROTEIN CEREAL, APPLE CINNAMON",Other,353.0,35.3,4.41,55.9,11.8,8.82,441.0,70
7141,"APPLE CINNAMON PUFFED GRANOLA, APPLE CINNAMON",Other,377.0,8.2,9.84,68.8,4.9,13.1,131.0,60
7142,APPLE CINNAMON RAISIN,Snacks & Sweets,394.0,21.2,15.2,48.5,9.1,27.3,242.0,60
7143,"APPLE CINNAMON RAISIN TOASTER FLATBREADS, APPLE CINNAMON RAISIN",Grains,315.0,7.61,6.52,56.5,3.3,9.8,261.0,60
7144,"APPLE CINNAMON RICE CAKES, APPLE CINNAMON",Grains,333.0,4.76,2.38,76.2,4.8,9.52,0.0,60
7145,"APPLE CINNAMON SAUCE, APPLE CINNAMON",Snacks & Sweets,78.0,0.0,0.0,17.8,3.3,14.4,0.0,60
7146,"APPLE CINNAMON SEED + FRUIT BAR, APPLE CINNAMON",Fruits,421.0,15.8,18.4,50.0,13.2,13.2,79.0,70
7147,"APPLE CINNAMON SOFT BAKED FRUIT & OAT BREAKFAST OVALS BARS, APPLE CINNAMON",Fruits,460.0,6.0,20.0,62.0,6.0,10.0,380.0,60
7148,"APPLE CINNAMON SPICE BAR, APPLE CINNAMON SPICE",Snacks & Sweets,450.0,10.0,30.0,50.0,7.5,10.0,50.0,60
7149,"APPLE CINNAMON SPICE BARS, APPLE CINNAMON SPICE",Snacks & Sweets,450.0,10.0,30.0,50.0,7.5,10.0,50.0,60
7150,"APPLE CINNAMON STEEL CUT OATMEAL, APPLE CINNAMON",Other,277.0,12.8,5.32,72.3,12.8,17.0,362.0,60
7151,"APPLE CINNAMON STRUDEL FLAVOR OATS, APPLE CINNAMON STRUDEL",Other,329.0,23.5,7.06,57.6,8.2,10.6,329.0,70
7152,"APPLE CINNAMON SUGAR FREE INSTANT OATMEAL, APPLE CINNAMON",Other,357.0,14.3,7.14,64.3,10.7,0.0,500.0,70
7153,APPLE CINNAMON SUSTAINING ENERGY MIX,Snacks & Sweets,510.0,20.4,34.7,36.7,8.2,22.4,408.0,60
7154,"APPLE CINNAMON TOASTED MUESLI, APPLE CINNAMON",Other,429.0,14.3,21.4,50.0,10.7,3.6,0.0,60
7155,"APPLE CINNAMON WITH FLAX GLUTEN-FREE INSTANT OATMEAL, APPLE; CINNAMON",Other,375.0,10.0,6.25,72.5,10.0,15.0,175.0,60
7156,"APPLE CINNAMON WITH FLAX OATMEAL PACKETS, APPLE CINNAMON",Other,375.0,10.0,6.25,72.5,10.0,15.0,175.0,60
7157,"APPLE CINNAMON YOGURT CRISPS, APPLE CINNAMON",Dairy,429.0,14.3,10.7,71.4,3.6,10.7,536.0,60
7158,"APPLE CINNAMON YOGURT CRISPS, APPLE CINNAMON",Dairy,429.0,14.3,10.7,71.4,3.6,10.7,536.0,60
7159,"APPLE COBBLER PROTEIN BAR, APPLE COBBLER",Snacks & Sweets,404.0,21.2,13.5,50.0,7.7,36.5,231.0,60
7160,"APPLE COBBLER PROTEIN BARS, APPLE COBBLER",Snacks & Sweets,404.0,21.2,13.5,50.0,7.7,36.5,231.0,60
7161,"APPLE COBBLER PROTEIN BARS, APPLE COBBLER",Snacks & Sweets,404.0,21.2,13.5,50.0,7.7,36.5,231.0,60
7162,"APPLE CRANBERRY CUSTOM MILLED OATMEAL, APPLE CRANBERRY",Other,345.0,12.7,4.55,65.4,7.3,14.5,291.0,70
7163,"APPLE CRANBERRY CUSTOM MILLED OATMEAL, APPLE CRANBERRY",Other,356.0,12.3,4.79,65.8,6.8,13.7,288.0,70
7164,"APPLE CRANBERRY ORGANIC MUESLI, APPLE CRANBERRY",Other,438.0,16.7,16.7,58.3,8.3,2.1,52100.0,60
7165,"APPLE CRANBERRY SLOW-ROASTED PREMIUM GRANOLA, APPLE CRANBERRY",Other,393.0,10.7,21.4,50.0,7.1,10.7,161.0,70
7166,APPLE CRANBERRY TUNA SANDWICH,Other,194.0,12.3,6.17,25.1,2.2,5.73,322.0,60
7167,"APPLE DEHYDRATED CHIPS, APPLE",Snacks & Sweets,353.0,0.0,0.0,94.1,11.8,0.0,0.0,60
7168,"APPLE FLAVORED MINI PANCAKES, APPLE",Other,244.0,4.65,8.14,39.5,4.7,11.6,337.0,60
7169,"APPLE FREEZE DRIED CRISPS MULTI PACK, APPLE",Snacks & Sweets,400.0,0.0,0.0,100.0,10.0,0.0,0.0,60
7170,APPLE FREEZE DRIED SLICES,Snacks & Sweets,300.0,0.0,0.0,75.0,5.0,10.0,0.0,60
7171,"APPLE FRUIT ROLLS, APPLE",Fruits,300.0,0.0,0.0,65.0,10.0,0.0,0.0,60
7172,"APPLE FRUIT ROLLS, APPLE",Fruits,300.0,0.0,0.0,65.0,10.0,0.0,0.0,60
7173,"APPLE GINGER HANDCRAFTED ALMOND BUTTER BAR, APPLE GINGER",Snacks & Sweets,467.0,18.3,26.7,43.3,10.0,21.7,433.0,60
7174,"APPLE GINGER ORGANIC MATCHA FRUIT BITES, APPLE GINGER",Fruits,321.0,3.57,3.57,78.6,10.7,0.0,0.0,60
7175,"APPLE GREAT MEAL COOKIE, APPLE",Snacks & Sweets,386.0,24.6,21.0,47.4,5.3,14.0,18.0,70
7176,APPLE HARVEST,Snacks & Sweets,500.0,10.7,28.6,57.1,7.1,35.7,161.0,60
7177,"APPLE KALE ORGANIC TODDLER SMART BARS WITH WHOLE GRAINS, VEGGIES AND FRUIT, APPLE KALE",Fruits,375.0,12.5,12.5,58.3,16.7,16.7,83.0,60
7178,"APPLE KALE SANDWICH WRAPS, APPLE KALE",Other,292.0,16.7,0.0,58.3,8.3,33.3,250.0,60
7179,"APPLE KALE WRAPS, APPLE KALE",Other,292.0,16.7,0.0,58.3,8.3,33.3,250.0,60
7180,"APPLE LIGHT & CRUNCHY SNACKS, APPLE",Snacks & Sweets,378.0,8.89,0.0,88.9,11.1,4.4,67.0,60
7181,"APPLE MAPLE CHICKEN BREAKFAST SAUSAGE, APPLE MAPLE",Meat & Poultry,167.0,16.7,6.67,10.0,0.0,10.0,500.0,60
7182,"APPLE MAPLE WITH VERMONT MAPLE SYRUP CHICKEN BREAKFAST SAUSAGE, APPLE MAPLE",Meat & Poultry,167.0,16.7,6.67,10.0,0.0,10.0,500.0,60
7183,APPLE MIXED BERRY,Snacks & Sweets,80.0,0.88,0.0,19.5,3.5,14.2,0.0,60
7184,"APPLE MIXED BERRY PURE BLENDED FRUIT, APPLE MIXED BERRY",Fruits,80.0,0.88,0.0,19.5,3.5,14.2,0.0,60
7185,"APPLE P.B. CRUNCH DOUBLE DIPPERS WITH APPLE SLICES, PEANUT BUTTER & RAISINS, APPLE P.B. CRUNCH",Fruits,158.0,3.8,6.33,24.0,3.2,0.6,70.0,60
7186,"APPLE PEACH FRUIT ON THE GO, APPLE PEACH",Fruits,67.0,0.0,0.0,16.7,3.3,13.3,0.0,60
7187,"APPLE PEANUT BUTTER SUPER PEANUT NUT & FRUIT BLEND, APPLE PEANUT BUTTER",Fruits,650.0,15.0,55.0,25.0,5.0,0.0,50.0,60
7188,"APPLE PEAR FRUIT ON THE GO, APPLE PEAR",Fruits,78.0,0.0,0.0,17.8,3.3,13.3,0.0,60
7189,"APPLE PEAR STRUDEL ENERGY BAR, APPLE PEAR STRUDEL",Snacks & Sweets,353.0,13.2,8.82,21.0,6.0,32.4,265.0,65
7190,APPLE PIE,Snacks & Sweets,300.0,33.3,8.33,41.7,30.0,6.67,550.0,60
7191,"APPLE PIE ALA COLD STONE FLAVORED SYNTHA-6 PROTEIN POWDER DRINK MIX, APPLE PIE A LA COLD STONE",Beverages,426.0,46.8,12.8,31.9,14.9,2.1,266.0,70
7192,"APPLE PIE ALMONDS, APPLE PIE",Snacks & Sweets,571.0,17.9,46.4,32.1,7.1,21.4,54.0,60
7193,APPLE PIE BARS,Other,444.0,8.89,20.0,55.6,8.9,0.0,22.0,60
7194,"APPLE PIE BARS, APPLE",Other,444.0,8.89,20.0,55.6,8.9,0.0,22.0,60
7195,"APPLE PIE DATE & NUT BARS, APPLE PIE",Snacks & Sweets,400.0,6.67,17.8,57.8,8.9,0.0,0.0,60
7196,"APPLE PIE FLAVORED COLLAGEN BAR, APPLE PIE",Snacks & Sweets,333.0,28.9,2.22,51.1,6.7,8.9,156.0,70
7197,"APPLE PIE FLAVORED COLLAGEN BARS, APPLE PIE",Snacks & Sweets,333.0,28.9,2.22,51.1,6.7,8.9,156.0,70
7198,"APPLE PIE FLAVORED ORGANIC RICE CAKE MINIS, APPLE PIE",Grains,433.0,6.67,16.7,66.7,3.3,3.3,233.0,60
7199,"APPLE PIE INSTANT OATMEAL WITH ANCIENT GRAINS QUINOA & AMARANTH, APPLE PIE",Other,400.0,12.0,7.0,72.0,10.0,20.0,80.0,60
7200,"APPLE PIE OVERNIGHT OATS, APPLE",Other,165.0,4.71,4.71,23.5,4.1,0.0,41.0,60
7201,"APPLE PIE PROTEIN BAR, APPLE PIE",Snacks & Sweets,317.0,33.3,10.0,40.0,26.7,6.67,333.0,70
7202,"APPLE PIE PROTEIN BARS, APPLE PIE",Snacks & Sweets,283.0,33.3,10.0,40.0,21.7,0.0,383.0,70
7203,"APPLE PIE RICE CAKE MINIS, APPLE PIE",Grains,433.0,6.67,16.7,66.7,3.3,3.3,233.0,60
7204,"APPLE PIECES & CINNAMON INSTANT OATMEAL, APPLE PIECES & CINNAMON",Other,400.0,8.57,7.14,71.4,11.4,14.3,457.0,60
7205,"APPLE PIECES AND CINNAMON GLUTEN FREE OATMEAL, APPLE PIECES AND CINNAMON",Other,403.0,10.4,7.46,71.6,11.9,13.4,463.0,70
7206,APPLE POMMES,Fruits,52.0,0.0,0.0,14.3,3.2,10.4,0.0,60
7207,"APPLE PUMPKIN GRANOLA, APPLE PUMPKIN",Other,418.0,16.4,10.9,69.1,9.1,10.9,18.0,70
7208,"APPLE RAISIN & WALNUT GRANOLA, APPLE RAISIN & WALNUT",Other,393.0,10.7,16.1,60.7,7.1,7.1,0.0,70
7209,"APPLE RICE RUSKS BAKED RICE SNACK, APPLE RICE RUSKS",Grains,375.0,12.5,0.0,87.5,0.0,12.5,188.0,60
7210,"APPLE SAUCE + BERRIES ORGANIC BABY FOOD, APPLE SAUCE + BERRIES",Snacks & Sweets,50.0,0.0,0.0,13.3,3.3,10.0,0.0,65
7211,"APPLE SAUCE, APPLE",Snacks & Sweets,50.0,1.11,0.0,13.3,3.3,8.89,0.0,65
7212,APPLE SAUSAGE & BEAN SOUP MIX,Other,172.0,20.7,0.0,58.6,34.5,3.45,52.0,75
7213,APPLE SLICES,Fruits,53.0,0.0,0.0,14.2,3.5,9.73,0.0,60
7214,APPLE SLICES,Fruits,48.0,0.0,0.0,12.9,3.2,12.9,0.0,65
7215,APPLE SLICES HONEY CRISP,Snacks & Sweets,53.0,0.0,0.0,14.0,3.5,10.5,0.0,65
7216,"APPLE SPICE BLONDIE, APPLE",Snacks & Sweets,467.0,11.1,31.1,40.0,4.4,20.0,111.0,60
7217,"APPLE SPICE PROTEIN & FIBER HOT OATMEAL, APPLE SPICE",Other,360.0,20.0,4.0,64.0,10.0,14.0,280.0,70
7218,"APPLE STRAWBERRY FRUIT ON THE GO, APPLE STRAWBERRY",Fruits,78.0,0.0,0.0,17.8,3.3,13.3,0.0,60
7219,"APPLE STRAWBERRY FRUIT ON THE GO, APPLE STRAWBERRY",Fruits,78.0,0.0,0.0,17.8,3.3,13.3,0.0,60
7220,"APPLE STRAWBERRY FRUIT ON THE GO, APPLE STRAWBERRY",Fruits,78.0,0.0,0.0,17.8,3.3,0.0,0.0,60
7221,"APPLE STRAWBERRY ORGANIC OATY FRUIT SNACK BARS, APPLE STRAWBERRY",Fruits,375.0,12.5,12.5,62.5,12.5,12.5,0.0,60
7222,"APPLE STRAWBERRY POMEGRANATE SPINACH ORGANIC BLEND OF FRUIT & VEGGIES ON THE GO, APPLE STRAWBERRY POMEGRANATE SPINACH",Fruits,89.0,1.11,0.0,20.0,4.4,0.0,6.0,60
7223,"APPLE STRAWBERRY RHUBARB ORGANIC HAPPY IMMUNEZ, APPLE STRAWBERRY RHUBARB",Snacks & Sweets,67.0,1.11,0.0,14.4,3.3,0.0,0.0,60
7224,"APPLE STRAWS MULTIGRAIN SNACK, CINNAMON",Snacks & Sweets,500.0,3.57,25.0,60.7,3.6,10.7,268.0,60
7225,"APPLE STREUSEL FLAVORED GRANOLA, APPLE STREUSEL",Other,443.0,8.2,13.1,72.1,8.2,13.1,230.0,60
7226,"APPLE STRUDEL BREAKFAST BREAD, APPLE STRUDEL",Grains,302.0,7.55,5.66,56.6,3.8,13.2,415.0,60
7227,"APPLE WALNUT CINNAMON MUESLI, APPLE WALNUT CINNAMON",Other,429.0,14.3,21.4,57.1,10.7,14.3,0.0,70
7228,"APPLE WALNUT GRAIN-FREE KETO GRANOLA CLUSTERS, APPLE WALNUT",Other,533.0,16.7,40.0,36.7,10.0,13.3,267.0,60
7229,"APPLE WALNUT GRAINS & SEEDS OATMEAL, APPLE WALNUT",Other,433.0,16.7,18.3,55.0,10.0,8.3,283.0,70
7230,"APPLE WALNUT PUMPKIN SEED CUSTOM MILLED OATMEAL, APPLE WALNUT PUMPKIN SEED",Other,370.0,11.0,9.59,63.0,8.2,11.0,274.0,70
7231,APPLE WEDGES,Fruits,54.0,0.0,0.0,14.3,3.6,10.7,0.0,65
7232,"APPLE WHOLE+SUM FRUIT & NUT, APPLE",Fruits,400.0,8.89,17.8,57.8,11.1,0.0,11.0,60
7233,"APPLE, CINNAMON & SPINACH ORGANIC SNACK BARS, APPLE, CINNAMON & SPINACH",Snacks & Sweets,364.0,9.09,11.4,63.6,9.1,0.0,45.0,60
7234,"APPLE, CRAN & CELERY WITH PEANUT BUTTER BITES, APPLE, CRAN & CELERY WITH PEANUT BUTTER",Snacks & Sweets,176.0,3.52,7.04,26.1,4.2,9.9,92.0,65
7236,"APPLE, MANGO, PINEAPPLE, BANANA ORGANIC BLEND OF FRUIT ON THE GO, APPLE, MANGO, PINEAPPLE, BANANA",Fruits,78.0,1.11,0.0,17.8,4.4,0.0,0.0,60
7237,"APPLE, PINEAPPLE & PASSION FRUIT + GINGER & DANDELION FRUIT & BOTANICAL SNACK, APPLE, PINEAPPLE & PASSION FRUIT + GINGER & DANDELION",Fruits,73.0,0.0,0.0,17.3,6.4,10.0,9.0,65
7238,"APPLE, RAISIN & WALNUT GRANOLA MADE WITH ORGANIC WHOLE GRAINS, RAISINS, WALNUTS, SUNFLOWER SEEDS, DRIED APPLES AND CINNAMON, APPLE, RAISIN & WALNUT",Other,417.0,10.0,15.0,60.0,6.7,8.3,8.0,60
7239,"APPLE, RASPBERRY, BLUEBERRY & BEET ORGANIC FRUIT & VEG GUT HEALTH SNACK, APPLE, RASPBERRY, BLUEBERRY & BEET",Fruits,82.0,0.91,0.0,19.1,8.2,9.09,14.0,65
7240,"APPLE, SPINACH KIWI & KALE FRUIT & VEG SNACK, APPLE, SPINACH KIWI & KALE",Fruits,73.0,0.91,0.0,17.3,7.3,9.09,18.0,65
7241,"APPLE, STRAWBERRY & BLUEBERRY + GINGER & DANDELION FRUIT & BOTANICAL SNACK, APPLE, STRAWBERRY & BLUEBERRY + GINGER & DANDELION",Fruits,73.0,0.0,0.0,16.4,6.4,9.09,9.0,65
7242,"APPLE, STRAWBERRY & PEACH FREEZE-DRIED FRUIT BLEND, APPLE, STRAWBERRY & PEACH",Fruits,357.0,3.57,0.0,89.3,14.3,0.0,71.0,60
7243,"APPLE, STRAWBERRY, PEACH FRUITY KETO GUMMIES, APPLE, STRAWBERRY, PEACH",Fruits,191.0,0.0,2.22,75.6,53.3,8.89,62.0,60
7244,"APPLE-PEAR MANGO FRUIT ROLLS, APPLE-PEAR MANGO",Fruits,300.0,0.0,0.0,65.0,10.0,0.0,0.0,60
7245,"APPLE-PEAR RASPBERRY FRUIT ROLLS, APPLE-PEAR RASPBERRY",Fruits,300.0,0.0,0.0,65.0,10.0,0.0,0.0,60
7246,"APPLE-PEAR STRAWBERRY FRUIT ROLLS, APPLE-PEAR STRAWBERRY",Fruits,300.0,0.0,0.0,65.0,10.0,0.0,0.0,60
7247,APPLEAPPLE AND GIMME FIVE! FRUIT ON THE GO,Fruits,78.0,0.0,0.0,17.8,3.3,14.4,0.0,60
7248,"APPLEAPPLE AND GIMME FIVE! FRUIT ON THE GO, APPLE; MANGO; STRAWBERRY; PEACH; BANANA",Fruits,78.0,0.0,0.0,17.8,3.3,0.0,0.0,60
7249,"APPLEAPPLE FRUIT ON THE GO APPLESAUCE POUCHES, APPLEAPPLE",Fruits,78.0,0.0,0.0,17.8,3.3,0.0,0.0,60
7250,"APPLEAPPLE FRUIT ON THE GO APPLESAUCE, APPLEAPPLE",Fruits,78.0,0.0,0.0,17.8,3.3,0.0,0.0,60
7251,"APPLEAPPLE FRUIT ON THE GO APPLESAUCE, APPLEAPPLE",Fruits,78.0,0.0,0.0,17.8,3.3,14.4,0.0,60
7252,"APPLEAPPLE FRUIT ON THE GO APPPLESAUCE, APPLEAPPLE",Fruits,78.0,0.0,0.0,17.8,3.3,14.4,0.0,60
7253,"APPLEAPPLE FRUIT ON THE GO, APPLEAPPLE",Fruits,78.0,0.0,0.0,17.8,3.3,14.4,0.0,60
7254,"APPLEAPPLE FRUIT ON THE GO, APPLEAPPLE",Fruits,78.0,0.0,0.0,17.8,3.3,14.4,0.0,60
7255,"APPLEAPPLE ORGANIC FRUIT ON THE GO, APPLEAPPLE",Fruits,78.0,0.0,0.0,17.8,3.3,14.4,0.0,60
7256,"APPLECINNAMON FRUIT ON THE GO APPLESAUCE, APPLECINNAMON",Fruits,78.0,0.0,0.0,17.8,3.3,14.4,0.0,60
7257,"APPLEOOZ, CRUNCHY APPLE CHIPZ, ORIGINAL",Snacks & Sweets,333.0,0.0,0.0,83.3,8.3,0.0,0.0,65
7258,"APPLEPEACH FRUIT ON THE GO APPLESAUCE, APPLEPEACH",Fruits,78.0,0.0,0.0,16.7,3.3,13.3,0.0,60
7259,APPLES,Fruits,52.0,0.0,0.0,14.3,3.2,10.4,0.0,60
7260,APPLES,Fruits,52.0,0.0,0.0,14.3,3.2,10.4,0.0,60
7261,APPLES,Fruits,52.0,0.0,0.0,14.3,3.2,10.4,0.0,60
7262,APPLES,Fruits,52.0,0.0,0.0,14.3,3.2,10.4,0.0,60
7263,APPLES,Fruits,52.0,0.0,0.0,14.3,3.2,10.4,0.0,60
7264,APPLES,Fruits,52.0,0.0,0.0,14.3,3.2,10.4,0.0,60
7265,APPLES,Fruits,52.0,0.0,0.0,14.3,3.2,10.4,0.0,60
7266,APPLES,Fruits,52.0,0.0,0.0,14.3,3.2,10.4,0.0,60
7267,APPLES ,Fruits,52.0,0.0,0.0,14.3,3.2,10.4,0.0,60
7268,"APPLES & BROWN SUGAR FRUIT & OATMEAL, APPLES & BROWN SUGAR",Fruits,196.0,3.26,2.17,40.2,9.8,14.1,174.0,65
7269,"APPLES & CINNAMON CRISPY, BAKED RICE & OAT THINS OATMEAL MINIS, APPLES & CINNAMON",Grains,433.0,6.67,8.33,80.0,6.7,6.7,200.0,60
7270,"APPLES & CINNAMON FLAVOR SUPERGRAINS WHOLE GRAIN OATS, BARLEY, RYE, FLAX & QUINOA INSTANT OATMEAL, APPLES & CINNAMON",Other,368.0,12.3,5.26,71.9,10.5,21.0,333.0,60
7271,"APPLES & CINNAMON FLAVORED SUGAR FREE INSTANT OATMEAL, APPLES & CINNAMON",Other,393.0,10.7,7.14,67.9,4.0,0.0,500.0,70
7272,"APPLES & CINNAMON FLAVORED SUGAR FREE INSTANT OATMEAL, APPLES & CINNAMON",Other,357.0,10.7,7.14,67.9,4.0,0.0,500.0,70
7273,"APPLES & CINNAMON INSTANT OATMEAL WITH FLAX SEEDS, APPLES & CINNAMON",Other,357.0,10.7,7.14,64.3,7.0,0.0,857.0,60
7274,"APPLES & CINNAMON INSTANT OATMEAL, APPLES & CINNAMON",Other,393.0,10.7,7.14,67.9,4.0,0.0,500.0,70
7275,"APPLES & CINNAMON INSTANT OATMEAL, APPLES & CINNAMON",Other,357.0,10.7,7.14,67.9,4.0,0.0,500.0,70
7276,"APPLES & CINNAMON INSTANT OATMEAL, APPLES & CINNAMON",Other,357.0,10.7,7.14,67.9,4.0,0.0,500.0,70
7277,"APPLES & CINNAMON PROTEIN INSTANT OATMEAL, APPLES & CINNAMON",Other,385.0,19.2,3.85,65.4,2.0,13.5,327.0,60
7278,"APPLES & CINNAMON SUGAR FREE INSTANT OATMEAL, APPLES & CINNAMON",Other,393.0,10.7,7.14,67.9,4.0,0.0,500.0,70
7279,"APPLES & CINNAMON SUGAR FREE INSTANT OATMEAL, APPLES & CINNAMON",Other,357.0,14.3,7.14,64.3,4.0,0.0,500.0,70
7280,"APPLES & CRANBERRIES INSTANT OATMEAL, APPLES & CRANBERRIES",Other,353.0,13.7,4.9,72.6,9.8,19.6,333.0,60
7281,"APPLES & CRANBERRIES INSTANT OATMEAL, APPLES & CRANBERRIES",Other,373.0,13.7,4.9,70.6,6.0,23.5,373.0,60
7282,APPLES & MORE MUESLI COLD OR HOT CEREAL,Other,429.0,14.3,8.57,60.0,9.0,14.3,0.0,70
7283,"APPLES + CINNAMON FRUIT BAR, APPLES + CINNAMON",Fruits,286.0,0.0,0.0,77.1,11.4,0.0,100.0,60
7284,"APPLES AND BRUSSEL SPROUTS, RED APPLES, AND BACON WITH APPLE HERB BUTTER GRILLER, APPLES AND BRUSSEL SPROUTS",Other,98.0,4.88,4.88,9.76,3.3,0.0,211.0,60
7285,APPLES SLICES,Fruits,53.0,0.0,0.0,14.0,3.5,10.5,0.0,65
7286,APPLES WITH PRETZELS & ALMONDS,Snacks & Sweets,257.0,8.57,12.9,31.4,5.7,5.71,200.0,65
7287,"APPLES, ALMONDS & CHEESE",Dairy,160.0,6.13,11.0,11.0,3.7,6.13,117.0,65
7288,"APPLES, CARROTS, MOZZARELLA CHEESE & ALMONDS",Fruits,122.0,4.76,7.48,10.9,3.4,6.12,71.0,65
7289,"APPLES, CHEESE & ALMONDS",Dairy,230.0,10.6,15.9,12.4,3.5,6.19,248.0,60
7290,"APPLES, PEANUTS & CARAMEL DOUBLE DIPPERS, APPLES, PEANUTS & CARAMEL",Fruits,204.0,4.42,11.5,23.0,3.5,9.7,159.0,60
7291,"APPLES, PRETZELS & CHEESE",Dairy,150.0,5.83,5.83,20.0,3.3,7.5,317.0,60
7292,APPLESAUCE,Snacks & Sweets,78.0,0.0,0.0,17.8,3.3,14.4,0.0,60
7293,APPLESAUCE FRUIT ON THE GO,Fruits,78.0,0.0,0.0,17.8,3.3,14.4,0.0,60
7294,"APPLESIN PEANUT BUTTER, CREAMY",Other,567.0,20.0,46.7,26.7,6.7,10.0,0.0,60
7295,"Appleways Whole Grain 0.9 oz Cheddar Cheese Crispy Crackers, Individually Wrapped, 108ct",Dairy,437.0,11.9,13.9,67.5,7.9,0.0,714.0,60
7296,"Appleways Whole Grain 0.9 oz Cheddar Cheese Crispy Crackers, Individually Wrapped, Each",Dairy,437.0,11.9,13.9,67.5,7.9,0.0,714.0,60
7297,"Appleways Whole Grain 1.0 oz Veggie Crispy Crackers, Individually Wrapped, 108ct",Other,393.0,7.14,12.5,64.3,7.1,0.0,500.0,60
7298,"Appleways Whole Grain 1.0 oz Veggie Crispy Crackers, Individually Wrapped, Each",Other,393.0,7.14,12.5,64.3,7.1,0.0,500.0,60
7299,"Appleways Whole Grain 1.85 oz Veggie Crispy Crackers, Individually Wrapped, 180ct",Other,405.0,7.72,13.5,65.6,7.7,1.9,483.0,60
7300,"Appleways Whole Grain 1.85 oz Veggie Crispy Crackers, Individually Wrapped, Each",Other,404.0,7.69,13.5,65.4,7.7,1.9,481.0,60
7301,"Appleways Whole Grain Veggie Crispy Crackers, 4-20 Ounce - Bulk",Other,393.0,7.14,12.5,64.3,7.1,0.0,500.0,60
7302,"APPLEWOOD BEEF JERKY, APPLEWOOD",Meat & Poultry,107.0,17.9,3.57,0.0,,,375.0,60
7303,"APPLEWOOD SMOKE CHICKEN SAUSAGE, EGG WHITE & SHARP AMERICAN CHEESE CROISSANT SANDWICHES, APPLEWOOD SMOKE CHICKEN SAUSAGE, EGG WHITE & SHARP AMERICAN CHEESE",Meat & Poultry,169.0,11.0,8.09,14.7,1.5,2.21,449.0,60
7304,"APPLEWOOD SMOKE FLAVOR TURKEY BREAST TENDERLOIN, APPLEWOOD SMOKE",Other,107.0,17.9,0.89,3.57,0.0,2.68,402.0,60
7305,"APPLEWOOD SMOKE FLAVOR TURKEY BREAST TENDERLOINS, APPLEWOOD SMOKE",Other,89.0,18.8,0.45,3.57,0.0,2.68,366.0,60
7306,"APPLEWOOD SMOKE FLAVOR TURKEY BREAST TENDERLOINS, APPLEWOOD SMOKE",Other,89.0,18.8,0.45,3.57,0.0,2.68,366.0,60
7307,"APPLEWOOD SMOKE FLAVOR TURKEY BREAST TENDERLOINS, APPLEWOOD SMOKE",Other,89.0,18.8,0.45,3.57,0.0,2.68,366.0,60
7308,"APPLEWOOD SMOKE FLAVOR TURKEY BREAST TENDERLOINS, APPLEWOOD SMOKE",Other,89.0,18.8,0.45,3.57,0.0,2.68,366.0,60
7309,"APPLEWOOD SMOKE FLAVORED CHICKEN WING SECTIONS, APPLEWOOD SMOKE",Meat & Poultry,170.0,16.1,10.7,0.0,0.0,0.0,339.0,60
7310,"APPLEWOOD SMOKE FLAVORED CHICKEN WING SECTIONS, APPLEWOOD SMOKE",Meat & Poultry,170.0,16.1,10.7,0.0,0.0,0.0,384.0,60
7311,"APPLEWOOD SMOKE PLANT-BASED TURKEY-STYLE DELI SLICES, APPLEWOOD SMOKE",Meat & Poultry,192.0,23.1,6.73,9.62,3.8,1.92,577.0,60
7312,APPLEWOOD SMOKE WILD CAUGHT TUNA,Other,113.0,22.5,1.41,2.82,0.0,1.4,465.0,60
7313,Applewood Smoked All Natural Uncured Ham,Meat & Poultry,80.0,13.4,3.12,0.0,0.0,0.0,21.0,60
7314,"APPLEWOOD SMOKED BACON ATOP TURKEY MEDALLIONS AND SAVORY SAUSAGE STUFFING, BACON TOPPED TURKEY WITH GARLIC SAUCE",Other,145.0,11.3,6.71,9.89,0.7,1.06,435.0,60
7315,"APPLEWOOD SMOKED BACON BITS, APPLEWOOD SMOKED",Other,429.0,42.9,14.3,28.6,14.3,14.3,2290.0,60
7316,APPLEWOOD SMOKED BACON HOMESTYLE CASSEROLE,Other,393.0,10.7,1.79,82.1,7.1,3.57,2110.0,65
7317,APPLEWOOD SMOKED BACON MASHED POTATOES,Other,393.0,10.7,7.14,71.4,3.6,3.6,1820.0,60
7318,APPLEWOOD SMOKED BBQ,Other,400.0,6.67,10.0,80.0,10.0,6.7,333.0,60
7319,"APPLEWOOD SMOKED CHICKEN BREAST, APPLEWOOD SMOKED",Meat & Poultry,80.0,17.9,0.89,0.0,,0.0,500.0,60
7320,"APPLEWOOD SMOKED HUMMUS, ROASTED RED PEPPER WITH GARLIC + LEMON",Other,179.0,7.14,7.14,25.0,7.1,0.0,429.0,60
7321,"APPLEWOOD SMOKED JALAPENO & BACON, APPLEWOOD SMOKED",Other,146.0,6.15,3.08,23.1,3.8,6.2,323.0,60
7322,APPLEWOOD SMOKED SALMON,Seafood,152.0,19.6,6.25,3.57,0.0,0.89,330.0,60
7323,"APPLEWOOD WITH ORANGE & GINGER CEDAR PLANKED ATLANTIC SALMON, APPLEWOOD WITH ORANGE & GINGER",Seafood,217.0,15.9,10.6,14.2,0.9,12.4,323.0,60
7324,"APPLEWOOD, ORANGE & GINGER CEDAR PLANKED ATLANTIC SALMON, APPLEWOOD, ORANGE & GINGER",Seafood,204.0,15.0,9.73,14.2,0.9,12.4,354.0,60
7325,"APRICOT & THYME CRUMBLED GOAT CHEESE, APRICOT & THYME",Dairy,286.0,14.3,21.4,14.3,3.6,7.1,232.0,60
7326,"APRICOT + ALMOND BARS, APRICOT + ALMOND",Snacks & Sweets,343.0,5.71,8.57,60.0,11.4,5.7,14.0,60
7327,"APRICOT + ALMOND ORGANIC BAR WITH BAOBAB + CHIA, APRICOT + ALMOND",Snacks & Sweets,343.0,5.71,8.57,60.0,11.4,5.7,14.0,60
7328,APRICOT CRANBERRY MIX ,Snacks & Sweets,464.0,14.3,35.7,35.7,7.1,21.4,107.0,60
7329,"APRICOT ENERGY BARS, APRICOT",Snacks & Sweets,353.0,13.2,5.15,67.6,4.0,27.9,169.0,60
7330,"APRICOT GLAZED BAKED BEANS, APRICOT GLAZED",Other,161.0,5.59,3.15,26.6,3.5,4.2,357.0,60
7331,"APRICOT MIMOSA COCKTAIL INSPIRED PRESERVES, APRICOT MIMOSA",Fruits,59.0,0.0,0.0,29.4,23.5,0.0,0.0,60
7332,"APRICOT NUT LOAF, APRICOT",Other,286.0,7.14,7.14,47.6,4.8,9.52,298.0,60
7333,"APRICOT PISTACHIO ORGANIC ROLLED OATS WITH ORGANIC APRICOTS, PISTACHIOS, MAPLE SYRUP, PUMPKIN SEEDS AND SPICES GRANOLA, APRICOT PISTACHIO",Other,406.0,12.5,14.1,62.5,9.4,15.6,250.0,60
7334,"APRICOT SUGAR FREE WITH FIBER PRESERVES, APRICOT",Fruits,59.0,0.0,0.0,29.4,17.6,0.0,0.0,60
7335,"APRICOT, PISTACHIO & BRANDY ARTISAN CRISPS, APRICOT, PISTACHIO & BRANDY",Other,357.0,10.7,12.5,53.6,3.6,14.3,714.0,60
7336,"APRICOT, PLANT PROTEIN & GOLDEN BERRIES CACAO FRUIT BITES, APRICOT, PLANT PROTEIN & GOLDEN BERRIES",Fruits,350.0,25.0,12.5,45.0,10.0,10.0,125.0,70
7337,"APRICOTS IN THE BUFF ORGANIC DRIED SUPERSNACKS, APRICOTS IN THE BUFF",Snacks & Sweets,275.0,2.5,0.0,62.5,5.0,0.0,0.0,60
7338,"AQUA STAR, RAW SHRIMP",Seafood,53.0,13.3,0.44,0.0,0.0,0.0,372.0,60
7339,"AQUA STAR, RAW SHRIMP",Seafood,53.0,11.5,0.44,0.0,0.0,0.0,487.0,60
7340,"AQUA STAR, SEAFOOD MEDLEY",Seafood,53.0,10.6,0.44,0.88,0.0,0.0,257.0,60
7341,"AQUA STAR, SEAFOOD MEDLEY",Seafood,53.0,10.6,0.44,0.88,0.0,0.0,257.0,60
7342,"AQUA STAR, WILD SHRIMP",Seafood,75.0,11.3,0.47,5.66,0.0,4.72,415.0,60
7343,ARABIC PITA,Other,286.0,10.7,0.0,53.6,7.1,0.0,446.0,70
7344,"ARAMOUNI'S, CLASSIC BULGHUR TABOULI",Other,107.0,3.57,5.36,7.14,3.6,0.0,232.0,65
7345,"ARAMOUNI'S, CLASSIC POTATO SALAD",Other,214.0,3.57,10.7,21.4,3.6,3.57,429.0,65
7346,"ARAMOUNI'S, FIRE ROASTED RED PEPPER HUMMUS",Other,179.0,10.7,7.14,17.9,10.7,0.0,429.0,70
7347,"ARAMOUNI'S, LENTIL QUINOA TABOULI",Other,86.0,3.57,0.71,7.14,3.6,0.0,232.0,65
7348,"ARAMOUNI'S, ORGANIC HUMMUS",Other,179.0,10.7,7.14,17.9,10.7,0.0,343.0,70
7349,"ARAMOUNI'S, ORIGINAL HUMMUS",Other,179.0,10.7,7.14,17.9,10.7,0.0,343.0,70
7350,"ARAMOUNI'S, RED BEET",Other,43.0,0.0,0.0,10.7,3.6,7.14,79.0,60
7351,"ARBORIO AUTHENTIC SUPERFINO RICE, ARBORIO",Grains,356.0,8.89,0.0,80.0,4.4,0.0,0.0,60
7352,ARBORIO ITALIAN RICE,Grains,360.0,8.0,1.0,80.0,4.0,0.0,0.0,60
7353,ARBORIO RICE,Grains,340.0,7.55,0.94,75.5,3.8,0.0,0.0,60
7354,ARBORIO RICE,Grains,347.0,8.16,1.02,77.6,4.1,0.0,0.0,60
7355,ARBORIO RICE,Grains,356.0,11.1,2.22,77.8,2.2,0.0,0.0,60
7356,ARBORIO RICE,Grains,111.0,6.67,1.11,73.3,6.7,0.0,0.0,60
7357,ARBORIO RICE,Grains,333.0,6.67,1.11,73.3,6.7,0.0,0.0,60
7358,ARBORIO RICE,Grains,347.0,8.16,1.02,77.6,4.1,0.0,0.0,60
7359,"ARBORIO RICE, ARBORIO",Grains,340.0,8.0,0.0,76.0,4.0,0.0,0.0,60
7360,"ARCHER FARM, TRADITIONAL LIGHT HUMMUS",Other,143.0,7.14,3.57,21.4,7.1,3.57,446.0,60
7361,"ARCHER FARMS ROASTED NUT TRIO HOLIDAY EDITION, 15.5 OZ",Snacks & Sweets,607.0,21.4,53.6,17.9,10.7,3.57,393.0,70
7362,"ARCHER FARMS, PITA CHIPS, CINNAMON, CARAMEL, APPLE, CINNAMON, CARAMEL, APPLE",Snacks & Sweets,429.0,10.7,12.5,67.9,7.1,17.9,304.0,60
7363,"ARCTIC CHAR PREMIUM SKIN FILLETS, HONEY & CHIPOTLE",Snacks & Sweets,140.0,20.2,3.88,3.88,0.0,2.33,271.0,60
7364,"ARCTIC SHORES SEAFOOD COMPANY, SEA SCALLOPS",Seafood,89.0,15.2,0.89,2.68,0.0,2.68,143.0,60
7365,"ARCTIC SHORES, BAY SCALLOPS",Seafood,89.0,15.2,0.89,2.68,0.0,2.68,143.0,60
7366,"ARCTIC SHORES, HALIBUT FILLETS",Seafood,88.0,20.4,0.88,0.0,0.0,0.0,66.0,60
7367,"ARGENTINA REDS RAW, EZ PEEL, TAIL-ON WILD OCEAN SHRIMP",Seafood,97.0,18.6,1.77,0.0,0.0,0.0,265.0,60
7368,ARGENTINE BEEF SUPER FOOD LIVER POWDER,Meat & Poultry,400.0,70.0,10.0,0.0,0.0,0.0,0.0,60
7369,ARGENTINE RAW WILD-CAUGHT RED SHRIMP,Seafood,91.0,19.1,1.36,0.0,0.0,0.0,218.0,60
7370,ARGENTINE RED SHRIMP,Seafood,71.0,16.5,0.0,0.0,1.2,,159.0,60
7371,ARGENTINE RED SHRIMP,Seafood,87.0,15.9,0.88,0.88,0.0,0.0,112.0,60
7372,"ARGENTINE RED WILD CAUGHT FROZEN SHRIMP IQF (RAW) HEADLESS, TAIL-ON, SHELL-ON SHRIMP, ARGENTINE RED",Seafood,89.0,19.6,0.0,2.68,0.0,,112.0,60
7373,"ARGENTINE RED WILD CAUGHT FROZEN SHRIMP IQF (RAW) PEELED & DEVEINED SHRIMP, ARGENTINE RED",Seafood,89.0,19.6,0.0,2.68,0.0,0.0,112.0,60
7374,"ARGENTINE STYLE BEEF, ARGENTINE STYLE",Meat & Poultry,267.0,10.7,16.0,17.3,3.3,1.33,333.0,60
7375,"ARGIRES, SHELLED WALNUTS",Snacks & Sweets,366.0,14.6,31.7,14.6,4.9,2.44,0.0,70
7376,"ARHEON, ARTICHOKE HEARTS QUARTERED MARINATED",Other,71.0,0.0,5.36,7.14,3.6,0.0,357.0,60
7377,"ARHEON, LUPINI BEANS",Other,146.0,10.8,1.54,21.5,2.3,0.77,150.0,60
7378,"ARISEBAKERY, SOUR & SEEDY BAGUETTE",Other,229.0,5.36,3.57,44.6,5.4,0.0,441.0,60
7379,"ARIZONA A MIX OF RAISINS, SUNFLOWER SEEDS, PEANUTS, PEPITAS, CASHEWS, AND ALMONDS TRAIL MIX, ARIZONA",Snacks & Sweets,500.0,16.7,36.7,36.7,6.7,0.0,167.0,70
7380,"ARIZONA SNACK COMPANY, LIGHTLY SALTED POPCORN",Snacks & Sweets,464.0,10.7,17.9,64.3,10.7,0.0,500.0,70
7381,"ARIZONA SNACK COMPANY, SUNFLOWER KERNELS, ROASTED & SALTED, ROASTED & SALTED",Snacks & Sweets,607.0,21.4,53.6,21.4,10.7,3.57,411.0,60
7382,"ARIZONA TRAIL MIX OF RAISINS, SUNFLOWER SEEDS, PEANUTS, PEPITAS, CASHEWS, AND ALMONDS, ARIZONA",Snacks & Sweets,500.0,16.7,36.7,36.7,6.7,0.0,167.0,70
7383,"ARIZONA TRAIL, ARIZONA",Snacks & Sweets,500.0,16.7,36.7,36.7,6.7,20.0,167.0,60
7384,"Armour Star Chili with Beans, 22g Protein Per Serving, Canned Food, 14 oz Can",Meat & Poultry,144.0,8.31,6.8,12.3,3.8,0.3,403.0,60
7385,"Armour Star Hot Dog Chili Sauce, Canned Food, 14 OZ",Meat & Poultry,67.0,6.67,0.0,13.3,6.7,0.0,500.0,60
7386,"ARNIE'S, OAT BRAN HAMBURGER BUNS ",Other,240.0,10.0,5.0,40.0,4.0,4.0,400.0,60
7387,"ARNOLD, NATURE'S HARVEST, 18 GRAINS AND SEEDS BREAD",Grains,258.0,9.68,4.84,48.4,3.2,6.45,403.0,60
7388,"ARNOLD, SANDWICH THINS, EVERYTHING ROLLS",Other,233.0,9.3,4.65,48.8,11.6,4.65,442.0,60
7389,"AROMATIC GARLIC HUMMUS, AROMATIC GARLIC",Other,200.0,10.0,10.0,16.7,10.0,0.0,350.0,60
7390,AROMATIC PICKLED BEETS,Other,107.0,3.57,0.0,21.4,3.6,7.14,36.0,60
7391,ARRABBIATA BRUSCHETTA & TRADITIONAL HUMMUS LAYER DIP,Other,150.0,3.33,10.0,13.3,3.3,3.33,450.0,65
7392,ARRABBIATA SAUCE,Other,80.0,2.65,2.65,11.5,3.5,5.31,345.0,65
7393,"ARROWHEAD MILLS, NATURAL PUFFED CORN CEREAL",Other,375.0,12.5,6.25,75.0,12.5,0.0,31.0,70
7394,"ARROWHEAD MILLS, OAT BRAN HOT CEREAL",Other,394.0,18.2,7.58,63.6,15.2,0.0,0.0,70
7395,"ARROWHEAD MILLS, ORGANIC AMARANTH",Grains,383.0,14.9,6.38,66.0,14.9,2.13,21.0,70
7396,"ARROWHEAD MILLS, ORGANIC AMARANTH FLAKES",Other,412.0,11.8,5.88,76.5,8.8,11.8,0.0,75
7397,"ARROWHEAD MILLS, ORGANIC BROWN RICE FLOUR",Grains,371.0,8.57,2.86,77.1,5.7,0.0,0.0,60
7398,"ARROWHEAD MILLS, ORGANIC BUCKWHEAT FLOUR",Other,367.0,16.7,5.0,66.7,20.0,3.33,0.0,70
7399,"ARROWHEAD MILLS, ORGANIC GREEN LENTILS",Vegetables,341.0,27.3,2.27,56.8,29.5,4.55,11.0,70
7400,"ARROWHEAD MILLS, ORGANIC KAMUT FLAKES",Other,375.0,12.5,3.12,78.1,6.2,6.25,219.0,75
7401,"ARROWHEAD MILLS, ORGANIC PUFFED KAMUT CEREAL",Other,333.0,20.0,0.0,73.3,13.3,0.0,0.0,70
7402,"ARROWHEAD MILLS, ORGANIC SPROUTED WHEAT BERRY & QUINOA FLAKES",Other,238.0,7.14,2.38,52.4,4.8,7.14,202.0,65
7403,"ARROWHEAD MILLS, ORGANIC, SPROUTED GRAIN PANCAKE AND WAFFLE MIX",Other,316.0,10.5,2.63,65.8,7.9,5.26,605.0,60
7404,"ARROWHEAD MILLS, PANCAKE & WAFFLE MIX, SWEET POTATO",Other,351.0,10.8,1.35,73.0,5.4,10.8,703.0,60
7405,"ARROWHEAD MILLS, PUFFED WHEAT CEREAL",Other,375.0,18.8,0.0,75.0,12.5,0.0,0.0,70
7406,"ARROWHEAD MILLS, SHREDDED WHEAT, BITE SIZE CEREAL",Other,388.0,12.2,2.04,77.6,12.2,4.08,10.0,70
7407,"ARROWHEAD MILLS, WHOLE GRAIN PUFFED MILLET CEREAL",Other,400.0,13.3,3.33,73.3,6.7,0.0,0.0,70
7408,ARROWROOT STARCH / FLOUR,Other,344.0,0.0,0.0,87.5,3.1,0.0,0.0,60
7409,ARROWTOOTH FLOUNDER BONELESS FILLETS,Seafood,106.0,15.0,5.31,0.0,0.0,,257.0,60
7410,ARROWTOOTH FLOUNDER FILLETS,Seafood,89.0,18.8,1.34,0.0,0.0,0.0,80.0,60
7411,ARROWTOOTH FLOUNDER FILLETS,Seafood,106.0,15.0,5.31,0.0,0.0,0.0,257.0,60
7412,"ARTESANIA, CHOCOLATE WITH MILK AND ALMONDS TURRON",Dairy,504.0,10.4,37.2,44.4,4.0,7.2,0.0,60
7413,"ARTESANIA, TOASTED ALMOND EGG NOUGHT",Snacks & Sweets,840.0,20.0,44.0,80.0,8.0,4.0,52.0,70
7414,ARTICHOKE & KALAMATA OLIVE HUMMUS,Other,194.0,8.33,9.44,22.2,5.6,2.78,450.0,60
7415,ARTICHOKE & KALE PHYLLO PASTRY PURSES,Other,342.0,10.5,15.8,36.8,0.0,0.0,395.0,60
7416,"ARTICHOKE & ROASTED PEPPER QUINOA QUICK MEAL, ARTICHOKE & ROASTED PEPPER",Other,111.0,3.56,4.0,16.0,4.4,0.89,311.0,60
7417,"ARTICHOKE & ROASTED PEPPER QUINOA, ARTICHOKE & ROASTED PEPPER",Other,95.0,2.86,2.86,14.3,3.3,1.43,305.0,60
7418,ARTICHOKE & SPINACH HUMMUS,Other,211.0,7.04,10.6,21.1,7.0,3.52,299.0,60
7419,ARTICHOKE & SPINACH HUMMUS,Other,250.0,7.14,17.9,14.3,3.6,3.57,482.0,60
7420,"ARTICHOKE & SPINACH HUMMUS, ARTICHOKE & SPINACH",Other,214.0,3.57,16.1,10.7,3.6,3.57,464.0,60
7421,"ARTICHOKE & SPINACH RAVIOLI, ARTICHOKE & SPINACH",Other,229.0,11.4,5.71,32.4,3.8,0.95,514.0,60
7422,ARTICHOKE & SUN-DRIED TOMATO RAVIOLI IN SPINACH PASTA,Grains,216.0,10.6,5.31,29.2,2.7,0.88,397.0,65
7423,ARTICHOKE BOTTOMS,Vegetables,27.0,1.54,0.0,4.62,3.1,0.77,323.0,60
7424,ARTICHOKE BOTTOMS,Vegetables,35.0,2.31,0.0,6.92,3.1,3.08,288.0,60
7425,ARTICHOKE BOTTOMS,Vegetables,45.0,3.0,0.65,9.0,5.0,1.0,289.0,60
7426,ARTICHOKE BOTTOMS,Other,500.0,0.0,50.0,0.0,100.0,0.0,500.0,60
7427,ARTICHOKE HEARTS,Vegetables,27.0,1.54,0.0,4.62,3.1,0.77,323.0,60
7428,ARTICHOKE HEARTS,Other,83.0,3.33,6.67,3.33,3.3,0.0,300.0,60
7429,ARTICHOKE HEARTS,Other,71.0,1.79,3.57,10.7,7.1,0.0,286.0,65
7430,ARTICHOKE HEARTS,Vegetables,50.0,3.75,0.0,10.0,5.0,1.25,94.0,60
7431,ARTICHOKE HEARTS,Vegetables,35.0,2.31,0.0,6.92,3.1,0.0,292.0,60
7432,ARTICHOKE HEARTS,Other,89.0,3.57,7.14,7.14,3.6,3.57,339.0,65
7433,ARTICHOKE HEARTS,Vegetables,19.0,1.54,0.0,3.08,3.8,2.31,299.0,60
7434,ARTICHOKE HEARTS,Vegetables,36.0,0.0,0.0,7.14,3.6,3.57,411.0,60
7435,ARTICHOKE HEARTS,Other,89.0,3.57,7.14,7.14,3.6,,429.0,60
7436,ARTICHOKE HEARTS,Other,500.0,0.0,50.0,0.0,100.0,0.0,500.0,60
7437,ARTICHOKE HEARTS,Vegetables,58.0,2.92,0.42,11.2,5.8,0.0,296.0,60
7438,ARTICHOKE HEARTS,Vegetables,35.0,0.0,0.0,5.88,3.5,1.18,365.0,60
7439,ARTICHOKE HEARTS,Vegetables,35.0,2.35,0.0,8.24,3.5,0.0,65.0,60
7440,ARTICHOKE HEARTS,Vegetables,25.0,1.67,0.0,6.67,4.2,1.67,300.0,60
7441,ARTICHOKE HEARTS,Vegetables,35.0,2.31,0.0,6.92,3.1,0.0,292.0,60
7442,ARTICHOKE HEARTS,Vegetables,23.0,1.54,0.0,4.62,3.8,0.0,338.0,60
7443,ARTICHOKE HEARTS IN EXTRA VIRGIN OLIVE OIL,Other,150.0,3.33,10.0,10.0,3.3,0.0,167.0,60
7444,ARTICHOKE HEARTS IN WATER,Other,36.0,3.57,0.0,7.14,3.6,,393.0,60
7445,ARTICHOKE HEARTS MARINATED HALVES,Other,125.0,0.0,10.7,7.14,3.6,0.0,429.0,60
7446,ARTICHOKE HEARTS QUARTERED,Vegetables,53.0,2.35,0.0,11.8,5.9,0.0,59.0,60
7447,ARTICHOKE HEARTS QUARTERED IN BRINE,Vegetables,25.0,1.67,0.0,6.67,4.2,1.67,300.0,60
7448,ARTICHOKE HEARTS WHOLE GRILLED MARINATED,Vegetables,50.0,3.33,0.0,10.0,3.3,0.0,400.0,60
7449,ARTICHOKE HEARTS WHOLE IN BRINE,Vegetables,19.0,1.54,0.0,4.62,3.8,0.0,338.0,60
7450,"ARTICHOKE HEARTS, ARTICHOKE",Vegetables,33.0,3.33,0.0,6.67,3.3,0.0,283.0,60
7451,ARTICHOKE HUMMUS,Other,286.0,7.14,17.9,21.4,7.1,3.57,429.0,60
7452,"ARTICHOKE KALAMATA HOMMUS, ARTICHOKE KALAMATA",Other,214.0,7.14,12.5,17.9,3.6,3.57,411.0,60
7453,ARTICHOKE PESTO ALLA FIRENZE,Other,321.0,3.57,32.1,7.14,3.6,0.0,429.0,60
7454,ARTICHOKE QUARTERED,Vegetables,36.0,1.59,0.0,7.14,5.6,0.79,302.0,60
7455,ARTICHOKE QUARTERS,Vegetables,47.0,2.35,0.0,9.41,4.7,1.18,47.0,60
7456,ARTICHOKE QUARTERS,Vegetables,35.0,2.35,0.0,7.06,3.5,3.53,59.0,60
7457,ARTICHOKE QUARTERS,Other,500.0,0.0,50.0,0.0,100.0,0.0,500.0,60
7458,"ARTICHOKE ROSEMARY FLAVORED PASTA, LINGUINI, ARTICHOKE ROSEMARY",Grains,368.0,14.0,1.75,73.7,5.3,,26.0,70
7459,ARTICHOKE SAUCE,Other,100.0,1.67,6.67,10.0,3.3,1.67,500.0,65
7460,ARTICHOKE SPINACH HOMMUS,Other,250.0,7.14,14.3,17.9,3.6,3.57,375.0,65
7461,ARTICHOKE SPINACH HOMMUS,Other,250.0,7.14,14.3,17.9,3.6,3.57,375.0,65
7462,"ARTICHOKE SPINACH HOMMUS WITH TOPPINGS, ARTICHOKE SPINACH",Other,161.0,3.57,8.93,14.3,3.6,3.57,446.0,60
7463,"ARTICHOKE SPINACH HOMMUS WITH TOPPINGS, ARTICHOKE SPINACH",Other,161.0,3.57,8.93,14.3,3.6,,446.0,60
7464,"ARTICHOKE SPINACH HOMMUS, ARTICHOKE SPINACH",Other,161.0,3.57,8.93,14.3,3.6,0.0,446.0,60
7465,"ARTICHOKE SPINACH HOMMUS, ARTICHOKE SPINACH",Other,161.0,3.57,8.93,14.3,3.6,0.0,446.0,60
7466,"ARTICHOKE SPINACH RAVIOLI, ARTICHOKE SPINACH",Other,242.0,11.6,6.32,35.8,3.2,0.0,589.0,60
7467,ARTICHOKE STEW,Other,132.0,2.64,6.61,15.9,3.5,1.76,163.0,65
7468,"ARTICHOKE STUFFED CHICKEN BONELESS SKINLESS CHICKEN BREAST WITH RIB MEAT HAND STUFFED WITH ARTICHOKE, SPINACH & PARMESAN CHEESE, ARTICHOKE STUFFED CHICKEN",Meat & Poultry,150.0,20.0,5.71,5.0,0.7,0.71,350.0,60
7469,ARTICHOKE TAPENADE,Other,172.0,3.45,13.8,10.3,3.4,0.0,379.0,65
7470,"ARTICHOKE+SPINACH FLATBREAD, ARTICHOKE+SPINACH",Grains,147.0,3.17,6.75,19.0,3.2,0.0,250.0,60
7471,"ARTICHOKE, KALE & SPINACH BITES WITH ONION & PANKO BREADCRUMBS COATED IN PARMESAN CHEESE, ARTICHOKE, KALE & SPINACH",Dairy,154.0,6.59,8.79,12.1,3.3,1.1,341.0,60
7472,"ARTICHOKE, SPINACH & PARMESAN RAW SEASONED STUFFED CHICKEN BREASTS CHOPPED & FORMED, ARTICHOKE, SPINACH & PARMESAN",Meat & Poultry,162.0,16.2,7.75,7.04,0.7,1.41,366.0,60
7473,"ARTICHOKE, SPINACH, PARMESAN SEASONED RAW STUFFED CHICKEN BREASTS WITH RIB MEAT, ARTICHOKE, SPINACH, PARMESAN",Meat & Poultry,164.0,16.4,8.57,5.71,0.7,1.43,386.0,60
7474,ARTICHOKES,Fruits,50.0,3.33,0.0,10.8,5.0,0.83,96.0,60
7475,ARTICHOKES,Vegetables,50.0,3.33,0.0,10.8,5.0,0.83,96.0,60
7476,ARTICHOKES,Other,117.0,0.0,10.0,6.67,3.3,3.33,417.0,65
7477,ARTICHOKES BOTTOMS,Vegetables,16.0,3.0,0.0,5.0,4.0,1.0,97.0,60
7478,ARTIGIANI PASTAI,Grains,355.0,12.8,1.22,71.6,,5.24,,60
7479,"ARTISAN ALMOND CHEEZE SPREAD, JALAPENO",Other,286.0,17.9,14.3,21.4,10.7,3.57,411.0,70
7480,ARTISAN ALMOND MILK PRODUCT,Dairy,286.0,10.7,25.0,10.7,0.0,0.0,375.0,60
7481,"ARTISAN BAKED CROUTON STICKS, OLIVE OIL & OREGANO",Other,427.0,10.0,13.3,63.3,3.3,1.67,2.0,60
7482,ARTISAN BLEND + WHOLE GRAIN ALL-PURPOSE FLOUR,Other,367.0,3.33,1.67,83.3,6.7,0.0,17.0,60
7483,ARTISAN BLEND + WHOLE GRAIN ALL-PURPOSE FLOUR,Other,367.0,3.33,1.67,83.3,6.7,0.0,17.0,60
7484,ARTISAN BLEND GRANOLA,Other,455.0,10.9,20.0,56.4,7.3,21.8,200.0,60
7485,ARTISAN BREAD,Grains,275.0,7.84,2.94,56.9,5.9,3.92,490.0,60
7486,"ARTISAN BREAD ALMOND FLOUR BAKING MIX, ARTISAN BREAD",Grains,480.0,12.0,28.0,48.0,8.0,0.0,800.0,60
7487,"ARTISAN BREAD, NINE GRAIN LOAF",Grains,304.0,10.7,3.57,58.9,7.1,5.36,518.0,60
7488,ARTISAN BRIOCHE NEW ENGLAND BUN,Other,278.0,11.1,8.89,44.4,4.4,6.67,402.0,70
7489,ARTISAN CHEESE BLEND SUNDRIED TOMATO RAVIOLI,Dairy,226.0,11.0,7.53,28.1,2.1,2.05,336.0,65
7490,ARTISAN COUNTRY WHITE LOAF,Other,273.0,2.6,7.79,50.6,6.5,2.6,416.0,60
7491,ARTISAN CRACKERS,Other,400.0,12.0,4.0,76.0,4.0,0.0,560.0,60
7492,"ARTISAN CRACKERS MADE WITH EXTRA VIRGIN OLIVE OIL, CRANBERRY AND CRACKED PEPPER",Other,321.0,7.14,10.7,50.0,3.6,7.14,357.0,60
7493,"ARTISAN CRACKERS, CRANBERRY AND CRACKED PEPPER",Other,321.0,7.14,10.7,50.0,3.6,7.14,357.0,60
7494,"ARTISAN EGG PASTA, TAGLIATELLE",Grains,378.0,14.4,4.0,70.4,1.6,1.6,82.0,60
7495,ARTISAN FLATBREAD AND PIZZA CRUST,Grains,196.0,7.14,5.36,32.1,5.4,0.0,500.0,60
7496,"ARTISAN FLATBREAD, DILL & SEA SALT",Grains,278.0,11.1,5.56,55.6,0.0,5.56,472.0,60
7497,"ARTISAN FLATBREAD, GARDEN VEGGIE, SEA SALT",Grains,278.0,11.1,5.56,55.6,0.0,5.56,500.0,65
7498,ARTISAN FLATBREADS,Grains,233.0,14.0,3.49,44.2,7.0,2.33,698.0,60
7499,ARTISAN FLATBREADS,Grains,214.0,7.14,5.36,32.1,5.4,0.0,482.0,60
7500,"ARTISAN FLATBREADS, TRADITIONAL WHITE",Grains,233.0,14.0,2.33,44.2,7.0,2.33,674.0,60
7501,"ARTISAN FREEKEH & KALE SALADS, FREEKEH & KALE",Other,360.0,12.0,0.0,72.0,12.0,4.0,960.0,60
7502,ARTISAN FRENCH ROLLS,Other,256.0,11.6,1.16,46.5,4.7,2.33,535.0,60
7503,ARTISAN LOW FAT PRETZELS,Snacks & Sweets,429.0,7.14,5.36,78.6,3.6,0.0,161.0,60
7504,ARTISAN MINI CRISPS,Other,400.0,13.3,10.0,66.7,3.3,10.0,1500.0,60
7505,"ARTISAN MULTIGRAIN BAGUETTE RUSTIC, MULTIGRAIN",Other,246.0,8.77,6.14,40.4,3.5,1.8,474.0,60
7506,ARTISAN PASTA,Grains,375.0,14.3,1.79,73.2,3.6,3.57,0.0,70
7507,ARTISAN PASTA PENNE RIGATE,Grains,350.0,12.0,0.25,74.0,3.0,3.9,0.0,60
7508,"ARTISAN PASTA, DURUM WHEAT SEMOLINA PASTA",Grains,375.0,14.3,1.79,73.2,3.6,3.57,0.0,70
7509,"ARTISAN PASTA, LEMON BAVETTE",Grains,358.0,12.0,0.55,76.4,0.2,0.4,35.0,60
7510,ARTISAN POPCORN,Snacks & Sweets,464.0,10.7,21.4,57.1,10.7,0.0,893.0,60
7511,ARTISAN RECIPES EVERYTHING BAGELS,Other,294.0,10.6,3.53,51.8,2.4,1.2,271.0,60
7512,"ARTISAN RECIPES PLAIN MINI BAGELS, PLAIN",Other,276.0,10.5,2.63,52.6,2.6,1.3,289.0,60
7513,"ARTISAN RENAISSANCE GRAIN BREAD, RENAISSANCE GRAIN",Grains,304.0,10.7,5.36,57.1,8.9,1.79,768.0,60
7514,ARTISAN ROUND GLUTEN FREE BUN,Other,302.0,4.72,2.36,68.9,17.0,2.83,198.0,60
7515,ARTISAN SANDWICH BREAD,Grains,256.0,9.3,1.16,55.8,4.7,4.65,442.0,60
7516,ARTISAN SAUSAGE SWEET MEETS SAVORY,Meat & Poultry,260.0,26.0,12.0,13.0,4.0,6.0,540.0,60
7517,"ARTISAN SEA SALT & BLACK PEPPER FLAVORED KETTLE COOKED CHIPS, SEA SALT & BLACK PEPPER",Snacks & Sweets,536.0,7.14,32.1,57.1,3.6,3.57,500.0,60
7518,"ARTISAN SEA SALT KETTLE COOKED CHIPS, SEA SALT",Snacks & Sweets,536.0,7.14,35.7,53.6,3.6,3.57,482.0,60
7519,"ARTISAN SPELT BAGELS, SESAME MUCHOI",Other,253.0,7.59,1.9,45.6,3.8,1.27,380.0,60
7520,ARTISAN STYLE BAKERY BREAD,Grains,263.0,10.5,2.63,52.6,5.3,7.9,474.0,70
7521,ARTISAN STYLE CIABATTA,Other,260.0,4.0,3.0,52.0,6.0,4.0,480.0,60
7522,"ARTISAN STYLE PLAIN BAGELS, ARTISAN STYLE",Other,272.0,11.1,1.85,53.1,1.2,2.5,494.0,60
7523,ARTISAN STYLE SANDWICH ROLLS,Other,267.0,4.0,4.0,53.3,8.0,5.3,400.0,60
7524,ARTISAN THIN PIZZA CRUST,Other,250.0,10.4,2.08,45.8,4.2,4.17,479.0,70
7525,ARTISAN THINY FLATBREADS,Grains,433.0,13.3,11.7,66.7,3.3,0.0,700.0,60
7526,ARTISAN VEGAN NUTTY BURGER,Meat & Poultry,239.0,6.19,10.6,29.2,6.2,0.0,416.0,60
7527,ARTISAN WHOLE GRAIN BREAD,Grains,228.0,8.77,0.88,49.1,3.5,8.77,333.0,60
7528,ARTISANAL BAGUETTES,Other,467.0,13.3,20.0,60.0,6.7,0.0,867.0,60
7529,ARTISANAL FUSILLONI PASTA,Grains,357.0,12.5,0.0,73.2,3.6,3.57,2.0,70
7530,"ARTISANAL GRISSINI OVEN-BAKED ITALIAN BREADSTICKS OLIVE OIL, OVEN-BAKED",Grains,467.0,13.3,13.3,66.7,6.7,0.0,733.0,60
7531,ARTISANAL OLIVE OIL GRISSINI,Other,467.0,13.3,13.3,66.7,6.7,0.0,733.0,60
7532,ARTISANAL PASTA,Grains,195.0,7.08,0.44,44.2,4.4,1.77,292.0,60
7533,ARTISANAL PASTA,Grains,370.0,15.2,3.26,71.7,2.2,4.35,33.0,60
7534,ARTISANAL PASTA,Grains,375.0,12.5,0.89,76.8,1.8,3.57,0.0,60
7535,ARTISANAL PASTA,Grains,212.0,7.08,0.44,47.8,4.4,1.77,310.0,60
7536,ARTISANAL PASTA BRONZE DIE,Grains,357.0,12.5,1.79,78.6,3.6,3.57,0.0,70
7537,"ARTISANAL PASTA, PENNE RIGATE",Grains,368.0,12.3,0.88,73.7,3.5,1.75,0.0,70
7538,"ARTISANAL PASTA, SPAGHETTI ALLA CHITARRA 78 CUT",Grains,339.0,10.7,1.79,69.6,3.6,0.0,0.0,70
7539,ARTISANAL SMALL BATCH RAVIOLI PASTA,Grains,254.0,11.9,7.14,38.1,0.8,0.0,175.0,60
7540,"ARTISANAL SMALL BATCH RAVIOLI, PUMPKIN",Other,273.0,14.1,6.25,43.8,1.6,0.0,273.0,60
7541,ARTISIANAL PASTA RIGATONI,Grains,357.0,12.5,1.79,69.6,3.6,1.79,0.0,70
7542,"ARUGULA CABBAGE WITH SESAME, DILL, AND GARLIC",Snacks & Sweets,286.0,10.7,21.4,17.9,10.7,3.57,607.0,65
7543,ASANA  SMOOTHIE CUBES,Other,120.0,7.33,2.67,19.3,4.0,0.0,83.0,65
7544,"ASHWAGANDHA ORGANIC POWDER, ASHWAGANDHA",Other,429.0,0.0,0.0,85.7,28.6,0.0,0.0,60
7545,ASHWAGANDHA POWDER,Other,400.0,0.0,33.3,66.7,33.3,0.0,0.0,60
7546,ASIAGO & SPINACH SKINLESS CHICKEN SAUSAGE,Meat & Poultry,188.0,17.6,11.8,3.53,0.0,0.0,459.0,60
7547,"ASIAGO BAGEL, ASIAGO",Other,258.0,10.2,2.73,48.4,1.6,3.12,484.0,60
7548,"ASIAGO BAGELS, ASIAGO",Other,256.0,10.4,2.8,48.8,1.6,3.2,488.0,60
7549,"ASIAGO BAGELS, ASIAGO",Other,282.0,12.7,3.18,50.9,3.6,5.45,618.0,60
7550,"ASIAGO CHEESE FLAVOR PERFECT FIT PROTEIN CRISPS, ASIAGO CHEESE",Dairy,429.0,35.7,14.3,42.9,3.6,3.57,1040.0,60
7551,"ASIAGO CHEESE FLAVORED ARTISAN BROWN RICE & ALMONDS CRACKER SNACKS WITH POPPY & SUNFLOWER SEEDS, ASIAGO CHEESE WITH POPPY & SUNFLOWER SEEDS",Dairy,433.0,10.0,11.7,73.3,3.3,3.33,350.0,60
7552,ASIAGO OREGANO PASTA,Grains,402.0,18.2,8.08,64.6,0.0,0.0,246.0,60
7553,"ASIAGO TURKEY MEATBALLS WITH TOMATO BASIL COUSCOUS OVEN KITS, TOMATO BASIL COUSCOUS",Other,188.0,12.4,8.25,14.7,0.3,1.29,392.0,60
7554,"ASIAN A BLEND OF QUINOA, EDAMAME, CARROTS, ONIONS & RED PEPPERS, ASIAN QUINOA BLEND",Other,96.0,10.4,2.22,7.41,4.4,0.74,15.0,70
7555,"ASIAN A SAVORY MIX OF ASSORTED RICE CRACKERS, ROASTED PEANUTS, SESAME STICKS & WASABI PEAS SNACK MIX, ASIAN",Grains,433.0,13.3,20.0,50.0,3.3,3.33,700.0,60
7556,"ASIAN BBQ RED BEANS IN AN ASIAN INSPIRED BBQ SAUCE WITH A HINT OF GINGER, ASIAN BBQ",Other,146.0,5.38,1.54,25.4,5.4,10.8,346.0,60
7557,ASIAN BEEF TIPS WITH ROASTED SQUASH AND RICE,Meat & Poultry,179.0,11.4,6.43,19.3,0.7,7.14,479.0,60
7558,"ASIAN BLEND ORIENTAL RICE CRACKERS, WASABI PEAS, SESAME STICKS, SEASONED PEANUTS, CASHEWS, SEASONED ALMONDS TRAIL MIX, ASIAN BLEND",Grains,438.0,12.5,18.8,56.2,3.1,6.25,781.0,60
7559,"ASIAN BLEND RICE CRACKERS, FLAVORED WASABI PEAS, SESAME STICKS, PEANUTS, CASHEWS, ALMONDS TRAIL MIX, ASIAN BLEND",Grains,462.0,11.5,19.2,61.5,3.8,3.8,615.0,60
7560,ASIAN BLEND TRAIL,Snacks & Sweets,500.0,17.9,28.6,53.6,7.1,10.7,571.0,60
7561,ASIAN BLEND TRAIL MIX,Snacks & Sweets,433.0,13.3,16.7,63.3,6.7,3.33,967.0,60
7562,"ASIAN BLEND TRAIL, ASIAN BLEND",Snacks & Sweets,500.0,16.7,26.7,50.0,6.7,10.0,600.0,60
7563,"ASIAN BLEND, ASIAN",Snacks & Sweets,500.0,14.3,25.0,53.6,3.6,3.6,500.0,70
7564,"ASIAN GINGER RICED RED LENTIL PILAF, ASIAN GINGER",Grains,360.0,26.0,2.0,60.0,12.0,2.0,460.0,70
7565,"ASIAN GOURMET, BROWN RICE CRACKERS",Grains,433.0,6.67,6.67,83.3,3.3,3.33,300.0,60
7566,"ASIAN GOURMET, BROWN RICE CRACKERS, BLACK SESAME, BLACK SESAME",Grains,433.0,6.67,10.0,80.0,3.3,0.0,300.0,60
7567,"ASIAN GOURMET, MULTIGRAIN BROWN RICE CRACKERS",Grains,433.0,6.67,6.67,80.0,6.7,0.0,300.0,60
7568,"ASIAN GOURMET, PICKLED WHOLE BABY CORN",Other,36.0,3.57,0.0,3.57,3.6,,321.0,60
7569,"ASIAN GRILL RUBBED SALMON, ASIAN GRILL RUBBED",Seafood,205.0,20.5,10.7,4.46,0.0,3.57,312.0,60
7570,"ASIAN GRILL RUBBED SALMON, ASIAN GRILL RUBBED",Seafood,205.0,20.5,10.7,4.46,0.0,3.57,312.0,60
7571,"ASIAN HOT PEANUTS, ASIAN HOT",Snacks & Sweets,214.0,25.0,17.9,28.6,14.3,3.57,393.0,70
7572,ASIAN INSPIRED BEEF STRIPS,Meat & Poultry,212.0,21.2,10.6,7.06,0.0,3.53,424.0,60
7573,ASIAN INSPIRED PORK STRIPS,Meat & Poultry,259.0,18.8,17.6,7.06,0.0,5.88,400.0,60
7574,"ASIAN MEMORIES ORGANIC FUNOODLES, ASIAN MEMORIES",Other,268.0,17.9,1.79,44.6,8.9,1.8,786.0,60
7575,ASIAN NOODLES,Other,214.0,3.57,7.14,32.1,3.6,3.6,429.0,60
7576,"ASIAN NOODLES, SPICY KUNG PAO",Other,357.0,14.3,3.57,67.9,3.6,7.1,1180.0,60
7577,"ASIAN NOODLES, SPICY SZECHUAN",Other,357.0,12.5,1.79,75.0,5.4,5.36,857.0,60
7578,"ASIAN NOODLES, TERIYAKI",Other,377.0,13.2,1.89,77.4,5.7,11.3,1090.0,60
7579,"ASIAN NOODLES, THAI PEANUT",Other,415.0,15.1,7.55,75.5,3.8,7.5,1240.0,60
7580,"ASIAN PEAR FRUIT CRISPS, ASIAN PEAR",Fruits,400.0,0.0,0.0,90.0,10.0,0.0,0.0,60
7581,ASIAN PERSUAISON GOURMET BBQ SAUCE MARINADE AND SAUCE,Other,161.0,35.7,0.0,85.7,3.6,10.7,821.0,60
7582,ASIAN QUINOA,Other,149.0,6.43,7.86,11.4,4.3,2.14,149.0,60
7583,ASIAN SALAD TOPPINGS,Other,500.0,10.7,25.0,60.7,3.6,3.57,679.0,60
7584,Asian Savour Frozen Pacific Saury Salt Added 670g More,Seafood,134.0,11.2,1.49,0.0,,0.0,16.0,60
7585,"ASIAN SEASONED RICE CRACKERS, ALMONDS, CASHEWS, HONEY ROASTED SESAME STICKS AND WASABI PEAS TRAIL MIX, ASIAN",Grains,464.0,14.3,28.6,46.4,7.1,3.6,750.0,60
7586,ASIAN SESAME CEDAR PLANK SALMON,Seafood,197.0,18.2,12.6,2.02,1.0,1.01,258.0,60
7587,"ASIAN STYLE A BLEND OF RICE CRACKERS, ROASTED PEANUTS, HONEY ROASTED PEANUTS, JAPANESE STYLE PEANUTS, SESAME STICKS, WASABI FLAVORED PEAS, ALMONDS & CHILI CRESCENTS SNACK MIX, ASIAN STYLE",Grains,467.0,16.7,26.7,53.3,6.7,3.3,633.0,60
7588,"ASIAN STYLE A SPICY MIX OF SRIRACHA GARLIC SEASONED PEANUTS, RICE CRACKERS, WASABI SEASONED PEAS, SALTED EDAMAME, SESAME STICKS, SRIRACHA SEASONED ALMONDS & CASHEWS TRAIL MIX, ASIAN STYLE",Grains,500.0,20.0,26.7,46.7,6.7,0.0,633.0,60
7589,"ASIAN STYLE BLEND SALTED ROASTED PEANUTS, SESAME STICKS, SALTED ROASTED ALMONDS, RICE CRACKERS, WASABI PEAS & CHILI BITS TRAIL MIX, ASIAN STYLE BLEND",Grains,500.0,16.7,33.3,43.3,6.7,3.33,600.0,60
7590,ASIAN STYLE CHICKEN & VEGETABLES,Vegetables,106.0,11.4,4.41,4.41,0.4,1.32,480.0,60
7591,ASIAN STYLE NOODLES,Other,398.0,12.3,1.75,73.7,0.0,0.0,219.0,60
7592,ASIAN STYLE PORK WITH RICE NOODLES & VEGETABLES,Vegetables,148.0,14.1,4.18,12.9,1.1,2.66,179.0,60
7593,"ASIAN STYLE POWER BLEND OF WHOLE GRAINS, SHELLED EDAMAME, CARROTS, RED PEPPERS, AND SAUCE, ASIAN STYLE POWER BLEND",Other,93.0,4.52,1.81,16.0,3.3,0.3,214.0,60
7594,"ASIAN STYLE SESAME TILAPIA ONE STEP COOKING WITH VEGETABLES, ASIAN STYLE SESAME TILAPIA",Vegetables,125.0,10.2,7.03,5.47,1.6,2.34,320.0,65
7595,"ASIAN STYLE SHELLED EDAMAME, SUGAR SNAP PEAS, BABY CORN, RED PEPPER, WATER CHESTNUTS EDAMAME BLEND, ASIAN STYLE",Vegetables,94.0,5.88,2.35,11.8,3.5,3.53,6.0,60
7596,ASIAN STYLE TRAIL MIX,Snacks & Sweets,500.0,16.7,30.0,46.7,6.7,6.67,567.0,60
7597,ASIAN TRAIL MIX,Snacks & Sweets,433.0,13.3,16.7,60.0,3.3,6.67,800.0,60
7598,ASIAN TRAIL MIX,Snacks & Sweets,500.0,13.3,30.0,46.7,6.7,3.33,1000.0,60
7599,ASIAN VEGETABLE BLEND,Fruits,29.0,2.35,0.0,7.06,3.5,0.0,35.0,60
7600,"ASIAN VEGETABLE RAMEN ORGANIC NOODLES, ASIAN VEGETABLE",Vegetables,350.0,11.7,1.67,71.7,3.3,1.7,1180.0,60
7601,ASIAN VEGGIE BURGERS,Other,197.0,11.3,8.45,18.3,4.2,0.0,535.0,60
7602,ASIAN VEGGIE BURGERS,Other,183.0,8.45,7.04,21.1,5.6,2.82,423.0,60
7603,"ASIAN VEGGIE PATTIES SWEET & SPICY, WITH HINTS OF CHILIES, GARLIC & GINGER, ASIAN VEGGIE",Other,164.0,11.9,5.97,17.9,4.5,4.48,746.0,60
7604,"ASIAN WITH CAULIFLOWER, CHICKPEAS, SPINACH, CARROTS, PEAS & MUSHROOMS RICED CAULIFLOWER, ASIAN",Grains,80.0,4.0,2.0,12.0,3.2,0.0,256.0,60
7605,"ASIAN-STYLE BARBECUE ANGUS BEEF SKEWERS, ASIAN-STYLE BARBECUE",Meat & Poultry,142.0,17.7,3.54,8.85,0.0,7.08,434.0,60
7606,"ASIAN-STYLE MUKIMAME STEAM-IN-BAG BLEND MADE WITH MUKIMAME, SUGAR SNAP PEAS, BABY CORN, RED PEPPERS & WATER CHESTNUTS, ASIAN-STYLE MUKIMAME",Vegetables,71.0,5.88,1.76,8.24,3.5,2.35,6.0,60
7608,"ASMAR'S, PITA CHIP, PLAIN",Snacks & Sweets,455.0,12.1,1.52,78.8,3.0,3.03,364.0,60
7609,ASPARAGUS,Other,167.0,3.33,16.7,10.0,3.3,0.0,450.0,65
7610,"ASPARAGUS & ASIAGO CHEESE CHICKEN BREASTS, ASPARAGUS & ASIAGO",Meat & Poultry,162.0,18.2,8.59,3.03,0.0,0.51,152.0,60
7611,"ASPARAGUS & CHEDDAR STUFFED CHICKEN BREAST CUTLETS, ASPARAGUS & CHEDDAR",Meat & Poultry,120.0,20.4,3.52,1.41,0.0,0.7,225.0,60
7612,"ASPARAGUS & CHEDDAR STUFFED CHICKEN BREAST CUTLETS, ASPARAGUS & CHEDDAR",Meat & Poultry,136.0,20.7,4.29,1.43,,,171.0,60
7613,"ASPARAGUS & CHEESE STUFFED PORK CHOPS WITH SWEET POTATOES, ASPARAGUS & CHEESE",Meat & Poultry,147.0,11.8,7.35,7.94,1.2,1.76,203.0,60
7614,"ASPARAGUS & CHEESE WITH RIB MEAT BREADED RAW STUFFED CHICKEN BREASTS, ASPARAGUS; CHEESE",Meat & Poultry,186.0,14.3,8.57,11.4,0.7,0.71,479.0,60
7615,"ASPARAGUS & CHEESE-STUFFED PORK WITH SWEET POTATOES MEAL FOR ONE, ASPARAGUS & CHEESE-STUFFED PORK WITH SWEET POTATOES",Meat & Poultry,144.0,11.8,7.35,7.94,1.2,0.0,203.0,60
7616,"ASPARAGUS & GRUYERE RAVIOLI, ASPARAGUS & GRUYERE",Other,240.0,12.0,9.0,29.0,0.0,0.0,330.0,60
7618,"ASPARAGUS & MOZZARELLA RAVIOLI, ASPARAGUS & MOZZARELLA",Other,250.0,8.0,11.0,32.0,4.0,0.0,470.0,60
7619,ASPARAGUS & PARMIGIANO REGGIANO RAVIOLI,Other,224.0,10.3,10.3,31.8,5.6,1.87,402.0,60
7620,"ASPARAGUS AND MOZZARELLA BACON WRAPPED SEASONED CHICKEN BREAST, ASPARAGUS AND MOZZARELLA",Meat & Poultry,135.0,18.9,10.3,2.7,0.5,0.0,416.0,60
7621,ASPARAGUS CHIPS,Snacks & Sweets,393.0,10.7,12.5,64.3,3.6,3.57,857.0,65
7622,"ASPARAGUS FONTINA RAVIOLI, VEGETARIAN",Other,207.0,10.9,7.61,25.5,0.0,0.54,109.0,60
7623,"ASPARAGUS GRUYERE RAVIOLI, ASPARAGUS GRUYERE",Other,229.0,11.4,6.67,29.5,1.9,0.0,410.0,60
7624,"ASPARAGUS GRUYERE RAVIOLI, ASPARAGUS GRUYERE",Other,263.0,12.6,8.42,33.7,2.1,0.0,411.0,60
7625,ASPARAGUS PASTA,Grains,386.0,14.0,3.51,73.7,7.0,3.51,42.0,70
7626,"ASPARAGUS RISOTTO RICED CAULIFLOWER MIXED WITH ASPARAGUS, PEAS & FRESH HERBS IN A CREAMY CHEESE SAUCE, ASPARAGUS RISOTTO",Dairy,133.0,13.3,6.67,5.71,1.9,1.9,343.0,60
7627,"ASSI, SEASONED SEAWEED",Vegetables,341.0,22.7,34.1,22.7,22.7,0.0,909.0,60
7628,"ASSORTED ALMONDS CASHEWS BUTTER TOFFEE PEANUTS GOURMET NUTS, ASSORTED",Snacks & Sweets,400.0,13.3,30.0,33.3,3.3,16.7,200.0,60
7629,"ASSORTED FLAVORED ULTIMATE HARD CANDY COLLECTION, ASSORTED",Snacks & Sweets,194.0,0.0,0.0,100.0,55.6,0.0,222.0,65
7630,"ASSORTED FLAVORS GELATIN, ASSORTED",Other,43.0,0.0,0.0,10.9,4.3,5.4,43.0,60
7631,"ASSORTED FRUIT FLAVORS ORGANIC LOLLIPOPS, PINEAPPLE-ORANGE, POMEGRANATE-BLUEBERRY, FUJJI APPLE, BLUEBERRY-LEMON",Fruits,233.0,0.0,0.0,91.7,75.0,0.0,0.0,60
7632,"ASSORTED JAPANESE PEANUTS, ASSORTED",Snacks & Sweets,500.0,20.0,60.0,43.3,6.7,10.0,317.0,70
7633,"ASSORTED RICE CRACKERS, ASSORTED",Grains,367.0,10.0,0.0,80.0,3.3,3.33,450.0,60
7634,"ASSORTED SAVORY NUTS, SMOKE ALMONDS, CHIPOTLE PEPPER CASHEWS, SALT & PEPPER PISTACHIOS, SALTED ALMONDS, SALTED PEANUTS, HONEY BBQ CASHEWS, ASSORTED SAVORY",Snacks & Sweets,567.0,20.0,46.7,23.3,6.7,6.7,633.0,60
7635,AT HOME SPICY CHICKEN WINGS SEASONED COATING MIX,Meat & Poultry,353.0,11.8,0.0,70.6,5.9,0.0,2940.0,60
7636,"ATHENOS, HUMMUS ROASTED RED PEPPER",Other,214.0,7.14,14.3,17.9,7.1,0.0,482.0,65
7637,"ATHENOS, WHOLE WHEAT BAKED PITA CHIPS",Snacks & Sweets,429.0,14.3,14.3,67.9,10.7,0.0,607.0,60
7638,"ATHLETE FUEL OATS, ALMONDS, CASHEWS, RAISINS, PUMPKIN & FLAX SEEDS ORGANIC MUESLI, ATHLETE FUEL",Other,390.0,17.1,14.6,61.0,7.3,0.0,0.0,70
7639,ATHLETIC TRAIL MIX,Snacks & Sweets,536.0,25.0,35.7,28.6,7.1,10.7,89.0,60
7640,"ATKINS & POTTS, CLASSIC DIJON MUSTARD",Other,145.0,8.2,10.7,4.0,80.1,0.0,,60
7641,ATLANTIC COD,Seafood,80.0,17.7,0.88,0.0,0.0,0.0,54.0,60
7642,ATLANTIC COD FILLETTS,Seafood,82.0,18.0,1.0,0.0,0.0,0.0,54.0,60
7643,ATLANTIC PERCH FILLET,Seafood,88.0,19.5,1.77,18.6,0.0,,142.0,60
7644,ATLANTIC SALMON,Seafood,212.0,15.9,10.6,14.2,0.9,12.4,319.0,60
7645,ATLANTIC SALMON,Seafood,204.0,20.4,13.4,0.0,0.0,0.0,60.0,60
7646,ATLANTIC SALMON,Seafood,218.0,19.7,15.5,0.0,0.0,0.0,42.0,60
7647,ATLANTIC SALMON,Seafood,212.0,20.4,13.3,0.0,0.0,0.0,58.0,60
7648,ATLANTIC SALMON,Seafood,208.0,20.4,13.3,0.0,0.0,0.0,59.0,60
7649,ATLANTIC SALMON,Seafood,168.0,18.6,10.6,0.0,0.0,0.0,124.0,60
7650,ATLANTIC SALMON,Seafood,224.0,20.0,15.9,0.0,0.0,0.0,47.0,60
7651,ATLANTIC SALMON,Seafood,221.0,20.4,15.9,0.0,0.0,0.0,44.0,60
7652,ATLANTIC SALMON,Seafood,159.0,20.6,8.24,0.0,0.0,0.0,41.0,60
7653,ATLANTIC SALMON,Seafood,223.0,20.5,16.1,0.0,0.0,0.0,98.0,60
7655,ATLANTIC SALMON,Seafood,183.0,19.7,10.6,0.0,0.0,0.0,60.0,60
7656,"ATLANTIC SALMON BONELESS FILLETS, APPLE BOURBON",Seafood,218.0,20.4,13.4,0.7,0.0,0.7,310.0,60
7657,"ATLANTIC SALMON BONELESS FILLETS, APPLE CITRUS",Seafood,243.0,20.4,16.2,3.52,0.0,2.82,208.0,60
7658,ATLANTIC SALMON BURGERS,Other,156.0,22.3,7.14,0.0,0.0,0.0,250.0,60
7659,"ATLANTIC SALMON BURGERS, ATLANTIC SALMON",Other,239.0,16.2,16.9,4.93,0.0,0.7,338.0,60
7661,"ATLANTIC SALMON BURGERS, ORIGINAL",Other,188.0,18.8,9.41,5.88,0.0,2.4,465.0,60
7662,ATLANTIC SALMON FILLET,Seafood,208.0,20.0,12.9,0.0,0.0,0.0,59.0,60
7663,ATLANTIC SALMON FILLET,Seafood,212.0,20.4,13.3,0.0,0.0,0.0,58.0,60
7664,ATLANTIC SALMON FILLET,Seafood,212.0,20.4,13.3,0.0,0.0,0.0,58.0,60
7665,ATLANTIC SALMON FILLET,Seafood,211.0,20.4,13.4,0.0,0.0,0.0,60.0,60
7666,ATLANTIC SALMON FILLET PORTIONS,Seafood,204.0,20.4,13.3,0.0,0.0,0.0,62.0,60
7667,ATLANTIC SALMON FILLET WITH BLACKENED CAJUN,Seafood,212.0,19.1,14.8,0.87,0.0,0.87,257.0,60
7668,ATLANTIC SALMON FILLET WITH ZESTY LEMON AND CRACKED PEPPER,Seafood,212.0,19.1,14.8,0.87,0.0,0.87,254.0,60
7669,"ATLANTIC SALMON FILLET, APPLE CRANBERRY",Seafood,116.0,14.3,4.46,2.68,0.0,1.79,179.0,60
7670,ATLANTIC SALMON FILLETS,Seafood,176.0,16.9,12.0,2.11,0.0,0.7,225.0,60
7671,ATLANTIC SALMON FILLETS,Seafood,238.0,28.6,11.9,0.0,0.0,,65.0,60
7672,ATLANTIC SALMON FILLETS,Seafood,184.0,20.8,11.2,0.0,0.8,0.0,80.0,60
7673,ATLANTIC SALMON FILLETS,Seafood,212.0,20.4,13.3,0.0,0.0,0.0,58.0,60
7674,"ATLANTIC SALMON FILLETS IN LEMON PEPPER OIL, LEMON PEPPER OIL",Seafood,385.0,13.2,36.8,0.0,0.0,0.0,358.0,60
7675,"ATLANTIC SALMON FILLETS IN MANGO CHUTNEY, MANGO",Seafood,170.0,12.3,9.43,10.4,0.0,8.49,434.0,60
7676,"ATLANTIC SALMON FILLETS WITH PEPPER & WILD GARLIC MARINADE, PEPPER & WILD GARLIC MARINADE",Seafood,273.0,17.2,22.7,0.78,0.8,0.78,422.0,60
7677,ATLANTIC SALMON IN WATER FILLET PORTIONS,Seafood,202.0,21.0,13.2,0.0,0.0,0.0,272.0,60
7678,ATLANTIC SALMON KABOBS,Seafood,88.0,10.6,3.1,3.54,0.9,1.77,24.0,65
7679,"ATLANTIC SALMON OIL AND LEMON, LEMON",Seafood,212.0,22.4,14.1,0.0,0.0,0.0,,60
7680,ATLANTIC SALMON ON A CEDAR PLANK,Seafood,204.0,20.4,13.4,0.0,0.0,0.0,60.0,60
7681,"ATLANTIC SALMON ON A CEDAR PLANK, TEQUILA LIME",Seafood,232.0,19.0,16.2,2.11,0.0,0.0,345.0,60
7682,"ATLANTIC SALMON ON A CEDAR PLANK, TERIYAKI PINEAPPLE",Seafood,211.0,16.2,14.1,4.23,0.0,2.82,401.0,60
7683,ATLANTIC SALMON PINWHEEL,Seafood,261.0,11.3,17.6,14.8,0.7,1.41,317.0,60
7684,ATLANTIC SALMON PINWHEEL FLORENTINE,Seafood,182.0,14.7,12.4,3.53,0.6,1.18,153.0,60
7685,"ATLANTIC SALMON PINWHEEL WITH STUFFING, SPINACH, FETA",Other,162.0,12.7,9.15,7.04,0.7,0.7,268.0,60
7686,"ATLANTIC SALMON PINWHEELS, ATLANTIC SALMON",Seafood,241.0,11.8,15.9,12.4,0.6,1.76,400.0,60
7687,ATLANTIC SALMON PORTION,Seafood,124.0,30.1,3.54,0.88,0.0,0.0,44.0,60
7688,ATLANTIC SALMON PORTION,Seafood,195.0,19.5,12.4,1.77,0.0,0.9,336.0,60
7689,ATLANTIC SALMON PORTION ON CEDAR PLANK,Seafood,221.0,20.4,15.9,0.0,0.0,0.0,44.0,60
7690,ATLANTIC SALMON PORTION WITH MAPLE BACON RUB,Seafood,232.0,19.0,16.2,0.0,0.0,0.0,85.0,60
7691,ATLANTIC SALMON PORTIONS,Seafood,212.0,20.0,12.9,0.0,,,59.0,60
7692,ATLANTIC SALMON PORTIONS,Seafood,206.0,20.6,13.5,0.0,0.0,0.0,59.0,60
7693,ATLANTIC SALMON PORTIONS SKIN-ON BONELESS,Seafood,188.0,20.5,11.6,0.0,0.0,0.0,89.0,60
7694,"ATLANTIC SALMON PORTIONS WITH SWEET CHILI MARINADE, ATLANTIC WITH SWEET CHILI MARINADE",Seafood,180.0,17.2,10.9,5.47,0.8,4.7,148.0,60
7695,ATLANTIC SALMON PREMIUM SKIN-ON PORTIONS FROM NORWAY,Seafood,187.0,19.6,11.4,0.0,0.0,0.0,22.0,60
7696,ATLANTIC SALMON SALADS,Seafood,208.0,20.0,13.0,0.0,0.0,0.0,59.0,60
7697,ATLANTIC SALMON SIDE,Seafood,221.0,20.4,15.0,1.77,0.0,0.0,53.0,60
7698,ATLANTIC SALMON SIDE,Seafood,195.0,20.4,12.4,0.0,0.0,0.0,40.0,60
7699,ATLANTIC SALMON SKIN-ON PORTIONS,Seafood,223.0,20.5,16.1,0.0,0.0,0.0,98.0,60
7700,ATLANTIC SALMON SKINLESS PORTIONS,Seafood,223.0,20.5,16.1,0.0,0.0,0.0,98.0,60
7701,"ATLANTIC SALMON SKINLESS PORTIONS, ATLANTIC SALMON",Seafood,190.0,19.7,12.0,0.0,0.0,0.0,122.0,60
7702,ATLANTIC SALMON STEAKHOUSE,Seafood,246.0,17.6,19.0,2.11,0.0,0.7,359.0,60
7703,ATLANTIC SALMON WITH BBQ RUB ON A CEDAR PLANK,Seafood,218.0,19.7,14.1,1.41,0.0,1.41,282.0,60
7704,"ATLANTIC SALMON WITH BBQ SEASONING, SALMON WITH BBQ",Other,195.0,20.4,11.5,0.88,0.0,0.0,398.0,60
7705,"ATLANTIC SALMON WITH BOURBON BARREL MARINADE, BOURBON BARREL MARINADE",Seafood,225.0,19.7,13.4,4.93,0.0,3.5,380.0,60
7706,ATLANTIC SALMON WITH BOURBON MARINADE,Seafood,190.0,18.3,12.0,1.41,0.0,1.41,190.0,60
7707,ATLANTIC SALMON WITH CATALINA ISLAND SPICE RUB,Seafood,209.0,21.8,11.8,1.82,0.0,0.0,427.0,60
7708,"ATLANTIC SALMON WITH CRABMEAT STUFFING, CRABMEAT STUFFING",Seafood,235.0,17.1,15.9,6.47,0.0,1.2,335.0,60
7709,"ATLANTIC SALMON WITH CRABMEAT STUFFING, CRABMEAT STUFFING",Seafood,235.0,17.1,15.9,6.47,0.0,1.2,335.0,60
7710,"ATLANTIC SALMON WITH CRANBERRIES & GOAT CHEESE, CRANBERRIES & GOAT CHEESE",Dairy,229.0,19.4,13.5,7.06,2.4,0.59,153.0,60
7711,"ATLANTIC SALMON WITH CRANBERRIES & GOAT CHEESE, CRANBERRIES & GOAT CHEESE",Dairy,229.0,19.4,13.5,7.06,2.4,0.59,153.0,60
7712,ATLANTIC SALMON WITH GARLIC & HERBS,Seafood,183.0,19.7,10.6,0.0,0.0,0.0,165.0,60
7713,ATLANTIC SALMON WITH LEMON PEPPER RUB ON A CEDAR PLANK,Seafood,211.0,20.4,13.4,0.0,0.0,0.0,127.0,60
7715,"ATLANTIC SALMON WITH SEA SALT & MAPLE SPICES, SMOKY",Seafood,205.0,19.9,13.0,2.05,0.7,0.0,171.0,60
7716,"ATLANTIC SALMON WITH SPINACH & FETA CHEESE, SPINACH & FETA CHEESE",Dairy,188.0,16.5,12.4,1.76,0.6,1.18,247.0,60
7717,ATLANTIC SALMON WITH ZESTY ASIAN MARINADE ON A CEDAR PLANK,Seafood,211.0,18.3,12.7,4.93,0.0,2.82,352.0,60
7718,"ATLANTIC SALMON, ATLANTIC",Seafood,218.0,20.0,15.3,0.0,0.0,0.0,41.0,60
7719,"ATLANTIC SALMON, PEACH GLAZED",Seafood,215.0,19.7,13.4,2.11,0.0,2.11,134.0,60
7720,"ATLANTIC SALMON, SAVORY FUSION",Seafood,211.0,17.6,14.1,3.52,0.0,0.7,268.0,60
7721,"ATLANTIC SALMON, SWEET BOURBON",Seafood,197.0,16.9,12.7,4.23,0.0,2.1,155.0,60
7722,"ATLANTIC SHORES, ALL NATURAL CLAW PASTEURIZED CRABMEAT",Seafood,88.0,17.7,1.77,0.0,0.0,,292.0,60
7723,"ATLANTIC SHORES, JUMBO LUMP CRABMEAT",Seafood,88.0,17.7,1.77,0.0,0.0,,292.0,60
7724,"ATLANTIC SHORES, JUMBO LUMP CRABMEAT",Seafood,88.0,17.7,1.77,0.0,0.0,,292.0,60
7725,"ATLANTIC SHORES, THE BLUE CRAB LUMP CRABMEAT",Seafood,88.0,17.7,1.77,0.0,0.0,,292.0,60
7726,"ATLANTIC SHORES, TRUE BLUE CARB CLAW CRABMEAT",Seafood,88.0,17.7,1.77,0.0,0.0,,292.0,60
7727,"ATLANTIC SHORES, TRUE BLUE CRAB LUMP CRABMEAT",Seafood,88.0,17.7,1.77,0.0,0.0,,292.0,60
7728,ATLANTIC WHITE SHRIMP,Seafood,80.0,19.6,0.45,0.89,0.0,0.0,121.0,60
7729,ATUN ALETA AMARILLA,Other,179.0,40.2,1.96,0.0,0.0,0.0,427.0,60
7730,"AU JUS SLOW SIMMERED BEEF ROAST, AU JUS",Meat & Poultry,150.0,19.3,6.43,2.86,0.0,2.86,371.0,60
7731,"AU PAIN DORE, BREAD, RAISIN & APPLE",Grains,264.0,9.43,0.94,58.5,3.8,13.2,491.0,65
7732,"AU PAIN DORE, CRACKED WHEAT ARTISAN BREAD",Grains,262.0,9.23,3.08,52.3,4.6,1.54,446.0,60
7733,AUGUSTA'S ANTIPASTO,Other,105.0,3.51,7.02,8.77,3.5,3.51,263.0,65
7734,"AUNT HATTIE'S, WHEAT BREAD",Grains,269.0,11.5,3.85,50.0,3.8,7.69,481.0,70
7735,Aunt Jemima Corn Meal White 32 Ounce Paper Bag,Other,351.0,8.3,2.01,78.1,3.9,1.0,2.0,60
7736,Aunt Jemima Quick Grits 36.8 Ounce Paper Box,Grains,351.0,8.11,1.35,78.4,5.4,0.0,0.0,60
7737,Aunt Jemima Quick Grits 5 Pound Paper Box,Grains,351.0,8.11,1.35,78.4,5.4,0.0,0.0,60
7738,Aunt Jemima Quick Grits Smooth and Creamy 18.4 Ounce Box,Other,351.0,8.11,1.35,78.4,5.4,,0.0,60
7739,Aunt Jemima Whole Wheat Pancake & Waffle Mix 35 Ounce Box,Other,316.0,10.2,1.74,69.4,5.9,11.2,1520.0,60
7740,Aunt Jemima Yellow Corn Meal 32 Ounce Paper Bag,Other,347.0,7.71,1.67,79.0,4.2,0.95,3.0,60
7741,"AUNT MILLIE'S, BEST GRAIN, WHOLE GRAIN PREMIUM BREAD",Grains,289.0,11.1,4.44,51.1,4.4,6.67,444.0,70
7742,"AUNT MILLIE'S, BEST GRAINS, DAKOTA RYE",Other,275.0,10.0,2.5,52.5,5.0,5.0,475.0,60
7743,"AUNT MILLIE'S, BEST GRAINS, PREMIUM BREAD, INDIAN GRAIN",Grains,250.0,10.0,3.75,50.0,5.0,10.0,500.0,60
7744,"AUNT MILLIE'S, BEST GRAINS, WHOLE GRAIN BREAD",Grains,244.0,8.89,4.44,48.9,9.0,6.67,356.0,60
7745,"AUNT MILLIE'S, DELUXE HALF LOAF ENRICHED WHEAT BREAD",Grains,263.0,8.77,3.51,50.9,3.5,5.26,456.0,60
7746,"AUNT MILLIE'S, HEARTH, BREAD, INDIAN GRAIN",Grains,225.0,10.0,2.5,45.0,7.5,7.5,450.0,60
7747,"AURORA NATURAL CRANBERRY HEALTH MIX, 21 OZ",Snacks & Sweets,500.0,13.3,33.3,40.0,6.7,6.7,0.0,70
7748,"AURORA NATURAL, CAPTAIN'S TAVERN MIX",Snacks & Sweets,533.0,13.3,33.3,46.7,6.7,3.33,967.0,60
7749,"AURORA NATURAL, CRANBERRY HEALTH MIX",Snacks & Sweets,500.0,15.0,32.5,45.0,7.5,32.5,125.0,60
7750,"AURORA NATURAL, FOREST BOUNTY GRAIL MIX",Snacks & Sweets,442.0,12.5,22.5,57.5,5.0,35.0,38.0,60
7751,"AURORA NATURAL, NUTTY OATS SMOOTHIE FIXINS",Other,433.0,13.3,26.7,46.7,10.0,13.3,100.0,70
7752,"AURORA NATURAL, ROASTED SALTED CASHEWS",Snacks & Sweets,571.0,17.9,46.4,32.1,3.6,3.57,321.0,60
7753,"AURORA NATURALS, BARBECUE ALMONDS",Snacks & Sweets,607.0,17.9,46.4,25.0,14.3,7.14,679.0,60
7754,"AURORA NATURALS, HICKORY SMOKE ALMONDS",Snacks & Sweets,607.0,17.9,50.0,21.4,14.3,3.57,571.0,60
7755,AUSTIN'S NUTTY ALL-TERRAIN TRAIL MIXES,Snacks & Sweets,500.0,10.7,32.1,46.4,7.1,32.1,89.0,60
7756,"AUSTINUTS, DRY ROASTED SALTED PISTACHIOS IN SHELL",Snacks & Sweets,575.0,21.4,46.4,28.6,10.7,7.14,411.0,60
7757,"AUSTINUTS, SESAME SNACK MIX",Snacks & Sweets,529.0,21.4,35.7,39.3,7.1,0.0,761.0,60
7758,AUSTRALIS BARRAMUNDI,Seafood,80.0,20.4,0.88,0.0,0.0,0.0,35.0,60
7759,AUTENTICO SABOR ECUATORIANO,Other,180.0,20.0,10.0,0.0,0.0,0.0,460.0,60
7760,"AUTHENTIC 6 INCH TACO STYLE CORN TORTILLAS, TACO STYLE",Other,216.0,3.92,1.96,43.1,3.9,0.0,29.0,60
7761,"AUTHENTIC ARTISAN VEGAN CHORIZO, AUTHENTIC",Meat & Poultry,255.0,7.27,12.7,27.3,5.5,0.0,382.0,60
7762,AUTHENTIC AVOCADO SPREAD,Other,160.0,2.0,14.0,8.0,6.0,0.0,400.0,60
7763,AUTHENTIC AVOCADO SPREAD,Other,160.0,2.0,14.0,8.0,6.0,0.0,220.0,60
7764,"AUTHENTIC BAKED BAGEL CRISPS, ROASTED GARLIC",Snacks & Sweets,429.0,10.7,16.1,64.3,3.6,3.57,893.0,60
7765,"AUTHENTIC BAKED GARLIC PANETINI, GARLIC",Other,438.0,12.5,18.8,62.5,6.2,0.0,1000.0,60
7766,"AUTHENTIC BAKED GARLIC PARMESAN PANETINI, GARLIC; PARMESAN",Other,500.0,12.5,21.9,62.5,6.2,0.0,938.0,60
7767,AUTHENTIC BAKED ORIGINAL PANETINI,Other,500.0,12.5,18.8,62.5,6.2,0.0,562.0,60
7768,AUTHENTIC BLACK BEANS & RICE,Grains,339.0,12.5,1.79,69.6,8.9,1.79,1700.0,60
7769,"AUTHENTIC BLACK FLAVOR LOW FAT REFRIED BEANS, AUTHENTIC BLACK",Other,92.0,5.38,0.77,16.2,4.6,0.0,354.0,60
7770,"AUTHENTIC BLACK REFRIED BEANS, AUTHENTIC BLACK",Other,100.0,5.38,1.15,16.9,3.8,0.77,238.0,60
7771,"AUTHENTIC BLACK REFRIED BEANS, AUTHENTIC BLACK",Other,100.0,5.38,1.15,16.9,3.8,0.77,238.0,60
7772,AUTHENTIC BRIOCHE BURGER BUNS,Other,320.0,10.0,7.0,52.0,4.0,10.0,420.0,60
7773,"AUTHENTIC BRIOCHE BURGER BUNS, BRIOCHE",Other,340.0,10.0,8.0,56.0,4.0,12.0,340.0,60
7774,AUTHENTIC BRIOCHE DINNER ROLLS,Other,300.0,10.0,5.0,50.0,5.0,7.5,500.0,60
7775,"AUTHENTIC BRIOCHE DINNER ROLLS, AUTHENTIC BRIOCHE",Other,300.0,10.0,5.0,50.0,5.0,7.5,500.0,60
7776,"AUTHENTIC CHEESE FLAVORED POPCORN, WHITE CHEDDAR",Dairy,500.0,14.3,28.6,50.0,7.1,7.14,893.0,60
7777,"AUTHENTIC CHICAGO DEEP DISH PIZZA, KOSHER CHEESE",Dairy,199.0,10.3,8.09,21.3,0.7,0.74,228.0,65
7778,"AUTHENTIC CHICAGO STYLE DEEP DISH PIZZA, CHEESE",Dairy,321.0,11.6,11.6,42.0,2.7,1.79,402.0,60
7779,AUTHENTIC CHINESE NOODLES,Other,333.0,131.0,2.22,75.6,13.3,,122.0,70
7780,AUTHENTIC FLATBREADS NAAN CRISPS,Grains,429.0,10.7,16.1,64.3,3.6,7.14,679.0,60
7781,AUTHENTIC FLAVOR GUACAMOLE,Other,167.0,3.33,13.3,10.0,6.7,0.0,417.0,60
7782,AUTHENTIC FREEKEH,Other,333.0,13.3,2.22,75.6,13.3,0.0,22.0,70
7783,"AUTHENTIC FRENCH BRIOCHE HOT DOG BUNS, AUTHENTIC FRENCH BRIOCHE",Other,322.0,11.1,8.89,55.6,2.2,6.7,467.0,60
7784,AUTHENTIC FRENCH CINNAMON RAISIN BRIOCHE,Other,297.0,7.81,6.25,51.6,3.1,9.4,359.0,60
7785,"AUTHENTIC GERMAN EGG NOODLES, CORKSCREW",Other,364.0,12.7,1.82,70.9,3.6,3.64,18.0,70
7786,"AUTHENTIC GERMAN EGG NOODLES, SPAETZLE",Other,364.0,12.7,2.73,70.9,3.6,3.64,18.0,70
7787,"AUTHENTIC GERMAN EGG NOODLES, SPIRALS",Other,364.0,12.7,2.73,70.9,3.6,3.64,18.0,70
7788,AUTHENTIC GERMAN THIN SOUP EGG NOODLES,Other,364.0,12.7,1.82,70.9,3.6,3.64,18.0,70
7789,AUTHENTIC GREEK GUACAMOLE,Other,164.0,0.0,14.3,10.7,3.6,0.0,482.0,60
7790,"AUTHENTIC GREEK LEMON HUMMUS, LEMON",Other,329.0,7.14,28.6,14.3,7.1,0.0,393.0,60
7791,"AUTHENTIC GREEK ROASTED ZUCCHINI HUMMUS, AUTHENTIC GREEK",Other,211.0,7.14,16.1,10.7,3.6,3.57,446.0,60
7792,AUTHENTIC GUACAMOLE,Other,175.0,1.75,15.8,8.77,7.0,1.75,465.0,65
7793,AUTHENTIC GUACAMOLE,Other,123.0,1.75,10.5,7.02,5.3,1.75,202.0,65
7794,AUTHENTIC GUACAMOLE,Other,150.0,3.33,13.3,6.67,3.3,0.0,400.0,60
7795,AUTHENTIC GUACAMOLE SINGLES,Other,175.0,1.75,15.8,8.77,7.0,1.75,465.0,65
7796,"AUTHENTIC GUACAMOLE SQUEEZE, AUTHENTIC",Other,167.0,0.0,15.0,10.0,6.7,3.3,400.0,60
7797,"AUTHENTIC HANDMADE WOODFIRED PIZZA, SPINACH & GOAT CHEESE",Dairy,212.0,8.85,10.6,20.4,5.3,2.65,292.0,60
7798,AUTHENTIC HUNGARIAN CSIGA SPIRAL EGG  NOODLES,Other,400.0,14.0,5.0,76.0,2.0,0.0,30.0,60
7799,"AUTHENTIC HUNGARIAN CSIGA SPIRAL EGG NOODLES, AUTHENTIC HUNGARIAN",Other,400.0,14.0,5.0,76.0,2.0,0.0,30.0,60
7800,AUTHENTIC HUNGARIAN GRATED NOODLES,Other,400.0,14.0,5.0,76.0,2.0,0.0,30.0,60
7801,AUTHENTIC HUNGARIAN HOMEMADE BROAD LARGE SQUARE EGG NOODLES,Other,393.0,14.3,5.36,76.8,1.8,0.0,27.0,60
7802,AUTHENTIC HUNGARIAN SMALL SQUARE NOODLE FLAKES,Other,400.0,14.0,5.0,76.0,2.0,0.0,30.0,60
7803,AUTHENTIC INDIAN BLACK GRAM LENTILS CURRY DAL BUKHARA,Other,112.0,4.0,6.4,10.4,4.8,0.0,488.0,60
7804,AUTHENTIC INDIAN CHICK PEAS CURRY PINDI CHANA,Other,160.0,3.2,8.8,16.8,4.8,0.0,456.0,60
7805,AUTHENTIC ITALIAN LASAGNA,Other,181.0,13.6,8.84,12.0,0.8,3.21,414.0,60
7806,AUTHENTIC ITALIAN LASAGNA,Other,160.0,10.9,10.3,7.05,0.6,2.56,391.0,60
7807,AUTHENTIC ITALIAN LASAGNA,Other,173.0,11.5,8.98,11.5,0.9,3.41,424.0,60
7808,AUTHENTIC ITALIAN LASAGNA,Other,201.0,13.2,10.4,13.6,1.2,3.61,414.0,60
7809,AUTHENTIC ITALIAN PASTA,Grains,357.0,10.7,1.79,76.8,1.8,3.57,0.0,60
7810,AUTHENTIC ITALIAN PASTA,Grains,375.0,12.5,1.79,73.2,3.6,3.57,0.0,70
7811,AUTHENTIC ITALIAN PASTA BARILOTTI,Grains,357.0,10.7,1.79,76.8,1.8,3.57,0.0,60
7812,"AUTHENTIC MEXICAN SOUP, TOMATO & CHICKEN",Meat & Poultry,360.0,12.0,2.0,72.0,4.0,4.0,3480.0,60
7813,AUTHENTIC MEXICAN STYLE HOMINY,Vegetables,48.0,1.61,0.0,8.06,4.8,3.23,129.0,60
7814,"AUTHENTIC MEXICAN STYLE WHOLE GREEN CHILES, AUTHENTIC MEXICAN STYLE",Vegetables,0.0,0.0,0.0,3.33,3.3,0.0,383.0,60
7815,"AUTHENTIC ORANGE CHICKEN, ORANGE",Meat & Poultry,152.0,10.5,2.92,20.5,0.6,8.19,327.0,60
7816,AUTHENTIC PAPADUMS,Snacks & Sweets,250.0,20.0,0.0,40.0,20.0,0.0,1400.0,60
7817,"AUTHENTIC PITA, WHEAT",Other,241.0,7.59,6.33,39.2,3.8,0.0,392.0,60
7818,AUTHENTIC RECIPE MILD SPICE GUACAMOLE,Other,167.0,3.33,13.3,10.0,6.7,0.0,383.0,60
7819,AUTHENTIC RED BEANS & RICE,Grains,357.0,12.5,0.0,71.4,5.4,1.8,1230.0,60
7820,AUTHENTIC RED BEANS & RICE,Grains,339.0,12.5,1.79,71.4,7.1,3.57,1300.0,60
7821,AUTHENTIC REFRIED BEANS,Other,108.0,6.15,3.46,14.6,6.2,0.77,346.0,60
7822,"AUTHENTIC REFRIED BEANS, AUTHENTIC",Other,92.0,5.38,1.54,15.4,4.6,0.77,354.0,60
7823,"AUTHENTIC SOUR CREAM & ONION VEGGIE STICKS SNACKS, SOUR CREAM & ONION",Snacks & Sweets,500.0,3.57,28.6,64.3,3.6,3.57,64.0,60
7824,AUTHENTIC SOURDOUGH ROLLS,Other,265.0,12.2,0.0,57.1,2.0,2.04,459.0,60
7825,"AUTHENTIC STYLE FRESH GUACMOLE, BAJA",Other,140.0,1.75,12.3,8.77,5.3,1.75,316.0,65
7826,"AUTHENTIC STYLE ITALIAN SUB BRANDED DELUXE HAM, GENOA SALAMI, PEPPERONI & PICANTE PROVOLONE CHEESE, AUTHENTIC STYLE",Dairy,216.0,12.6,9.55,20.1,1.0,1.0,442.0,60
7827,AUTHENTIC SWEET & SOUR CHICKEN,Meat & Poultry,175.0,10.5,2.92,26.3,0.6,11.7,263.0,60
7828,"AUTHENTIC TAHINI ESSENTIAL, ORIGINAL",Other,614.0,21.4,50.0,21.4,7.1,0.0,79.0,60
7829,"AUTHENTIC TAQUERIA TORTILLA CHIPS, AUTHENTIC TAQUERIA",Snacks & Sweets,500.0,7.14,25.0,64.3,7.1,0.0,268.0,60
7830,"AUTHENTIC TERIYAKI CHICKEN, TERIYAKI",Meat & Poultry,175.0,11.1,3.51,23.4,0.6,11.1,485.0,60
7831,"AUTHENTIC THAI ICED BLACK TEA, AUTHENTIC THAI ICED",Other,429.0,28.6,0.0,85.7,0.0,0.0,143.0,60
7832,AUTHENTIC TRADITIONAL WHOLE WHEAT NAANS,Other,225.0,7.5,2.5,43.8,3.8,1.25,375.0,60
7833,AUTHENTIC WHITE CORN TORTILLAS,Other,220.0,4.0,3.0,46.0,4.0,0.0,340.0,60
7834,AUTHENTIC WHITE CORN TORTILLAS,Other,220.0,4.0,3.0,44.0,4.0,0.0,20.0,60
7835,AUTHENTIC WHITE CORN TORTILLAS,Other,220.0,4.0,3.0,44.0,4.0,0.0,20.0,60
7836,"AUTHENTIC WITH TERIYAKI FLAVOR SEAWEED SNACKS, TERIYAKI",Snacks & Sweets,540.0,20.0,40.0,40.0,20.0,20.0,400.0,60
7837,AUTHENTIC WONTON STRIPS,Other,500.0,14.3,28.6,57.1,0.0,0.0,429.0,60
7838,AUTHENTIC WONTON STRIPS,Other,500.0,14.3,28.6,57.1,0.0,0.0,429.0,60
7839,AUTHENTIC YELLOW CORN TORTILLAS,Other,220.0,4.0,3.0,44.0,4.0,0.0,340.0,60
7840,AUTHENTIC YELLOW CORN TORTILLAS,Other,220.0,4.0,3.0,44.0,4.0,0.0,340.0,60
7841,AUTUMN BLEND HEIRLOOM LENTILS,Vegetables,353.0,26.0,1.0,60.0,30.0,2.0,6.0,70
7842,"AUTUMN HARVEST TRAIL MIX, AUTUMN HARVEST",Snacks & Sweets,484.0,16.1,32.3,41.9,6.5,25.8,81.0,60
7843,AUTUMN LENTIL BLEND,Vegetables,343.0,25.7,0.0,62.9,11.4,2.86,0.0,70
7844,AUTUMN WHEAT BREAD,Grains,269.0,11.5,3.85,50.0,3.8,7.69,481.0,70
7845,"AUTUMN WHEAT ORGANIC WHOLE WHEAT BISCUITS CEREAL, AUTUMN WHEAT",Other,333.0,11.7,1.67,78.3,10.0,11.7,0.0,70
7846,Autumn's Gold Toasted Coconut Almond Grain Free Granola,Other,630.0,14.8,48.2,37.0,11.1,14.8,259.0,60
7847,"AVA'S PINE NUTS, 4 OZ",Snacks & Sweets,667.0,13.3,70.0,10.0,6.7,0.0,0.0,70
7848,"AVC CRANBERRY HIBISCUS CIDER VINEGAR DRINK MIX, AVC CRANBERRY HIBISCUS CIDER VINEGAR",Beverages,417.0,0.0,0.0,100.0,16.7,0.0,0.0,60
7849,AVENA INSTANT OATS,Other,375.0,12.5,6.25,67.5,10.0,0.0,0.0,70
7850,AVENA INSTANT OATS,Other,400.0,17.5,7.5,67.5,10.0,0.0,0.0,70
7851,AVENA WITH IRON INSTANT OATS,Other,382.0,14.7,7.35,67.6,6.0,0.0,0.0,70
7852,AVENGERS CHICKEN NUGGETS,Meat & Poultry,200.0,17.6,9.41,10.6,1.2,0.0,412.0,60
7853,"AVIV, ORGANIC CAKE MEAL WHOLE WHEAT",Snacks & Sweets,323.0,11.0,2.33,76.7,13.3,0.0,0.0,70
7854,"AVIV, ORGANIC MATZO FLAKES WHOLE WHEAT",Other,323.0,11.0,2.33,76.7,13.3,0.0,3.0,70
7855,"AVO VERDE GUACAMOLE AVOCADO WITH TOMATILLO SALSA, AVO VERDE",Other,167.0,0.0,11.7,6.67,3.3,3.33,333.0,60
7856,"AVOCADO & LIME TORTILLA CHIPS MIXTBAG, AVOCADO & LIME",Snacks & Sweets,464.0,7.14,21.4,60.7,7.1,3.57,393.0,60
7857,AVOCADO CHUNKS,Fruits,167.0,3.33,16.7,10.0,6.7,0.0,0.0,60
7858,AVOCADO CHUNKS,Vegetables,157.0,1.96,13.7,7.84,5.9,0.0,0.0,60
7859,AVOCADO CHUNKS,Vegetables,160.0,2.0,14.0,8.0,6.0,0.0,0.0,60
7860,AVOCADO CHUNKS,Fruits,160.0,6.0,14.0,8.0,6.0,0.0,20.0,60
7861,AVOCADO CHUNKS,Fruits,167.0,3.33,15.0,10.0,6.7,0.0,7.0,60
7862,AVOCADO CHUNKS,Fruits,150.0,3.33,13.3,6.67,6.7,0.0,0.0,60
7863,AVOCADO CHUNKS,Fruits,160.0,2.0,14.0,8.0,6.0,0.0,0.0,60
7864,"AVOCADO CHUNKS, AVOCADO",Vegetables,167.0,3.33,15.0,10.0,6.7,0.0,0.0,60
7865,"AVOCADO HOMMUS, AVOCADO",Other,250.0,7.14,17.9,14.3,3.6,0.0,375.0,60
7866,AVOCADO HUMMUS,Other,214.0,7.14,16.1,14.3,3.6,3.57,357.0,65
7867,"AVOCADO HUMMUS, AVOCADO",Other,250.0,7.14,17.9,14.3,3.6,3.57,375.0,60
7868,"AVOCADO HUMMUS, AVOCADO",Other,179.0,14.3,8.93,14.3,3.6,3.57,161.0,70
7869,"AVOCADO HUMMUS, AVOCADO",Other,250.0,7.14,17.9,14.3,3.6,3.57,429.0,60
7870,"AVOCADO LIME TORTILLA CHIPS, AVOCADO LIME",Snacks & Sweets,464.0,7.14,21.4,60.7,7.1,3.57,500.0,60
7871,"AVOCADO MASH WITH SEA SALT & BLACK PEPPER, SEA SALT & BLACK PEPPER",Other,161.0,1.79,14.3,8.93,7.1,0.0,393.0,60
7872,"AVOCADO MASH WITH SEA SALT & BLACK PEPPER, SEA SALT & BLACK PEPPER",Other,161.0,1.79,14.3,8.93,7.1,0.0,393.0,60
7873,"AVOCADO MASH WITH SEA SALT & BLACK PEPPER, SEA SALT & BLACK PEPPER",Other,161.0,1.79,14.3,8.93,7.1,0.0,393.0,60
7874,"AVOCADO OIL AIR POPPED SEA SALT POPCORN, AVOCADO OIL SEA SALT",Snacks & Sweets,500.0,10.0,23.3,63.3,10.0,0.0,467.0,60
7875,"AVOCADO OIL AIR POPPED SEA SALT POPCORN, AVOCADO OIL SEA SALT",Snacks & Sweets,500.0,10.0,23.3,63.3,10.0,0.0,467.0,60
7876,"AVOCADO OIL CANYON CUT KETTLE COOKED POTATO CHIPS, SEA SALT",Snacks & Sweets,500.0,7.14,25.0,60.7,3.6,0.0,429.0,65
7877,"AVOCADO OIL, HIMALAYAN SALT POTATO CHIPS, HIMALAYAN SALT",Snacks & Sweets,464.0,7.14,21.4,60.7,3.6,0.0,411.0,65
7878,"AVOCADO PESTO DIP, AVOCADO PESTO",Other,117.0,3.33,10.0,6.67,3.3,0.0,500.0,60
7879,"AVOCADO RANCH CASHEW & ALMOND DIP, AVOCADO RANCH",Other,321.0,7.14,25.0,10.7,3.6,3.6,446.0,60
7880,"AVOCADO RANCH MINI TORTILLA CHIPS, AVOCADO RANCH",Snacks & Sweets,500.0,7.14,25.0,67.9,3.6,3.57,482.0,60
7881,"AVOCADO RANCH SALAD, AVOCADO RANCH",Other,196.0,4.9,14.7,11.9,3.5,4.9,224.0,65
7882,"AVOCADO REGULAR ROLL WR, AVOCADO REGULAR",Other,166.0,2.86,5.14,28.6,3.4,5.14,331.0,60
7883,AVOCADO SALSA,Other,62.0,0.0,6.25,6.25,3.1,3.12,500.0,60
7884,"AVOCADO SALSA MINI CUPS, AVOCADO",Other,88.0,1.75,7.02,7.02,3.5,1.75,439.0,60
7885,"AVOCADO SALSA WITH FRESH TOMATILLOS, AVOCADO",Other,62.0,0.0,4.69,6.25,3.1,0.0,500.0,60
7886,"AVOCADO SALSA, AVOCADO",Other,155.0,3.45,13.8,3.45,3.4,0.0,466.0,60
7887,"AVOCADO SALSA, AVOCADO",Other,83.0,0.0,6.67,6.67,3.3,3.33,433.0,60
7888,"AVOCADO SALSA, AVOCADO",Other,62.0,0.0,4.69,6.25,3.1,3.12,,60
7889,"AVOCADO SALSA, AVOCADO",Other,83.0,0.0,6.67,6.67,3.3,3.33,433.0,60
7890,"AVOCADO SALSA, AVOCADO",Other,100.0,0.0,8.33,6.67,3.3,0.0,400.0,60
7891,"AVOCADO SALSA, AVOCADO",Other,83.0,0.0,6.67,6.67,3.3,3.33,383.0,60
7892,AVOCADO SAUCE,Other,47.0,3.33,1.67,6.67,3.3,3.33,500.0,65
7893,AVOCADO SAUCE,Other,83.0,1.67,7.5,6.67,3.3,1.67,317.0,60
7894,"AVOCADO TOAST AVOCADO SPREAD WITH CRISPY WHOLE GRAIN TOAST, AVOCADO TOAST",Other,250.0,5.26,17.1,22.4,6.6,1.3,461.0,60
7895,"AVOCADO TOAST ULTIMATE EVERYTHING CRUNCHY, BAKED RICE CRACKERS",Grains,433.0,6.67,10.0,76.7,3.3,0.0,367.0,60
7896,"AVOCADO VERDE GUACAMOLE, AVOCADO VERDE",Other,167.0,0.0,16.7,6.67,3.3,0.0,267.0,60
7897,AVOCADO VERDE MINIS,Other,140.0,1.75,10.5,8.77,3.5,0.0,351.0,60
7898,AVOCADO VERDE MINIS,Other,140.0,1.75,10.5,8.77,3.5,0.0,351.0,60
7899,"AVOCADO VERDE SALSA, MILD",Other,71.0,0.0,3.57,7.14,3.6,3.57,464.0,65
7900,"AVOCADO VINAIGRETTE GRAIN BOWL, AVOCADO VINAIGRETTE",Other,129.0,4.08,5.02,16.6,3.4,0.6,458.0,60
7901,"AVOCADO WITH FIRE ROASTED TOMATILLOS MEDIUM SALSA, AVOCADO WITH FIRE ROASTED TOMATILLOS",Other,67.0,0.0,3.33,6.67,3.3,3.33,450.0,65
7902,"AVOCADO WRAPS TORTILLA, AVOCADO",Other,263.0,15.8,7.89,39.5,15.8,2.63,526.0,60
7903,"AVOCADO, CILANTRO & LIME FLAVOR CRACKERS, AVOCADO, CILANTRO & LIME",Other,429.0,10.7,14.3,71.4,10.7,3.6,536.0,60
7904,"AVOCADO, CILANTRO & LIME FLAVOUR CRACKERS, AVOCADO, CILANTRO & LIME",Snacks & Sweets,421.0,10.5,13.2,68.4,10.5,0.0,526.0,60
7905,AVOCADOS,Fruits,167.0,3.33,15.0,10.0,6.7,0.0,0.0,65
7906,AVOCADOS,Fruits,167.0,3.33,15.0,10.0,6.7,0.0,0.0,65
7907,AWESOME ASIAN SALAD TOPPER,Other,378.0,12.5,20.0,40.0,7.5,22.5,62.0,60
7908,"AWESOME BURGER, AWESOME",Meat & Poultry,230.0,23.0,13.3,7.96,5.3,0.88,354.0,60
7909,"AWESOME FOODS, HOT & SPICY KALE CHIPS",Snacks & Sweets,536.0,17.9,42.9,32.1,10.7,7.14,214.0,65
7910,"AWESOME FOODS, KALE KRACKERS",Other,643.0,21.4,46.4,32.1,14.3,7.14,411.0,65
7911,"AWESOME FOODS, PISTACHIOS STICK",Snacks & Sweets,873.0,36.6,70.4,39.4,5.6,8.45,113.0,60
7912,"AWESOME FOODS, POPPADOMS",Snacks & Sweets,500.0,21.4,21.4,50.0,25.0,0.0,411.0,70
7913,"AWESOME FOODS, ZUCCHINI TEMPURAW",Snacks & Sweets,446.0,17.9,28.6,32.1,7.1,10.7,89.0,65
7914,"AWREY'S BAKERY, WRAP MIX",Other,358.0,5.97,2.99,79.1,6.0,7.46,45.0,60
7915,Ayam Brand Mackerel in Tomato Sauce 425g,Meat & Poultry,156.0,12.6,11.6,1.82,,1.82,255.0,60
7916,Ayam Brand Sardines in Tomato Sauce 215g,Meat & Poultry,133.0,13.3,8.36,1.82,,0.0,373.0,60
7917,"AYAM BRAND, SARDINES IN SPICY TOMATO SAUCE, CHILI AND LIME",Seafood,143.0,17.9,7.14,1.79,0.0,1.79,411.0,60
7918,"AYAM, MEDIUM THAI SATAY SAUCE, LEMONGRASS AND TAMARIND",Other,224.0,7.06,11.8,21.2,3.5,9.41,282.0,60
7919,"AZTEC BLEND COLUSARI RED RICE COMBINED WITH LONG GRAIN BROWN RICE, MULTI-COLORED SPLIT PEAS AND ANCIENT AMARANTH GRAINS, AZTEC BLEND",Grains,356.0,11.1,2.22,73.3,4.4,0.0,0.0,70
7920,"AZTEC ENSALADA WILD TUNA, RED BEANS, SUCCULENT CORN, SWEET RED PEPPERS, CHOPPED ONION",Other,217.0,11.7,13.3,12.5,2.5,0.83,275.0,60
7921,"AZTEC HOT CEREAL, BLUEBERRY + BANANA",Other,345.0,12.7,4.55,69.1,12.7,9.09,73.0,70
7922,"AZTEC HOT CEREAL, ORIGINAL",Other,345.0,12.7,4.55,69.1,12.7,7.27,82.0,70
7923,"AZTEC VANILLA FLAVOR PALEO PROTEIN POWDER, AZTEC VANILLA",Other,400.0,86.7,3.33,3.33,3.3,0.0,300.0,70
7924,"AZTEC VANILLA GRASS-FED BONE BROTH COLLAGEN WITH TURMERIC ROOT, AZTEC VANILLA",Other,361.0,88.9,5.56,0.0,5.6,0.0,0.0,70
7925,"AZUL INSTANT BLUE CORN MASA FLOUR TORTILLAS, AZUL",Other,367.0,6.67,5.0,73.3,6.7,0.0,0.0,60
7926,"B&M, BAKED BEANS WITH MOLASSES, PORK & SPICES, ORIGINAL",Meat & Poultry,122.0,6.11,0.76,26.7,6.1,8.4,298.0,60
7927,"B&M, BAKED BEANS, ORIGINAL, WITH MOLASSES, PORK & SPICES",Meat & Poultry,122.0,5.34,0.76,23.7,6.1,6.87,298.0,60
7928,"B-52 BOMBER CHICKEN WINGS, HOT & SPICY",Meat & Poultry,188.0,15.2,13.4,0.89,0.0,0.0,357.0,60
7929,B-STRONG PLANT-BASED PROTEIN SHAKE VIVA-NILLA,Other,370.0,59.3,7.41,22.2,11.1,11.1,556.0,60
7930,B/IN RIB EYE STK CH 16 OZ,Meat & Poultry,188.0,19.6,11.6,0.0,0.0,0.0,89.0,60
7931,"B4Y, QUICK COOKING STEEL CUT OATS",Other,375.0,12.5,6.25,67.5,5.0,2.5,0.0,70
7932,BAB GHANOUGE,Other,175.0,4.29,13.6,11.8,3.9,2.5,229.0,60
7933,"BABA FOODS, HUMMUS",Other,179.0,7.14,7.14,21.4,7.1,3.57,464.0,60
7934,"BABA FOODS, HUMMUS AVOCADO & CILANTRO",Other,214.0,7.14,12.5,21.4,7.1,3.57,464.0,60
7935,"BABA FOODS, ORGANIC HUMMUS",Other,179.0,7.14,7.14,21.4,7.1,3.57,464.0,60
7936,"BABA FOODS, SPICY BLACK BEAN HUMMUS",Other,179.0,7.14,7.14,17.9,7.1,3.57,464.0,60
7937,BABA GANNOUSH,Other,179.0,3.57,14.3,10.7,3.6,,411.0,60
7938,BABA GHANNOUJ,Other,161.0,3.57,10.7,14.3,3.6,0.0,339.0,60
7939,BABA GHANNOUJ EGG PLANT DIP,Other,154.0,7.69,7.69,15.4,7.7,0.0,192.0,60
7940,"BABA GHANNOUJ EGGPLANT DIP, BABA GHANNOUJ EGGPLANT",Other,133.0,3.33,8.33,10.0,3.3,0.0,267.0,60
7941,"BABA GHANNOUJ ROASTED EGGPLANT DIP, BABA GHANNOUJ",Other,125.0,3.57,0.0,10.7,3.6,3.57,500.0,60
7942,BABA GHANOUG ROASTED EGGPLANT,Other,123.0,3.52,10.6,3.52,3.5,0.0,282.0,60
7943,BABA GHANOUJ,Other,82.0,3.57,3.57,7.14,3.6,0.0,161.0,60
7944,"BABA GHANOUSH EGGPLANT DIP, BABA GHANOUSH",Other,100.0,10.7,21.4,14.3,3.6,0.0,411000.0,60
7945,BABAGHANNOUJ,Other,161.0,7.14,10.7,14.3,7.1,2.5,379.0,60
7946,BABY ARTICHOKE HEARTS,Vegetables,31.0,2.5,0.0,7.5,3.8,2.5,300.0,60
7947,BABY BACK PORK RIBS,Meat & Poultry,207.0,13.6,9.29,16.4,0.0,14.3,364.0,60
7948,"BABY BACK PORK RIBS IN SWEET & SMOKY BBQ SAUCE, SWEET & SMOKY BBQ SAUCE",Meat & Poultry,193.0,12.1,10.0,14.3,0.7,11.4,450.0,60
7949,BABY BACK PORK RIBS WITH BARBEQUE SAUCE,Meat & Poultry,207.0,12.9,14.3,7.14,0.0,5.0,379.0,60
7950,BABY BACK PORK RIBS WITH BBQ SAUCE,Meat & Poultry,229.0,14.3,11.4,10.7,0.0,7.14,429.0,60
7951,"BABY BACK PORK RIBS WITH SWEET AND SMOKY BBQ SAUCE, SWEET AND SMOKY",Meat & Poultry,200.0,12.9,10.0,14.3,0.0,10.0,471.0,60
7952,"BABY BACK PORK RIBS, BBQ",Meat & Poultry,236.0,16.4,12.1,13.6,0.0,11.4,400.0,60
7953,"BABY BACK PORK RIBS, BROWN SUGAR, APPLE CIDER",Meat & Poultry,214.0,15.0,10.7,14.3,0.0,12.1,321.0,60
7954,"BABY BACK RIB, SWEET MOONSHINE BBQ SAUCE",Other,264.0,15.7,14.3,16.4,0.0,15.0,343.0,60
7955,BABY BACK RIBS,Meat & Poultry,170.0,18.8,9.82,0.0,0.0,0.0,94.0,60
7956,BABY BACK RIBS,Other,186.0,16.4,10.0,7.86,0.7,6.43,400.0,60
7957,"BABY BACK RIBS POTATO SKINS SNACKS, BABY BACK RIBS",Snacks & Sweets,493.0,3.52,28.2,52.8,3.5,3.52,387.0,65
7958,"BABY BACK RIBS POTATO SKINS, BABY BACK RIBS",Snacks & Sweets,493.0,3.52,28.2,56.3,3.5,7.04,387.0,65
7959,"BABY BACK RIBS WITH BARBEQUE SAUCE, BARBEQUE SAUCE",Other,250.0,13.4,11.6,10.7,,10.7,307.0,60
7960,"BABY BACK RIBS WITH SWEET CAROLINA SAUCE, SWEET CAROLINA SAUCE",Other,229.0,14.3,11.4,10.7,0.0,7.14,429.0,60
7961,"BABY BACK RIBS WITH SWEET CAROLINA SAUCE, SWEET CAROLINA SAUCE",Other,229.0,14.3,11.4,10.7,0.0,7.14,429.0,60
7962,BABY BEANS ALMONDINE,Other,100.0,2.73,7.27,8.18,3.6,2.73,95.0,65
7963,BABY BEANS ALMONDINE,Fruits,100.0,2.73,7.27,8.18,3.6,2.73,95.0,65
7964,BABY BROCCOLI BLEND,Vegetables,74.0,4.26,1.6,10.6,3.2,3.19,27.0,60
7965,BABY BROCCOLI FLORETS,Vegetables,35.0,2.35,0.0,4.71,3.5,0.0,24.0,60
7966,BABY BRUSSELS SPROUTS,Fruits,41.0,3.53,0.0,9.41,3.5,0.0,24.0,60
7967,BABY BRUSSELS SPROUTS,Vegetables,41.0,3.53,0.0,8.24,3.5,0.0,12.0,60
7968,BABY BRUSSELS SPROUTS,Vegetables,53.0,3.53,0.0,9.41,3.5,2.35,18.0,65
7969,BABY BRUSSELS SPROUTS,Vegetables,41.0,3.53,0.0,8.24,3.5,2.35,18.0,60
7970,BABY BRUSSELS SPROUTS,Vegetables,53.0,3.53,0.0,9.41,3.5,2.35,18.0,65
7971,BABY BRUSSELS SPROUTS,Fruits,48.0,2.38,0.6,7.14,3.6,2.38,30.0,65
7972,BABY BRUSSELS SPROUTS,Vegetables,41.0,3.53,0.0,8.24,3.5,0.0,12.0,60
7973,"BABY BRUSSELS SPROUTS IN BUTTER SAUCE FARM SNACKS, BUTTER SAUCE",Vegetables,63.0,3.15,1.18,8.66,3.1,2.36,91.0,65
7974,"BABY BRUSSELS SPROUTS, FARM FAVORITES FROZEN VEGETABLES",Vegetables,59.0,0.0,0.0,10.6,3.5,0.0,24.0,60
7975,"BABY BUTTER BEANS, BABY BUTTER",Other,101.0,6.2,0.0,19.4,4.7,0.78,202.0,60
7976,BABY CARROTS,Fruits,35.0,1.18,0.0,8.24,3.5,4.71,76.0,60
7977,"BABY CARROTS, HUMMUS, BROCCOLI AND MINI COCKTAIL FLATBREAD",Grains,121.0,5.45,4.24,18.2,3.6,,200.0,60
7978,BABY CAULETTI,Fruits,24.0,3.53,0.0,4.71,3.5,3.53,18.0,60
7979,BABY CLAMS,Seafood,89.0,16.1,1.79,3.57,0.0,0.0,446.0,60
7980,BABY CUT CARROTS,Fruits,35.0,1.18,0.0,8.24,3.5,4.71,76.0,60
7981,BABY CUT CARROTS,Fruits,35.0,1.18,0.0,8.24,3.5,4.71,76.0,60
7982,BABY CUT CARROTS,Fruits,35.0,1.18,0.0,8.24,3.5,4.71,76.0,60
7983,BABY KALE,Fruits,47.0,4.71,1.18,8.24,3.5,2.35,35.0,65
7984,BABY KALE,Fruits,49.0,4.23,1.06,8.45,3.5,2.11,39.0,60
7985,BABY KALE,Fruits,47.0,4.71,1.18,8.24,3.5,2.35,35.0,60
7986,BABY KALE FRESH GREENS,Fruits,47.0,4.71,1.18,8.24,3.5,2.35,35.0,65
7987,"BABY KALE POWER UP GREENS, BABY KALE",Fruits,29.0,3.53,0.0,3.53,3.5,0.0,59.0,65
7988,"BABY LEAF SPINACH, FARM FAVORITES FROZEN VEGETABLES",Vegetables,37.0,3.7,0.0,4.94,3.7,0.0,117.0,60
7990,BABY LIMA BEANS,Vegetables,106.0,7.06,0.0,20.0,5.9,1.18,29.0,60
7991,BABY LIMA BEANS,Vegetables,229.0,18.8,1.04,62.5,27.1,2.08,42.0,70
7992,BABY LIMA BEANS,Vegetables,333.0,21.6,0.0,62.8,21.6,7.84,10.0,70
7993,BABY LIMA BEANS,Vegetables,118.0,7.06,0.0,23.5,9.4,2.35,94.0,65
7994,BABY LIMA BEANS,Vegetables,108.0,7.23,0.0,19.3,6.0,1.2,30.0,60
7995,BABY LIMA BEANS,Other,133.0,7.23,0.0,24.1,7.2,1.2,139.0,60
7996,BABY LIMA BEANS,Vegetables,333.0,21.6,0.0,62.8,21.6,7.84,10.0,70
7997,BABY LIMA BEANS,Vegetables,120.0,6.02,0.0,24.1,7.2,1.2,96.0,60
7998,BABY LIMA BEANS,Vegetables,120.0,6.02,0.0,24.1,7.2,1.2,96.0,60
7999,BABY LIMA BEANS,Vegetables,129.0,7.06,0.0,23.5,8.2,1.18,0.0,60
8000,BABY LIMA BEANS,Vegetables,343.0,20.0,0.0,62.9,20.0,8.57,0.0,70
8001,BABY LIMA BEANS,Vegetables,229.0,20.0,1.43,62.9,28.6,0.0,14.0,70
8002,BABY LIMA BEANS,Vegetables,133.0,7.23,0.0,24.1,6.0,2.41,289.0,65
8003,BABY LIMA BEANS,Other,70.0,2.33,0.0,14.7,3.1,0.78,271.0,60
8004,BABY LIMA BEANS,Vegetables,229.0,20.0,1.43,62.9,28.6,2.86,14.0,70
8005,BABY LIMA BEANS,Vegetables,141.0,7.06,0.0,27.1,7.1,2.35,18.0,60
8006,BABY LIMA BEANS,Vegetables,229.0,20.0,1.43,62.9,28.6,2.86,14.0,70
8007,BABY LIMA BEANS,Vegetables,229.0,20.0,1.43,62.9,28.6,2.86,14.0,70
8008,BABY LIMA BEANS,Vegetables,129.0,7.06,0.0,24.7,5.9,0.0,53.0,60
8009,BABY LIMA BEANS,Vegetables,327.0,20.4,0.0,63.3,20.4,8.16,10.0,70
8010,BABY LIMA BEANS,Vegetables,133.0,7.23,0.0,24.1,6.0,2.41,289.0,65
8011,BABY LIMA BEANS,Vegetables,106.0,7.06,0.0,20.0,5.9,1.18,29.0,60
8012,BABY LIMA BEANS,Vegetables,129.0,7.06,0.0,23.5,8.2,1.18,0.0,60
8013,BABY LIMA BEANS,Vegetables,229.0,20.0,1.43,62.9,28.6,2.86,14.0,70
8014,BABY LIMA BEANS,Vegetables,189.0,21.6,0.0,62.2,40.5,2.7,41.0,70
8015,BABY LIMA BEANS,Vegetables,133.0,7.23,0.0,24.1,6.0,2.41,289.0,65
8016,BABY LIMA BEANS,Vegetables,129.0,7.06,0.0,24.7,5.9,0.0,53.0,60
8017,BABY LIMA BEANS,Vegetables,120.0,6.02,0.0,24.1,7.2,1.2,96.0,60
8018,BABY LIMA BEANS,Vegetables,326.0,20.9,0.0,62.8,20.9,9.3,12.0,70
8019,BABY LIMA BEANS,Vegetables,108.0,7.23,0.0,19.3,6.0,1.2,30.0,60
8020,BABY LIMA BEANS,Fruits,106.0,7.06,0.0,20.0,5.9,0.0,29.0,60
8021,BABY LIMA BEANS,Vegetables,108.0,7.23,0.0,19.3,6.0,1.2,30.0,60
8022,BABY LIMA BEANS,Vegetables,128.0,7.69,0.0,24.4,5.1,2.56,295.0,60
8023,BABY LIMA BEANS,Vegetables,133.0,7.23,0.0,24.1,6.0,2.41,0.0,65
8024,BABY LIMA BEANS,Vegetables,133.0,7.23,0.6,25.3,6.0,1.2,6.0,60
8025,BABY LIMA BEANS,Vegetables,133.0,7.23,0.6,25.3,6.0,1.2,6.0,60
8026,BABY LIMA BEANS,Vegetables,343.0,20.0,0.0,62.9,20.0,8.57,0.0,70
8027,BABY LIMA BEANS,Vegetables,129.0,7.06,0.0,23.5,8.2,1.18,0.0,60
8028,BABY LIMA BEANS,Vegetables,108.0,7.23,0.0,19.3,6.0,1.2,30.0,60
8029,BABY LIMA BEANS,Vegetables,106.0,5.88,0.0,18.8,5.9,1.18,12.0,60
8030,BABY LIMA BEANS,Vegetables,108.0,5.41,0.0,18.9,4.1,0.0,162.0,60
8031,BABY LIMA BEANS,Vegetables,133.0,7.23,0.0,24.1,6.0,2.41,72.0,65
8032,BABY LIMA BEANS,Vegetables,106.0,7.06,0.0,20.0,5.9,1.18,29.0,60
8033,BABY LIMA BEANS,Vegetables,133.0,7.23,0.0,26.5,6.0,2.41,289.0,65
8034,BABY LIMA BEANS,Vegetables,120.0,6.02,0.0,24.1,7.2,1.2,96.0,60
8035,BABY LIMA BEANS,Vegetables,189.0,21.6,0.0,62.2,40.5,2.7,41.0,70
8036,BABY LIMA BEANS,Vegetables,129.0,7.06,0.0,24.7,5.9,1.18,53.0,60
8037,BABY LIMA BEANS,Vegetables,333.0,21.6,0.0,62.8,21.6,7.84,10.0,70
8038,BABY LIMA BEANS,Vegetables,229.0,20.0,1.43,62.9,28.6,2.86,14.0,70
8039,BABY LIMA BEANS,Vegetables,129.0,7.06,0.0,24.7,5.9,1.18,53.0,60
8041,BABY LIMA BEANS,Vegetables,229.0,37.1,1.43,62.9,25.7,2.86,14.0,70
8042,BABY LIMA BEANS,Vegetables,133.0,7.23,0.0,24.1,6.0,2.41,0.0,65
8043,BABY LIMA BEANS,Vegetables,333.0,21.6,0.0,62.8,21.6,0.0,10.0,70
8044,BABY LIMA BEANS,Vegetables,133.0,7.23,0.6,25.3,6.0,0.0,6.0,60
8045,BABY LIMA BEANS,Vegetables,129.0,7.06,0.0,24.7,5.9,1.18,53.0,60
8046,"BABY LIMA BEANS, BABY LIMA",Vegetables,133.0,7.23,0.0,24.1,6.0,2.41,30.0,60
8047,"BABY LIMA BEANS, BABY LIMA",Vegetables,257.0,20.0,0.0,62.9,20.0,8.57,0.0,70
8048,"BABY LIMA BEANS, BABY LIMA",Vegetables,120.0,6.02,0.0,24.1,7.2,1.2,96.0,60
8049,"BABY LIMA BEANS, BABY LIMA",Vegetables,333.0,21.6,0.98,62.8,21.6,7.84,10.0,70
8050,"BABY LIMA BEANS, BABY LIMA",Vegetables,229.0,20.0,1.43,62.9,28.6,2.86,14.0,70
8051,"BABY LIMA BEANS, BABY LIMA",Vegetables,129.0,7.06,0.0,24.7,5.9,0.0,53.0,60
8052,"BABY LIMA BEANS, BABY LIMA",Vegetables,120.0,6.02,0.0,24.1,7.2,1.2,96.0,60
8053,"BABY LIMA BEANS, BABY LIMA",Vegetables,133.0,7.23,0.0,24.1,6.0,2.41,72.0,65
8054,"BABY LIMA BEANS, BABY LIMA",Vegetables,229.0,20.0,1.43,62.9,28.6,0.0,14.0,70
8055,"BABY LIMA BEANS, BABY LIMA",Vegetables,108.0,7.23,0.6,20.5,4.8,0.0,6.0,60
8056,"BABY LIMA BEANS, BABY LIMA",Vegetables,343.0,20.0,0.0,62.9,20.0,8.57,0.0,70
8057,"BABY LIMA BEANS, CLASSIC",Vegetables,133.0,7.23,0.0,24.1,6.0,2.41,72.0,60
8058,"BABY LIMA STEAM-IN-BAG BEANS, BABY LIMA",Vegetables,118.0,7.06,0.59,20.0,4.7,0.0,6.0,65
8059,BABY LIMAS,Vegetables,300.0,18.0,1.3,66.0,14.0,2.0,20.0,70
8060,BABY LIME BEANS,Vegetables,106.0,7.06,0.0,20.0,5.9,1.18,29.0,60
8061,BABY LIME BEANS,Vegetables,141.0,7.06,0.0,27.1,7.1,2.35,18.0,65
8062,BABY OCTOPUS,Seafood,53.0,10.6,0.88,0.0,0.0,,345.0,60
8063,BABY OCTOPUS VULGARIS,Seafood,164.0,30.0,2.0,4.0,0.0,0.0,460.0,60
8064,BABY OKRA,Vegetables,28.0,2.0,0.8,6.0,7.0,0.0,0.0,60
8065,"BABY REDS ROASTED GARLIC & PARMESAN MASHED POTATOES MADE WITH RED & RUSSET POTATOES WITH SKINS, BABY REDS ROASTED GARLIC & PARMESAN",Other,379.0,10.3,8.62,69.0,3.4,3.4,2000.0,60
8066,"BABY REDS ROASTED GARLIC & PARMESAN MASHED POTATOES MADE WITH RED & RUSSET POTATOES WITH SKINS, BABY REDS ROASTED GARLIC & PARMESAN",Other,379.0,10.3,8.62,69.0,3.4,3.4,2000.0,60
8067,"BABY REDS SOUR CREAM & CHIVES MASHED POTATOES RED & RUSSET POTATOES WITH SKINS, BABY REDS SOUR CREAM & CHIVES",Other,379.0,10.3,6.9,72.4,3.4,3.45,1900.0,60
8068,BABY SCALLOPS,Seafood,124.0,24.8,0.88,4.42,0.0,0.0,265.0,60
8069,BABY SHELLS #52 PASTA,Grains,357.0,10.7,0.89,75.0,3.6,0.0,0.0,70
8070,BABY SPINACH AND SPRING MIX,Fruits,12.0,2.35,0.0,5.88,4.7,0.0,76.0,65
8071,BABY SPINACH SPRING MIX,Fruits,12.0,2.35,0.0,5.88,4.7,0.0,76.0,65
8072,"BABY SPINACH TOPPED WITH ORGANIC MOZZARELLA, AGED CHEESE, BABY SPINACH AND CHERRY TOMATOES ORGANIC AUTHENTIC ITALIAN THIN CRUST PIZZA, BABY SPINACH",Dairy,204.0,9.68,6.45,25.3,3.2,2.69,398.0,60
8073,BABY SWEET PEAS,Vegetables,80.0,4.6,0.0,13.8,4.6,4.6,0.0,60
8074,BABY SWEET PEAS,Vegetables,80.0,4.6,0.0,13.8,4.6,4.6,0.0,60
8075,BABY TENDER ARTICHOKE HEARTS IN WATER,Other,375.0,25.0,0.0,50.0,25.0,12.5,3060.0,60
8076,BABY-CUT CARROT SNACK PACKS,Fruits,35.0,1.18,0.0,8.24,3.5,0.0,76.0,60
8077,BABY-CUT CARROTS,Fruits,35.0,1.18,0.0,8.24,3.5,0.0,76.0,60
8078,BABY-CUT CARROTS,Fruits,35.0,1.18,0.0,8.24,3.5,0.0,76.0,60
8079,BABY-CUT CARROTS,Fruits,35.0,1.18,0.0,8.24,3.5,0.0,76.0,60
8080,BABY-CUT CARROTS,Fruits,35.0,1.18,0.0,8.24,3.5,0.0,76.0,60
8081,BAC'N BUDS,Other,429.0,42.9,14.3,28.6,14.3,14.3,786.0,60
8082,"BAC'N BUDS CHIPS, BACON",Snacks & Sweets,429.0,42.9,14.3,28.6,14.3,0.0,1860.0,60
8083,"BACHMAN, BRICK OVEN FLAME BAKED PRETZELS TWIST, ORIGINAL",Snacks & Sweets,357.0,10.7,3.57,78.6,3.6,3.57,1570.0,60
8084,"BACHMAN, BUTTER TWIST FLAME-BAKED PRETZELS",Snacks & Sweets,357.0,10.7,3.57,78.6,3.6,3.57,1570.0,60
8085,"BACHMAN, FLAME BAKED NUTZELS PRETZELS",Snacks & Sweets,393.0,10.7,3.57,82.1,3.6,3.57,1250.0,60
8086,"BACHMAN, MULTI GRAIN TORTILLA CHIPS",Snacks & Sweets,536.0,7.14,28.6,57.1,10.7,3.57,268.0,60
8087,"BACHMAN, PRETZEL RODS",Snacks & Sweets,390.0,11.1,2.78,77.9,3.7,1.86,1210.0,60
8088,"BACHMAN, SWEET POTATO TORTILLA CHIPS",Snacks & Sweets,500.0,7.14,25.0,64.3,7.1,7.14,268.0,60
8089,"BACHMAN, THIN'N RIGHT, CRISPY, CANDY, GREAT TASTING BAKED PRETZELS",Snacks & Sweets,393.0,7.14,3.57,78.6,3.6,3.57,321.0,60
8090,BACK COUNTRY MIX,Snacks & Sweets,476.0,11.9,23.8,40.5,4.8,26.2,190.0,60
8091,"BACK TO NATURE, ANCIENT GRAIN & CHIA FLAKES WITH CALIFORNIA RAISINS",Other,364.0,10.9,2.73,78.2,10.9,23.6,209.0,60
8092,"BACK TO NATURE, ANCIENT GRAIN FLAKES WITH HONEY VANILLA AMARANTH CLUSTERS",Other,382.0,10.9,2.73,80.0,9.1,18.2,245.0,60
8093,"BACK TO NATURE, CALIFORNIA ALMONDS",Snacks & Sweets,567.0,20.0,50.0,20.0,13.3,3.33,0.0,70
8094,"BACK TO NATURE, CALIFORNIA ALMONDS, SEA SALT, SEA SALT",Snacks & Sweets,600.0,20.0,53.3,20.0,10.0,3.33,283.0,70
8095,"BACK TO NATURE, CALIFORNIA COAST TRAIL MIX",Snacks & Sweets,500.0,13.3,36.7,40.0,6.7,23.3,83.0,60
8096,"BACK TO NATURE, MACARONI & CHEESE",Dairy,357.0,14.3,3.57,67.9,3.6,8.93,964.0,60
8097,"BACK TO NATURE, MIX, CASHEW ALMOND PISTACHIO",Snacks & Sweets,567.0,20.0,50.0,26.7,6.7,6.67,250.0,60
8098,"BACK TO NATURE, SPROUT & SHINE BROWN RICE CRISPS",Grains,400.0,10.0,5.0,80.0,6.7,6.67,417.0,60
8099,"BACKCOUNTRY BARBEQUE KETTLE COOKED IDAHO REAL POTATO CHIPS, BACKCOUNTRY BARBEQUE",Snacks & Sweets,536.0,7.14,28.6,57.1,7.1,3.6,429.0,60
8100,"BACKCOUNTRY BUNDLE CRUNCHY ALMONDS & PISTACHIOS MIXED WITH SWEET RAISINS TART CRANBERRIES & SOUR CHERRIES TRAIL MIX, BACKCOUNTRY BUNDLE",Snacks & Sweets,464.0,10.7,25.0,53.6,7.1,10.7,125.0,70
8101,"BACKCOUNTRY BUNDLE TRAIL MIX, BACKCOUNTRY BUNDLE",Snacks & Sweets,429.0,10.7,25.0,53.6,10.7,32.1,125.0,60
8102,"BACKROAD COUNTRY, WASABI EXPLOSION MIX",Snacks & Sweets,583.0,15.0,40.0,36.7,5.0,3.33,533.0,60
8103,"BACKYARD BARBEQUE POTATO CHIPS, BACKYARD BARBEQUE",Snacks & Sweets,500.0,7.14,28.6,53.6,7.1,3.6,446.0,60
8104,"BACKYARD BARBEQUE POTATO CHIPS, BACKYARD BARBEQUE",Snacks & Sweets,524.0,7.14,31.0,54.8,4.8,2.38,452.0,65
8105,"BACKYARD BARBEQUE POTATO CHIPS, BACKYARD BARBEQUE",Snacks & Sweets,536.0,7.14,32.1,53.6,7.1,3.57,446.0,65
8106,"BACKYARD BARBEQUE POTATO CHIPS, BACKYARD BARBEQUE",Snacks & Sweets,518.0,7.14,32.1,53.6,7.1,3.6,446.0,60
8107,"BACKYARD BARBEQUE POTATO CHIPS, BACKYARD BARBEQUE",Snacks & Sweets,500.0,7.14,28.6,53.6,7.1,3.6,446.0,60
8108,"BACKYARD BARBEQUE POTATO CHIPS, BACKYARD BARBEQUE",Snacks & Sweets,500.0,7.14,28.6,53.6,7.1,3.6,446.0,60
8109,"BACKYARD BBQ FLAVORED KETTLE CHIPS, SWEET CORN",Snacks & Sweets,500.0,3.57,25.0,60.7,3.6,7.14,500.0,60
8110,"BACKYARD BBQ TRAIL MIX, BACKYARD BBQ",Snacks & Sweets,533.0,16.7,40.0,40.0,6.7,6.7,633.0,60
8111,"BACKYARD COOKOUT BARBECUE ORGANIC EDAMAME PUFFS, BACKYARD COOKOUT BARBECUE",Snacks & Sweets,424.0,18.2,12.1,60.6,6.1,9.09,727.0,65
8112,"BACKYARD COOKOUT BARBECUE ORGANIC EDAMAME PUFFS, BACKYARD COOKOUT BARBECUE",Snacks & Sweets,424.0,18.2,12.1,60.6,6.1,9.09,727.0,65
8113,"BACON & CHARRED ONION BUTTER SEA SCALLOPS, BACON & CHARRED ONION BUTTER",Other,97.0,11.5,3.98,3.54,0.0,0.0,434.0,60
8114,"BACON & CHEDDAR CHEESE STUFFED CHICKEN BREASTS, BACON & CHEDDAR CHEESE",Meat & Poultry,185.0,25.1,8.81,1.32,0.0,0.44,445.0,60
8115,"BACON & CHEDDAR STUFFED/BREADED BONELESS CHICKEN BREAST EZ MEALS, BACON & CHEDDAR",Meat & Poultry,161.0,23.2,7.14,1.79,0.0,0.0,348.0,60
8116,"BACON & EGGS WITH SCRAMBLED CAGE-FREE EGGS, UNCURED BACON, ROASTED POTATOES & CHEESE FLATBREAD BREAKFAST SANDWICHES, BACON & EGGS",Dairy,224.0,12.0,9.6,21.6,1.6,0.8,496.0,60
8117,BACON & ONION BAKED BEANS WITH BROWN SUGAR,Other,137.0,6.87,0.76,29.8,6.1,11.4,351.0,60
8118,"BACON & ONION BAKED BEANS WITH BROWN SUGAR, BACON & ONION",Other,137.0,6.87,0.76,29.8,6.1,11.4,351.0,60
8119,"BACON & ONION BAKED BEANS WITH SPECIALLY CURED BACON & SAVORY SPICES, BACON & ONION",Other,145.0,6.11,1.53,27.5,6.1,9.92,344.0,60
8120,"BACON & ONION BAKED BEANS WITH SPECIALLY CURED BACON & SAVORY SPICES, BACON & ONION",Other,145.0,6.11,1.53,27.5,6.1,9.92,344.0,60
8121,"BACON & ONION BAKED BEANS, BACON; ONION",Other,137.0,6.11,0.76,27.5,6.1,10.7,344.0,60
8122,"BACON & ONION WITH SPECIALLY CURED BACON & SAVORY SPICES BAKED BEANS, BACON; ONION",Other,145.0,6.11,1.53,27.5,6.1,9.92,344.0,60
8123,"BACON & POTATOES BOWLS, BACON & POTATOES",Other,132.0,10.9,6.75,6.11,0.3,1.29,489.0,60
8124,"BACON & RANCH PREMIUM POTATOES, BACON & RANCH",Vegetables,379.0,10.3,5.17,72.4,3.4,3.4,2070.0,60
8125,"BACON AND CHEESE GOURMET CHICKEN BURGERS, BACON AND CHEESE",Meat & Poultry,167.0,20.2,8.77,0.0,0.0,0.0,228.0,60
8126,"BACON AND CHIVE LOADED POTATO BOATS, BACON AND CHIVE",Other,212.0,6.06,4.55,36.4,6.1,1.01,106.0,60
8127,"Bacon and Egg Breakfast Boat, 3.19 oz, CN",Other,235.0,10.1,10.1,28.0,0.0,3.36,403.0,60
8128,"BACON AND EGG POTATOES, EGGS, CHEESE SAUCE AND BACON BREAKFAST BOWL, BACON AND EGG",Dairy,76.0,10.6,8.59,14.1,1.0,2.02,444.0,65
8129,BACON BBQ DEEP FRIED PEANUTS,Snacks & Sweets,618.0,17.9,50.0,21.4,7.1,3.57,11.0,60
8130,"BACON BITES CHIPS, BACON BITES",Snacks & Sweets,357.0,42.9,14.3,28.6,14.3,0.0,2290.0,60
8131,"BACON BITS DRIED CRANBERRIES ALMONDS SALAD TOPPERS, SEA SALT BACON",Other,450.0,15.0,25.0,40.0,5.0,30.0,275.0,60
8132,"BACON BONELESS WRAPPED PORK EYE OF ROUND, BACON",Meat & Poultry,176.0,16.9,12.0,0.0,0.0,0.0,317.0,60
8133,BACON BREAKFAST BOWL,Other,217.0,11.1,13.1,10.6,1.0,1.01,470.0,60
8134,BACON CHEDDAR RANCH BREADED CHICKEN BREAST CUTLETS,Meat & Poultry,204.0,20.4,9.15,7.04,0.0,1.41,387.0,60
8135,"BACON CHEESEBURGER BEEF, BACON, PART SKIM MOZZARELLA, YELLOW CHEDDAR, MARINA SAUCE RISING CRUST PIZZA, BACON CHEESEBURGER",Meat & Poultry,250.0,10.6,9.09,31.1,1.5,1.5,500.0,60
8136,"BACON CHEESEBURGER GOURMRT PRETZELS, BACON CHEESEBURGER",Dairy,421.0,10.5,15.8,68.4,5.3,5.26,2000.0,60
8137,BACON CHICKEN SALAD ON GRAIN,Meat & Poultry,232.0,11.8,7.98,30.0,2.7,5.32,437.0,60
8138,"BACON EGG & CHEESE ENGLISH MUFFIN BREAKFAST SANDWICH, BACON EGG & CHEESE ENGLISH MUFFIN",Dairy,211.0,12.4,10.3,16.2,0.5,0.54,449.0,60
8139,"BACON EGG, CHEESE & BACON ON A BREAKFAST FLATBREAD, BACON",Dairy,280.0,11.2,13.6,28.0,0.0,1.6,480.0,60
8140,BACON ENCRSTD BAY SCALLOP,Other,168.0,11.5,7.08,15.9,0.9,2.65,319.0,60
8141,"BACON FLAVOR BAC'N BUDS, BACON",Other,429.0,42.9,14.3,28.6,14.3,14.3,786.0,60
8142,"BACON FLAVOR THE SEAWEED SNACK, BACON",Vegetables,500.0,25.0,25.0,25.0,25.0,2.5,1500.0,60
8143,"BACON FLAVORED ALMONDS, BACON",Snacks & Sweets,567.0,20.0,50.0,23.3,10.0,3.33,633.0,60
8144,"BACON FLAVORED BITS, BACON",Other,429.0,42.9,14.3,28.6,14.3,0.0,2290.0,60
8145,"BACON FLAVORED BITS, BACON",Other,429.0,42.9,14.3,28.6,14.3,14.3,2290.0,60
8146,"BACON IMITATION BITS, BACON",Other,471.0,28.6,28.6,28.6,14.3,14.3,1770.0,60
8147,BACON MINI PIZZA BAGEL,Other,205.0,10.2,5.11,29.6,1.1,1.1,500.0,60
8148,BACON N EGGS,Other,168.0,15.8,10.9,0.99,,0.99,307.0,60
8149,BACON RANCH CHICKEN SALAD ON 9 GRAIN,Meat & Poultry,240.0,11.4,7.98,29.7,2.7,5.32,433.0,60
8150,"BACON RANCH FLAVORED KID'S CREATIONS, BACON RANCH",Other,149.0,18.9,6.76,2.7,,1.35,473.0,60
8151,"BACON RANCH FLAVORED PEANUTS, BACON RANCH",Snacks & Sweets,571.0,21.4,50.0,17.9,7.1,0.0,482.0,60
8152,BACON WRAPPED BEEF TENDERLOIN STEAKS,Meat & Poultry,135.0,18.8,6.47,0.0,0.0,0.0,241.0,60
8153,"BACON WRAPPED BEEF TENDERLOIN, BACON",Meat & Poultry,176.0,18.5,9.24,0.84,0.0,0.8,479.0,60
8154,BACON WRAPPED CHICKEN TENDER FILET,Meat & Poultry,183.0,17.6,12.0,1.41,0.2,0.0,317.0,60
8155,"BACON WRAPPED SCALLOP MEDALLIONS, BACON",Seafood,129.0,20.0,4.12,2.35,0.0,0.0,200.0,60
8156,BACON WRAPPED SCALLOPS,Other,165.0,16.5,9.41,2.35,0.0,0.0,459.0,60
8157,"BACON WRAPPED SCALLOPS, BACON",Other,170.0,19.2,9.57,4.26,0.0,0.0,447.0,60
8158,"BACON WRAPPED SCALLOPS, BACON",Seafood,129.0,11.8,7.06,3.53,0.0,1.18,329.0,60
8159,"BACON WRAPPED SHRIMP DELICIOUS SHRIMP WRAPPED IN HICKORY SMOKED BACON, HICKORY SMOKED BACON",Other,165.0,18.8,8.24,1.18,0.0,0.0,400.0,60
8160,BACON WRAPPED TURKEY TENDERLOIN FILET,Other,157.0,18.6,8.57,0.0,0.0,0.0,314.0,60
8161,"BACON, BROCCOLI & CHEDDAR CHEESE CHICKEN BREASTS BACON WRAPPED CHICKEN BREASTS FILLED WITH BROCCOLI AND CHEDDAR CHEESE, BACON, BRACCOLI & CHEDDAR CHEESE",Meat & Poultry,182.0,22.2,9.6,2.53,0.0,0.51,354.0,60
8162,"BACON, GARLIC CREAM SWISS CHICKEN BREASTS BACON WRAPPED CHICKEN FILLED WITH GARLIC CREAM STUFFING AND SWISS CHEESE, BACON, GARLIC CREAM SWISS CHICKEN BREASTS",Meat & Poultry,197.0,22.7,11.1,2.02,0.0,0.0,308.0,60
8163,"BACON-ALFREDO MEATBALLS WITH BROCCOLI, BACON-ALFREDO MEATBALLS",Other,164.0,11.1,10.9,5.01,1.1,1.39,454.0,60
8164,BACON-LESS BITS,Other,357.0,14.3,7.14,57.1,14.3,0.0,1210.0,60
8165,BACON-LESS BITS,Other,357.0,14.3,7.14,57.1,14.3,0.0,1210.0,60
8166,"BACON-WRAPPED CHICKEN BREAST STUFFED WITH CREAM CHEESE & JALAPENOS, BACON-WRAPPED",Meat & Poultry,186.0,18.6,11.4,0.71,,,336.0,60
8167,"BACON-WRAPPED PETITE SIRLOIN STEAK, BACON-WRAPPED",Meat & Poultry,179.0,21.8,9.83,0.0,0.0,0.0,218.0,60
8168,"BACON-WRAPPED PETITE SIRLOIN STEAKS, BACON-WRAPPED",Meat & Poultry,170.0,20.5,9.82,0.0,,,161.0,60
8169,"BACON-WRAPPED PORK SIRLOIN FILLETS, PORK",Meat & Poultry,204.0,26.6,9.73,0.0,0.0,0.0,150.0,60
8170,"BACON-WRAPPED TURKEY BREAST KABOBS WITH SWEET RED ONIONS ON WOODEN SKEWERS, BACON-WRAPPED",Other,199.0,19.2,12.6,1.99,0.0,1.32,397.0,60
8171,"BADIA BEE POLLEN, 10 OZ",Other,400.0,20.0,0.0,70.0,10.0,0.0,0.0,70
8172,"BADIA CHIA SEED, 1.5 OZ",Other,488.0,16.3,30.2,41.9,34.9,0.0,12.0,70
8173,"BADIA, BREAD CRUMBS WITH COMPLETE SEASONING",Grains,370.0,14.8,5.56,70.4,3.7,7.41,1330.0,60
8174,"BADIA, CHIA SEED",Grains,500.0,16.7,30.0,43.3,33.3,0.0,,70
8175,"BADIA, ORGANIC GROUND FLAX SEED",Grains,533.0,20.0,40.0,26.7,26.7,0.0,0.0,70
8176,BAGEL,Other,200.0,4.0,5.0,40.0,4.0,0.0,380.0,65
8177,"Bagel 51% White Whole Grain, Clean, Thaw&Serve, Sliced, 15/6/2.3 oz",Other,262.0,9.23,1.54,53.8,6.2,4.6,477.0,60
8178,"Bagel 51% White Whole Grain, Clean, Thaw&Serve, Sliced, IW, 72/2.3 oz",Other,262.0,9.23,1.54,53.8,6.2,4.6,477.0,60
8179,"Bagel 51% Whole Grain Wheat, Clean, Parbaked, Unsliced, 12/6/4 oz",Other,248.0,9.73,1.33,53.1,7.1,4.4,460.0,60
8180,"Bagel 51% Whole Grain Wheat, Thaw&Serve, Sliced, 12/6/4 oz",Other,257.0,9.73,1.33,53.1,7.1,4.4,460.0,60
8181,"Bagel Cinnamon Raisin, Thaw&Serve, Sliced, 15/6/2.3 oz",Other,262.0,7.69,0.77,53.8,3.1,6.2,462.0,60
8182,"BAGEL CRISPS, SEA SALT",Snacks & Sweets,429.0,10.7,16.1,64.3,3.6,3.57,929.0,60
8183,"BAGEL JOSEF'S CINNAMON RAISIN BAGEL, WITH SPROUTED WHEAT",Other,259.0,10.6,1.18,52.9,3.5,7.06,318.0,70
8184,"Bagel Mini Plain, Thaw&Serve, Sliced, 14/12/1 oz",Other,321.0,10.7,0.0,64.3,3.6,7.1,643.0,60
8185,"Bagel Plain, Clean, Thaw&Serve, Sliced, IW 48/3 oz",Other,259.0,10.6,1.18,50.6,7.1,3.5,471.0,70
8186,BAGEL SLIMS,Other,239.0,10.9,2.17,50.0,10.9,6.52,391.0,70
8187,"BAGEL SNACKERS, PEPPERONI",Other,216.0,11.4,6.82,30.7,3.4,3.41,477.0,70
8188,"BAGEL SNACKERS, THREE CHEESE",Dairy,205.0,11.4,5.11,30.7,3.4,4.55,386.0,70
8189,"Bagel, 51% White Whole Grain, Clean, Thaw&Serve, Sliced, 72/2 oz",Other,298.0,12.3,1.75,64.9,8.8,5.3,561.0,60
8190,"Bagel, 51% Whole Grain Cinnamon Raisin, Clean, Thaw&Serve, Sliced, 72/2 oz",Other,281.0,8.77,1.75,57.9,7.0,5.3,456.0,60
8191,"Bagel, 51% Whole Grain Cinnamon Raisin, Thaw&Serve, Sliced, 12/6/3 oz",Other,259.0,9.41,1.18,55.3,7.1,4.7,365.0,60
8192,"Bagel, 51% Whole Grain Plain, Thaw&Serve, Sliced, 12/6/3 oz",Other,259.0,9.41,1.18,51.8,5.9,3.5,471.0,60
8193,"BAGEL, JALAPENO",Other,281.0,10.5,1.75,54.4,1.8,3.51,491.0,65
8194,BAGELS,Other,247.0,10.1,0.63,53.2,3.8,1.27,335.0,70
8195,BAGELS,Other,279.0,10.6,2.4,51.9,1.9,2.88,385.0,60
8196,"BAGELS BY BELL LTD., CINNAMON RAISIN MINI BAGEL",Other,294.0,9.8,0.98,60.8,3.9,11.8,431.0,60
8197,BAGELS CINNAMON RAISIN,Other,246.0,8.77,0.88,50.9,3.5,7.02,342.0,60
8198,"BAGELS FOREVER, BAGEL CHIPS",Snacks & Sweets,393.0,14.3,0.0,75.0,3.6,7.14,786.0,60
8199,"BAGELS FOREVER, TOASTED BAGEL CHIPS, CINNAMON-RAISIN, CINNAMON-RAISIN",Snacks & Sweets,393.0,14.3,0.0,75.0,3.6,10.7,786.0,60
8200,"BAGELS, CINNAMON RAISIN",Other,247.0,8.24,1.18,55.3,3.5,9.41,400.0,60
8201,"BAGELS, CINNAMON SWIRL",Other,284.0,8.42,1.58,60.0,3.2,9.5,463.0,60
8202,"BAGELS, CINNAMON, RAISIN",Other,318.0,10.6,1.18,63.5,2.4,5.88,435.0,60
8203,"BAGELS, FRENCH TOAST",Other,259.0,8.64,1.23,54.3,3.7,7.41,469.0,60
8204,"Bagels, Honey Wheat, Whole Grain, Sliced 6's",Other,239.0,7.96,1.33,50.4,3.5,2.7,416.0,60
8205,"Bagels, Honey Whole Grain, Sliced 6's",Other,241.0,7.59,1.27,46.8,3.8,3.8,456.0,60
8206,"Bagels, Plain, Sliced, Bulk, 3.5"" x 1.4""",Other,281.0,10.5,0.88,61.4,3.5,5.3,579.0,60
8207,"BAGELS, SESAME SEED",Other,277.0,10.1,3.78,52.1,2.5,4.2,387.0,60
8208,"BAGELS, SPROUTED CINNAMON RAISIN",Other,274.0,10.5,0.53,56.8,3.2,10.5,284.0,70
8209,"BAGELS, SPROUTED ONION POPPYSEED",Other,263.0,10.5,1.05,53.7,4.2,2.11,432.0,70
8210,"BAGELS, STRAWBERRY, CREAM CHEESE",Dairy,246.0,7.25,4.35,44.9,4.3,8.7,232.0,60
8211,"Bagels, Whole Grain White, Sliced, Bulk, 3.5"" x 1.4""",Other,263.0,10.5,1.75,54.4,5.3,3.5,386.0,70
8212,"Bagels, Whole Grain White, Sliced, Individually Wrapped",Other,263.0,10.5,1.75,54.4,5.3,3.5,386.0,70
8213,"Bagels, Whole Grain, Blueberry, Sliced 6's, 4.5"" x 1.75""",Other,274.0,8.85,1.33,57.5,5.3,0.0,327.0,60
8214,"Bagels, Whole Grain, Blueberry, Sliced, Bulk, 3.5"" x 1.4""",Other,263.0,10.5,1.75,50.9,5.3,7.0,333.0,70
8215,"Bagels, Whole Grain, Blueberry, Sliced, Individually Wrapped, 3.5"" x 1.4""",Other,263.0,10.5,1.75,54.4,5.3,7.0,333.0,70
8216,"Bagels, Whole Grain, Cinnamon Raisin, Sliced 6's, 4.5"" x 1.75""",Other,274.0,8.85,1.33,59.3,4.4,0.0,336.0,60
8217,"Bagels, Whole Grain, Cinnamon Raisin, Sliced, Bulk",Other,263.0,10.5,1.75,54.4,5.3,3.5,351.0,70
8218,"Bagels, Whole Grain, Cinnamon Raisin, Sliced, Individually Wrapped, 3.5"" x 1.4""",Other,263.0,10.5,1.75,54.4,5.3,3.5,351.0,70
8219,"Bagels, Whole Grain, Sliced, Bulk",Other,247.0,8.24,1.18,48.2,4.7,1.2,471.0,60
8220,"Bagels, Whole Grain, Sliced, Bulk, 4"" x 1.5""",Other,263.0,10.5,0.88,54.4,7.0,3.5,386.0,70
8221,"Bagels, Whole Grain, Sliced, Individually Wrapped",Other,241.0,8.86,1.27,49.4,3.8,1.3,468.0,60
8222,"Bagels, Whole Grain, Sliced, Individually Wrapped, 3.5"" x 1.4""",Other,263.0,10.5,0.88,54.4,7.0,3.5,386.0,70
8223,"BAGELS, WHOLE WHEAT",Other,242.0,11.6,1.58,51.6,7.4,6.32,347.0,70
8224,"BAGELS, WHOLE WHEAT & HONEY",Other,247.0,10.6,1.76,49.4,9.4,4.71,471.0,70
8225,"BAGLES, CINNAMON RAISIN, CINNAMON RAISIN",Other,284.0,7.37,2.63,59.0,3.2,10.5,474.0,60
8226,BAGUETTE,Other,273.0,4.55,3.41,52.3,6.8,4.5,409.0,60
8227,BAGUETTE,Other,273.0,4.55,3.41,52.3,6.8,4.5,409.0,60
8228,BAGUETTE,Other,433.0,13.3,0.0,90.0,3.3,0.0,1000.0,60
8229,BAGUETTE CRISPS,Other,357.0,10.7,12.5,53.6,3.6,7.1,357.0,70
8230,BAGUETTE CRISPS,Other,429.0,14.3,8.93,71.4,3.6,3.57,929.0,60
8231,BAGUETTE CRISPS,Other,429.0,14.3,8.93,71.4,3.6,3.57,929.0,60
8232,BAGUETTE CRISPS,Other,500.0,14.3,21.4,60.7,7.1,3.57,750.0,60
8233,BAGUETTE CRISPS,Other,464.0,14.3,14.3,67.9,3.6,3.57,786.0,60
8234,BAGUETTE CRISPS,Other,429.0,14.3,8.93,71.4,7.1,7.14,964.0,60
8235,BAGUETTE CRISPS,Other,357.0,10.7,7.14,60.7,3.6,0.0,821.0,60
8236,BAGUETTE CRISPS,Other,429.0,10.7,10.7,71.4,3.6,21.4,500.0,60
8237,"BAGUETTE CRISPS, GARLIC, CHIVES & PARSLEY",Other,464.0,14.3,14.3,67.9,3.6,3.57,786.0,60
8238,BAGUETTES ARTISANAL,Snacks & Sweets,467.0,13.3,13.3,66.7,6.7,20.0,500.0,60
8239,BAH. CLEANED CONCH,Other,89.0,17.0,1.79,2.68,0.0,0.0,214.0,60
8240,BAH. CLEANED CONCH,Other,89.0,17.0,1.79,2.68,0.0,0.0,214.0,60
8241,"BAJA BLACK BEAN BLACK BEANS, TOMATOES, FIRE-ROASTED CORN AND CHEESE WITH A SPICY BAJA CHILE SAUCE ON A TRADITIONAL CRUST MADE WITH WHOLE GRAIN ONE SINGLE SERVE VEGGIE PIZZA, BAJA BLACK BEAN",Dairy,238.0,10.0,8.12,34.4,3.8,1.88,462.0,60
8242,"BAJA BLACK BEANS WITH ONION, SEA SALT AND AVOCADO OIL, BAJA BLACK",Other,92.0,5.38,1.54,15.4,3.8,0.0,308.0,60
8243,"BAJA BLACK BEANS, BAJA BLACK",Other,92.0,5.38,1.54,15.4,3.8,0.0,308.0,60
8244,"BAJA BREAKFAST CAGE-FREE EGG, CHEESE & CHIPOTLE BURRITO, BAJA BREAKFAST",Dairy,199.0,10.9,8.33,20.5,4.5,0.0,353.0,70
8245,"BAJA STYLE COD WITH CORN, BROWN RICE, LENTILS, BLACK BEANS & RED PEPPERS SEAFOOD AND VEGGIE MEALS, BAJA STYLE COD",Grains,120.0,8.71,2.07,15.8,3.3,0.8,174.0,60
8246,"BAJA STYLE COD WITH CORN, BROWN RICE, LENTILS, BLACK BEANS & RED PEPPERS, BAJA STYLE COD",Grains,120.0,8.71,2.07,15.8,3.3,0.8,174.0,60
8247,"BAJA STYLE RICED CAULIFLOWER, BAJA STYLE",Grains,71.0,3.53,2.35,9.41,3.5,0.0,306.0,65
8248,"BAJA TACO PREMIUM VIRGINIA ARTISAN PEANUTS, BAJA TACO",Snacks & Sweets,536.0,25.0,42.9,21.4,7.1,3.57,393.0,60
8249,"BAJA TACO PREMIUM VIRGINIA ARTISAN PEANUTS, BAJA TACO",Snacks & Sweets,529.0,24.6,42.4,21.2,7.1,3.54,389.0,60
8250,"BAJA-STYLE CHICKEN QUESADILLA WITH WHITE MEAT CHICKEN, CHEESE, AND TOMATILLO SALSA, BAJA-STYLE CHICKEN QUESADILLA",Meat & Poultry,195.0,10.6,7.96,22.1,3.5,0.88,398.0,70
8251,"BAJAMAR, CALAMARES SQUID PIECES IN INK SAUCE",Seafood,236.0,16.4,18.2,3.64,0.0,,455.0,60
8252,"BAJAMAR, OCTOPUS IN VEGETABLE OIL",Vegetables,145.0,20.0,5.45,5.45,0.0,0.0,273.0,60
8253,BAJELA LARGE BROAD BEANS,Other,77.0,5.38,0.77,12.3,6.2,0.77,377.0,60
8254,"BAK'D & LOADED SEASONED RUSSET POTATOES, CRISPY BACON, REAL WISCONSIN MOZZARELLA & CHEDDAR CHEESE, WITH SOUR CREAM & CHIVE SAUCE ON OUR ORIGINAL CRUST PIZZA, BAK'D & LOADED",Dairy,236.0,10.2,9.45,28.4,0.8,2.36,402.0,60
8255,BAKE AT HOME ANCIENT GRAIN BREAD,Grains,263.0,8.77,0.0,54.4,3.5,5.26,474.0,60
8256,"BAKE AT HOME, ORGANIC BATARD, MULTIGRAIN, MULTIGRAIN",Other,281.0,12.3,7.02,43.9,8.8,1.75,526.0,60
8257,"BAKE'N SERVE HOT ENRICHED BREAD, HOT",Grains,250.0,9.38,3.12,46.9,3.1,3.12,469.0,60
8258,BAKE-UN SLICES BREAKFAST SEITAN,Meat & Poultry,165.0,31.8,0.59,9.41,1.2,1.18,294.0,60
8259,"BAKED APPLE CHIPS WITH CINNAMON, CINNAMON",Snacks & Sweets,381.0,0.0,0.0,95.2,14.3,0.0,0.0,60
8260,"BAKED APPLE CHIPS, BAKED",Snacks & Sweets,381.0,0.0,0.0,95.2,14.3,0.0,0.0,60
8261,"BAKED BAGEL CHIPS, SIMPLY NAKED",Snacks & Sweets,464.0,14.3,14.3,67.9,3.6,3.57,1040.0,60
8262,"BAKED BAGEL CHIPS, TOASTED GARLIC",Snacks & Sweets,464.0,14.3,16.1,67.9,3.6,3.57,1040.0,60
8263,"BAKED BEAN & RED LENTIL BOWL, BAKED BEAN & RED LENTIL",Other,132.0,6.36,4.24,17.7,11.0,0.0,196.0,60
8264,BAKED BEAN WITH PORK,Meat & Poultry,102.0,4.69,0.78,19.5,3.9,7.03,258.0,60
8265,BAKED BEANS,Other,123.0,5.38,0.77,24.6,4.6,10.8,446.0,60
8266,BAKED BEANS,Other,100.0,4.62,0.0,19.2,4.6,7.69,369.0,60
8267,BAKED BEANS,Other,131.0,5.38,0.77,25.4,3.8,9.2,408.0,60
8268,BAKED BEANS,Other,92.0,3.85,0.0,19.2,3.1,3.8,300.0,60
8269,BAKED BEANS,Other,131.0,4.62,1.92,23.1,6.9,9.23,477.0,60
8270,BAKED BEANS,Other,115.0,5.38,0.77,22.3,4.6,7.69,262.0,60
8271,BAKED BEANS,Other,112.0,4.8,0.8,23.2,4.0,9.6,440.0,60
8272,BAKED BEANS,Other,115.0,4.62,0.0,24.6,4.6,11.5,438.0,60
8273,BAKED BEANS,Other,115.0,4.62,0.77,23.1,5.4,8.46,415.0,60
8274,BAKED BEANS,Other,108.0,4.62,0.77,21.5,4.6,9.23,423.0,60
8275,BAKED BEANS,Other,92.0,5.38,0.38,20.0,9.2,0.0,462.0,60
8276,BAKED BEANS,Other,115.0,4.62,0.77,23.1,5.4,8.46,415.0,60
8277,BAKED BEANS,Other,138.0,5.38,0.38,28.5,3.8,14.6,415.0,60
8278,BAKED BEANS,Other,123.0,5.38,0.77,23.1,3.8,8.5,400.0,60
8279,BAKED BEANS,Other,100.0,4.62,0.0,19.2,4.6,7.69,369.0,60
8280,BAKED BEANS,Other,123.0,5.38,0.38,24.6,4.6,10.8,446.0,60
8281,BAKED BEANS,Other,131.0,5.38,0.77,26.2,3.8,10.8,477.0,60
8282,BAKED BEANS,Other,131.0,4.62,1.92,23.1,6.9,9.23,477.0,60
8283,"BAKED BEANS SEASONED WITH APPLEWOOD SMOKED BACON, APPLEWOOD SMOKED BACON",Other,115.0,5.38,0.77,23.1,3.1,10.0,354.0,60
8284,"BAKED BEANS SEASONED WITH BACON & BROWN SUGAR, BACON & BROWN SUGAR",Other,115.0,4.62,0.77,22.3,5.4,9.2,400.0,60
8285,"BAKED BEANS SEASONED WITH BACON & BROWN SUGAR, BACON & BROWN SUGAR",Other,115.0,4.62,0.77,22.3,5.4,8.5,423.0,60
8286,"BAKED BEANS SEASONED WITH BACON AND BROWN SUGAR, ORIGINAL",Other,123.0,4.62,0.77,23.8,5.4,8.5,373.0,60
8287,"BAKED BEANS SEASONED WITH BROWN SUGAR & BACON, BROWN SUGAR & BACON",Other,123.0,6.15,0.77,23.8,6.2,9.23,415.0,60
8288,"BAKED BEANS SEASONED WITH SAVORY PORK & SWEET MOLASSES, ORIGINAL",Meat & Poultry,162.0,6.92,0.77,32.3,4.6,10.8,423.0,60
8289,"BAKED BEANS WITH BACON, BACON",Other,143.0,7.14,4.76,18.2,3.2,7.94,437.0,60
8290,BAKED BEANS WITH BROWN SUGAR AND BACON,Other,115.0,4.62,0.77,23.1,5.4,8.46,415.0,60
8291,BAKED BEANS WITH ONIONS,Other,115.0,4.62,0.77,23.1,3.8,9.23,423.0,60
8292,"BAKED BEANS WITH SWEET SORGHUM, SWEET SORGHUM",Other,108.0,5.38,0.38,20.8,5.4,3.1,104.0,60
8293,"BAKED BEANS, APPLEWOOD SMOKED BACON",Other,115.0,5.38,0.77,22.3,5.4,9.23,392.0,60
8294,"BAKED BEANS, APPLEWOOD SMOKED BACON",Other,115.0,4.62,0.77,23.8,5.4,10.8,385.0,60
8295,"BAKED BEANS, BBQ",Other,131.0,5.38,0.38,26.9,3.8,13.1,423.0,60
8296,"BAKED BEANS, BOURBON BROWN SUGAR",Other,123.0,4.62,0.38,25.4,5.4,11.5,408.0,60
8297,"BAKED BEANS, BROWN SUGAR & BACON",Other,123.0,5.38,0.77,23.1,3.8,8.5,400.0,60
8298,"BAKED BEANS, BROWN SUGAR HICKORY, BROWN SUGAR HICKORY",Other,136.0,4.8,0.8,26.4,4.8,12.8,456.0,60
8299,"BAKED BEANS, CAROLINA BBQ",Other,131.0,5.38,0.38,27.7,3.8,13.8,408.0,60
8300,"BAKED BEANS, CHIPOTLE",Snacks & Sweets,138.0,6.92,1.92,23.1,4.6,3.8,485.0,60
8301,"BAKED BEANS, COUNTRY STYLE",Other,123.0,5.38,0.77,24.6,4.6,10.8,446.0,60
8302,"BAKED BEANS, HICKORY BROWN SUGAR",Other,123.0,4.62,0.0,24.6,5.4,11.5,423.0,60
8303,"BAKED BEANS, HOMESTYLE",Other,123.0,5.38,0.77,23.1,4.6,6.9,292.0,60
8304,"BAKED BEANS, HOMESTYLE",Other,108.0,6.15,1.15,19.2,4.6,8.46,346.0,60
8305,"BAKED BEANS, HOMESTYLE ",Other,140.0,6.0,1.0,30.0,4.0,13.0,120.0,60
8306,"BAKED BEANS, HONEY",Other,115.0,4.62,0.77,23.8,5.4,10.8,415.0,60
8307,"BAKED BEANS, JALAPENO",Other,131.0,6.92,1.54,21.5,5.4,0.8,500.0,60
8308,"BAKED BEANS, MAPLE",Other,115.0,4.62,1.15,22.3,3.8,8.46,431.0,60
8309,"BAKED BEANS, MAPLE & BACON",Other,115.0,4.62,1.15,22.3,3.8,8.46,431.0,60
8310,"BAKED BEANS, MAPLE & BACON",Other,123.0,5.38,0.77,23.1,3.8,9.2,446.0,60
8311,"BAKED BEANS, MAPLE & BACON",Other,115.0,4.62,1.15,22.3,3.8,8.46,431.0,60
8312,"BAKED BEANS, MAPLE & BACON",Other,115.0,4.62,1.15,22.3,3.8,8.46,431.0,60
8313,"BAKED BEANS, MAPLE & ONION",Other,115.0,5.38,0.0,23.1,6.2,8.46,331.0,60
8314,"BAKED BEANS, MAPLE BACON",Other,115.0,5.38,0.77,21.5,4.6,6.9,431.0,60
8315,"BAKED BEANS, MAPLE BACON",Other,115.0,4.62,1.15,22.3,3.8,8.46,431.0,60
8316,"BAKED BEANS, MAPLE CURED BACON",Other,108.0,4.62,0.77,21.5,5.4,8.46,454.0,60
8317,"BAKED BEANS, ORIGINAL",Other,115.0,4.62,0.77,23.1,5.4,8.46,415.0,60
8318,"BAKED BEANS, ORIGINAL",Other,112.0,4.8,0.8,23.2,4.0,9.6,440.0,60
8319,"BAKED BEANS, ORIGINAL",Other,131.0,4.62,1.92,23.1,6.9,9.23,477.0,60
8320,"BAKED BEANS, ORIGINAL",Other,115.0,4.62,0.77,23.1,5.4,8.5,415.0,60
8321,"BAKED BEANS, ORIGINAL",Other,123.0,4.62,0.77,23.8,5.4,8.5,373.0,60
8322,"BAKED BEANS, ORIGINAL",Other,115.0,4.62,0.77,23.1,5.4,8.46,415.0,60
8323,"BAKED BEANS, ORIGINAL",Other,123.0,4.62,0.77,23.8,5.4,8.5,373.0,60
8324,"BAKED BEANS, ORIGINAL BROWN SUGAR & BACON",Other,115.0,4.62,0.77,23.1,5.4,8.46,415.0,60
8325,"BAKED BEANS, ORIGINAL BROWN SUGAR & BACON",Other,115.0,4.62,0.77,23.1,5.4,8.46,415.0,60
8326,"BAKED BEANS, ORIGINAL BROWN SUGAR & BACON",Other,115.0,4.62,0.77,23.1,5.4,8.46,415.0,60
8327,"BAKED BEANS, SEASONED WITH SMOKED PORK",Meat & Poultry,115.0,5.38,0.77,23.1,5.4,10.0,369.0,60
8328,"BAKED BEANS, VEGETARIAN",Other,108.0,4.62,0.0,20.8,5.4,8.46,423.0,60
8329,"BAKED BEANS, VEGETARIAN",Other,131.0,6.92,0.38,25.4,4.6,4.6,392.0,60
8330,BAKED BREAST FILLETS,Other,181.0,14.2,6.3,16.5,0.0,0.79,433.0,60
8331,BAKED BROCCOLI FRIES,Other,123.0,3.51,0.0,26.3,3.5,1.75,123.0,65
8332,"BAKED BRUSCHETTA, GARLIC PARMESAN",Other,464.0,14.3,16.1,67.9,3.6,7.14,1110.0,60
8333,"BAKED BRUSCHETTA, TOMATO BASIL",Other,464.0,14.3,16.1,67.9,3.6,7.14,1110.0,60
8334,"BAKED BUFFALO CHICKEN SANDWICH FLAVORED POTATO CRISPS, BUFFALO CHICKEN",Meat & Poultry,433.0,7.53,11.3,73.4,3.8,5.6,490.0,60
8335,"BAKED BUFFALO STYLE CHICKEN ORGANIC PLANTED MEAL, BAKED BUFFALO STYLE CHICKEN",Meat & Poultry,99.0,13.1,1.6,8.01,1.6,2.24,327.0,60
8336,BAKED CHEESE CURLS,Dairy,500.0,7.14,21.4,67.9,3.6,7.14,339.0,60
8337,BAKED CHEESE PUFFS,Dairy,500.0,7.14,21.4,71.4,3.6,7.14,339.0,60
8338,"BAKED CRACKERS WITH WHOLE GRAIN WHEAT, ROASTED GARLIC",Other,429.0,7.14,16.1,71.4,10.7,0.0,482.0,60
8339,"BAKED CRACKERS, CINNAMON",Other,357.0,10.7,0.0,75.0,3.6,7.14,268.0,70
8340,"BAKED CRACKERS, GARLIC THYME",Snacks & Sweets,357.0,10.7,3.57,67.9,3.6,3.57,750.0,60
8341,"BAKED CRACKERS, HATCH CHILE",Snacks & Sweets,321.0,10.7,1.79,64.3,3.6,3.57,536.0,60
8342,"BAKED CRACKERS, SPICY SESAME",Other,357.0,14.3,3.57,67.9,3.6,3.57,571.0,60
8343,"BAKED CROUTONS SUPER GRAINS, AGED PARMESAN",Other,500.0,14.3,21.4,57.1,14.3,14.3,1000.0,60
8344,"BAKED CRUNCHY CINNAMON APPLE CHIPS, CINNAMON",Snacks & Sweets,393.0,3.57,0.0,96.4,14.3,0.0,0.0,60
8345,"BAKED CRUNCHY SIMPLY BANANA CHIPS, BANANA",Snacks & Sweets,357.0,3.57,0.0,92.9,10.7,0.0,0.0,60
8346,BAKED FALAFEL BALLS,Other,271.0,12.9,7.06,43.5,8.2,0.0,188.0,70
8347,BAKED FALAFEL BALLS,Other,271.0,12.9,7.06,43.5,,5.88,188.0,60
8348,"BAKED FLATBREADS, GARLIC",Grains,433.0,13.3,11.7,66.7,3.3,0.0,700.0,60
8349,"BAKED FLAVOR BEANEE WEENEE BEANS IN SAUCE FLAVORED WITH SLICED CHICKEN FRANKS, BAKED",Meat & Poultry,141.0,5.45,3.64,21.4,4.1,9.1,386.0,60
8350,"BAKED FRESH PASTA SNACK, MEDITERRANEAN SEA SALT",Grains,429.0,10.7,14.3,67.9,3.6,0.0,536.0,60
8351,"BAKED GRAIN BITES, VANILLA CHAI",Other,464.0,7.14,14.3,75.0,3.6,10.7,232.0,60
8352,"BAKED GRANOLA, ALMOND BUTTER CHUNK",Other,433.0,13.3,23.3,43.3,10.0,16.7,67.0,60
8353,"BAKED GREEN PEA & CHICKPEA PUFFS, CARAMEL SEA SALT",Snacks & Sweets,435.0,13.0,17.4,65.2,13.0,4.3,348.0,70
8354,BAKED HIGH PROTEIN BAR,Snacks & Sweets,340.0,30.0,12.0,44.0,24.0,10.0,190.0,60
8355,"BAKED IN BROOKLYN, ALL NATURAL BREADSTICKS, HONEY MUSTARD WITH SESAME SEEDS, HONEY MUSTARD WITH SESAME SEEDS",Grains,438.0,12.5,12.5,68.8,6.2,0.0,781.0,60
8356,"BAKED IN BROOKLYN, ALL NATURAL PITA CHIPS, GARLIC & PARMESAN, GARLIC & PARMESAN",Snacks & Sweets,429.0,10.7,12.5,71.4,3.6,0.0,714.0,60
8357,"BAKED IN BROOKLYN, FLATBREAD CRISPS",Grains,393.0,14.3,3.57,71.4,3.6,3.57,679.0,60
8358,"BAKED IN BROOKLYN, FLATBREAD CRISPS, QUINOA AND CHIA, QUINOA AND CHIA",Grains,414.0,13.8,8.62,75.9,6.9,3.45,690.0,60
8359,"BAKED IN BROOKLYN, PITA CHIPS, GARLIC & PARMESAN, GARLIC & PARMESAN",Snacks & Sweets,429.0,10.7,12.5,71.4,3.6,0.0,714.0,60
8360,"BAKED IN BROOKLYN, PITA CHIPS, SOUR CREAM & ONION, SOUR CREAM & ONION",Snacks & Sweets,464.0,10.7,14.3,67.9,3.6,3.57,607.0,60
8361,BAKED LENTIL CHIPS,Snacks & Sweets,429.0,14.3,10.7,67.9,10.7,0.0,482.0,70
8362,BAKED LENTIL CHIPS,Snacks & Sweets,429.0,14.3,10.7,67.9,10.7,0.0,482.0,70
8363,"BAKED LENTIL CHIPS, CRACKED PEPPER",Snacks & Sweets,429.0,14.3,12.5,67.9,10.7,3.57,857.0,60
8364,"BAKED LENTIL CHIPS, CRACKED PEPPER, CRACKED PEPPER",Snacks & Sweets,429.0,14.3,12.5,67.9,10.7,3.57,464.0,70
8365,"BAKED LENTIL CHIPS, CUCUMBER DILL, CUCUMBER DILL",Snacks & Sweets,429.0,14.3,10.7,67.9,10.7,3.57,643.0,60
8366,"BAKED LENTIL CHIPS, SEA SALT",Snacks & Sweets,429.0,14.3,10.7,67.9,10.7,0.0,482.0,70
8367,"BAKED MASHED SWEET POTATOES, HONEY",Other,114.0,3.57,0.71,17.9,7.1,10.7,86.0,65
8368,"BAKED MAULTI - GRAIN CHIPS, GARLIC HUMMUS",Snacks & Sweets,429.0,14.3,12.5,67.9,7.1,3.57,1040.0,60
8369,BAKED MULTIGRAIN PITA CHIPS,Snacks & Sweets,464.0,10.7,17.9,67.9,3.6,3.57,964.0,60
8370,BAKED MULTIGRAIN PITA CHIPS,Snacks & Sweets,464.0,14.3,14.3,67.9,10.7,3.57,500.0,70
8371,BAKED MULTIGRAIN PITA CHIPS,Snacks & Sweets,500.0,10.7,17.9,67.9,3.6,3.57,929.0,60
8372,BAKED OAT BITES,Snacks & Sweets,433.0,13.3,13.3,66.7,6.7,26.7,333.0,60
8373,BAKED OATMEAL WITH BLUEBERRIES,Snacks & Sweets,228.0,4.72,11.0,28.4,4.7,5.51,291.0,60
8374,"BAKED ORGANIC CRUNCHY PEA SNACK, SEA SALT",Snacks & Sweets,464.0,17.9,16.1,64.3,14.3,3.57,714.0,60
8375,"BAKED ORGANIC CRUNCHY PEA SNACK, SEA SALT",Snacks & Sweets,364.0,18.2,15.9,50.0,18.2,0.0,727.0,60
8376,"BAKED PARMESAN GARLIC & HERB PITA CHIPS, PARMESAN; GARLIC; HERB",Snacks & Sweets,464.0,14.3,17.9,64.3,3.6,3.57,929.0,60
8377,"BAKED PEA SNACK, SEA SALT",Snacks & Sweets,429.0,10.7,14.3,60.7,14.3,0.0,571.0,60
8378,BAKED PEANUT PUFFS,Snacks & Sweets,464.0,17.9,21.4,60.7,10.7,7.14,571.0,60
8379,"BAKED PITA CHIPS WITH SEA SALT, SEA SALT",Snacks & Sweets,464.0,10.7,14.3,67.9,3.6,3.6,1070.0,60
8380,"BAKED PITA CHIPS WITH SEA SALT, SEA SALT",Snacks & Sweets,464.0,10.7,14.3,67.9,3.6,3.6,1070.0,60
8381,"BAKED PITA CHIPS, CINNAMON SUGAR",Snacks & Sweets,464.0,10.7,17.9,71.4,3.6,17.9,429.0,60
8382,"BAKED PITA CHIPS, CINNAMON SUGAR",Snacks & Sweets,464.0,10.7,17.9,71.4,3.6,17.9,429.0,60
8383,"BAKED PITA CHIPS, CLASSIC",Snacks & Sweets,429.0,10.7,8.93,75.0,3.6,3.57,536.0,60
8384,"BAKED PITA CHIPS, GARLIC OLIVE OIL",Snacks & Sweets,564.0,21.2,3.53,120.0,14.1,7.05,159.0,70
8385,"BAKED PITA CHIPS, MULTIGRAIN",Snacks & Sweets,464.0,10.7,17.9,67.9,3.6,3.57,964.0,60
8386,"BAKED PITA CHIPS, PARMESAN GARLIC & HERB",Snacks & Sweets,464.0,10.7,21.4,64.3,3.6,3.6,893.0,60
8387,"BAKED PITA CHIPS, PARMESAN GARLIC & HERB",Snacks & Sweets,464.0,14.3,17.9,64.3,3.6,3.57,929.0,60
8388,"BAKED PITA CHIPS, SIMPLY NAKED",Snacks & Sweets,464.0,10.7,17.9,67.9,3.6,3.57,964.0,60
8389,"BAKED PITA CHIPS, SIMPLY NAKED",Snacks & Sweets,464.0,10.7,17.9,67.9,3.6,3.57,964.0,60
8390,"BAKED PITA CHIPS, SIMPLY NAKED",Snacks & Sweets,464.0,10.7,17.9,67.9,3.6,3.57,964.0,60
8391,"BAKED PITA CHIPS, SIMPLY NAKED",Snacks & Sweets,464.0,10.7,17.9,67.9,3.6,3.57,964.0,60
8392,"BAKED PITA CHIPS, TOASTED CHEDDAR",Snacks & Sweets,464.0,14.3,21.4,64.3,3.6,3.57,1180.0,60
8393,BAKED POTATO CHIPS,Snacks & Sweets,429.0,7.14,10.7,75.0,7.1,0.0,482.0,65
8394,"BAKED POTATO CRISPS, ORIGINAL",Snacks & Sweets,411.0,7.71,6.43,79.7,5.1,7.71,463.0,60
8395,"BAKED POTATO RAW STUFFED CHICKEN BREASTS, BAKED POTATO",Meat & Poultry,214.0,14.3,12.1,13.6,0.7,0.71,500.0,60
8396,BAKED PRETZEL RODS,Snacks & Sweets,393.0,10.7,3.57,78.6,3.6,3.57,1210.0,60
8397,BAKED PRETZEL RODS,Snacks & Sweets,393.0,10.7,3.57,82.1,3.6,3.57,1040.0,60
8398,"BAKED PRETZEL THINS, CARAMELIZED ONION",Snacks & Sweets,429.0,10.7,8.93,78.6,3.6,7.14,1040.0,60
8399,"BAKED PRETZEL THINS, CUCUMBER DILL",Snacks & Sweets,429.0,10.7,8.93,75.0,3.6,7.14,1430.0,60
8400,"BAKED PRETZEL THINS, SLIGHTLY SALTED",Snacks & Sweets,393.0,10.7,0.0,85.7,3.6,7.14,1000.0,60
8401,BAKED PRETZEL TWISTS,Snacks & Sweets,393.0,10.7,1.79,82.1,7.1,0.0,1710.0,60
8402,"BAKED PUFFED SNACK, MEATBALL PARM",Snacks & Sweets,429.0,10.7,14.3,67.9,3.6,3.57,714.0,60
8403,"BAKED PUFFED SNACK, SMOOTH CHEDDAR",Snacks & Sweets,429.0,14.3,16.1,64.3,3.6,0.0,714.0,60
8404,"BAKED PUFFS CHICKPEA SNACKS, BAKED PUFFS",Snacks & Sweets,571.0,17.9,39.3,32.1,10.7,0.0,607.0,60
8405,BAKED SIMPLY NAKED PITA CHIPS,Snacks & Sweets,464.0,10.7,17.9,67.9,3.6,3.57,929.0,60
8406,BAKED SNACK CRACKERS,Snacks & Sweets,476.0,14.3,14.3,66.7,4.8,0.0,810.0,60
8407,BAKED SNACK CRACKERS,Snacks & Sweets,467.0,13.3,20.0,63.3,3.3,6.67,900.0,60
8408,"BAKED SNACK CRACKERS, CHEDDAR",Snacks & Sweets,462.0,11.5,17.3,65.4,3.8,0.0,731.0,60
8409,"BAKED SNACK CRACKERS, CHEESE",Dairy,429.0,10.7,14.3,71.4,3.6,3.57,1000.0,60
8410,BAKED SOFT PRETZEL NUGGETS,Other,266.0,12.5,1.56,50.0,0.0,0.0,219.0,60
8411,BAKED SOFT PRETZELS,Other,274.0,12.9,1.61,50.0,0.0,0.0,218.0,60
8412,BAKED SWEET POTATO FRIES,Snacks & Sweets,429.0,3.57,25.0,57.1,3.6,10.7,429.0,60
8413,"BAKED SWEET POTATO FRIES, LIGHTLY SALTED",Snacks & Sweets,429.0,3.57,25.0,57.1,3.6,10.7,429.0,60
8414,BAKED TOFU,Meat & Poultry,153.0,15.3,8.24,5.88,0.0,2.35,41.0,60
8415,"BAKED TOFU BAR, HICKORY SMOKE",Snacks & Sweets,214.0,17.9,10.7,7.14,3.6,0.0,643.0,60
8416,"BAKED TOFU BAR, ORANGE TERIYAKI",Snacks & Sweets,214.0,17.9,10.7,10.7,7.1,3.57,536.0,60
8417,"BAKED TOFU BAR, SAVORY",Meat & Poultry,214.0,17.9,12.5,7.14,3.6,0.0,607.0,60
8418,BAKED TOFU ROYAL THAI,Meat & Poultry,176.0,17.6,5.88,17.6,3.5,3.53,341.0,70
8419,BAKED TORTILLAS CHIPS,Snacks & Sweets,429.0,7.14,7.14,82.1,3.6,0.0,375.0,60
8420,"BAKED VEGETABLE ZITI GREEN BELL PEPPERS, MUSHROOMS, TOMATOES, SPINACH, ZUCCHINI, EGGPLANT, CHICKPEA PASTA, BAKED VEGETABLE ZITI",Vegetables,119.0,5.0,4.38,16.2,3.1,0.9,288.0,60
8421,"BAKED VEGGIE CRISPS SNACKS, PEPPERCORN RANCH",Snacks & Sweets,429.0,10.7,14.3,71.4,3.6,7.14,643.0,65
8422,BAKED WHOLE GRAIN BROWN RICE SNAPS,Grains,400.0,6.67,6.67,80.0,6.7,6.67,267.0,65
8423,BAKED WHOLE WHEAT CRACKERS,Other,429.0,10.7,14.3,71.4,10.7,0.0,571.0,60
8424,"BAKED WHOLE WHEAT CRACKERS, ROSEMARY & OLIVE OIL",Other,429.0,7.14,14.3,71.4,10.7,0.0,446.0,60
8425,"BAKED WITH CRANBERRIES & CACAO NIBS ALMOND CLUSTERS, CRANBERRIES; CACAO NIBS",Snacks & Sweets,533.0,16.7,30.0,46.7,13.3,23.3,167.0,60
8426,"BAKED WOVEN WHEATS CRACKERS, ORIGINAL",Other,429.0,10.7,14.3,71.4,10.7,0.0,571.0,60
8427,"BAKED WOVES WHEATS CRACKERS, ROSEMARY & OLIVE OIL",Other,429.0,7.14,14.3,71.4,10.7,0.0,464.0,60
8428,"BAKED ZITI PASTA WITH MEAT SAUCE AND MOZZARELLA CHEESE, BAKED ZITI",Dairy,178.0,10.8,9.3,15.5,0.8,3.88,364.0,60
8429,"BAKER FARMS, CURLY MUSTARDS GREENS",Fruits,27.0,3.57,0.0,5.36,3.6,1.79,25.0,65
8430,"BAKER'S HARVEST, BAKED WHOLE WHEAT CRACKERS",Other,429.0,10.7,14.3,71.4,10.7,0.0,571.0,60
8431,"BAKER'S HARVEST, SNAPZ! CRACKERS, CLASSIC PIZZA, CLASSIC PIZZA",Snacks & Sweets,500.0,10.0,23.3,60.0,3.3,3.33,500.0,60
8432,"BAKER'S OATS WHOLE GRAIN BREAD, BAKER'S OATS",Grains,227.0,11.4,2.27,45.4,6.8,6.8,364.0,70
8433,"BAKER'S, SOUTHERN TRADITIONS PEANUTS",Snacks & Sweets,607.0,25.0,42.9,28.6,14.3,3.57,500.0,60
8434,BAKERY BREAD,Grains,235.0,11.8,4.41,44.1,5.9,8.82,559.0,60
8435,BAKERY CLASSICS GOLDEN POTATO HAMBURGER BUNS,Other,283.0,11.3,4.72,49.1,1.9,7.5,396.0,60
8436,"BAKERY FRESH GOODNESS, MULTIGRAIN BREAD",Grains,280.0,12.0,4.0,52.0,4.0,8.0,960.0,60
8437,BAKERY HANDCRAFTED EGG NOODLES,Other,268.0,10.7,2.68,53.6,7.1,0.0,393.0,70
8438,BAKERY ON MAIN QUICK OATS,Other,400.0,17.8,6.67,66.7,7.0,0.0,0.0,70
8439,BAKERY ON MAIN ROLLED OATS,Other,400.0,17.8,6.67,66.7,7.0,0.0,0.0,70
8440,BAKING AID XANTHAN GUM PREMIUM QUALITY,Other,333.0,11.1,0.0,77.8,77.8,0.0,3890.0,60
8441,"BAKING BAR, CHOCOLATE",Other,500.0,14.3,50.0,28.6,14.3,0.0,0.0,60
8442,"BAKING BLEND FLOUR, KERNZA GRAIN",Other,367.0,13.3,0.0,73.3,6.7,0.0,0.0,70
8443,BAKING COCOA,Other,250.0,25.0,16.2,50.0,25.0,,0.0,70
8444,BAKING COCOA,Other,400.0,20.0,100.0,60.0,40.0,0.0,0.0,70
8445,BAKING COCOA,Other,250.0,25.0,12.5,50.0,50.0,,0.0,70
8446,"BAKING MIX CREPE, SAVORY OR SWEET",Other,353.0,20.6,5.88,58.8,8.8,5.9,618.0,60
8447,BAKING MIX MINNESOTA PANCAKE,Other,324.0,14.7,2.94,64.7,8.8,14.7,1440.0,60
8448,"BAKING MIX, HEMP, CHIA & FLAXMEAL",Other,346.0,7.69,7.69,69.2,7.7,0.0,423.0,60
8449,"BAKLAVA BAKERY, PITA BREAD",Grains,263.0,14.0,0.0,56.1,5.3,1.75,281.0,70
8450,"BAKLAVA BAKERY, THIN PITA BREAD",Grains,343.0,14.3,0.0,68.6,5.7,5.71,343.0,70
8451,"BALANCE ORGANIC PLANT PROTEIN POWDER BLEND, BALANCE",Other,321.0,46.4,7.14,32.1,17.9,7.14,0.0,70
8452,"BALANCED PROTEIN SNACK BAR, PEANUT BUTTER",Snacks & Sweets,339.0,19.3,8.77,43.9,12.3,21.0,128.0,60
8454,"BALI SEAFOOD INTERNATIONAL, OPAH STEAK",Seafood,152.0,21.4,7.14,0.0,0.0,0.0,71.0,60
8455,"Ball Park Individually Wrapped Loaded Cheeseburger Mini Twin Sandwiches, 80/4.86 oz.",Dairy,241.0,11.7,8.18,30.1,2.82,7.17,358.0,60
8456,"BALL PARK, FLAME GRILLED TURKEY PATTY",Other,141.0,20.0,7.06,1.18,0.0,0.0,412.0,60
8457,"BALLPARK PEANUTS, ALMONDS, CARAMEL POPCORN, PRETZELS, HONEY-ROASTED SESAME STICKS AND CHILI CHEESE CORN JACKS TRAIL MIX, BALLPARK",Dairy,533.0,16.7,36.7,36.7,6.7,10.0,700.0,60
8458,BALSAMIC  VINAIGRETTE & MARINADE,Other,233.0,0.0,20.0,16.7,3.3,0.0,367.0,60
8459,"BALSAMIC & HERB FLAVORED BLACK BEAN & VEGGIE STRAWS SNACKS, BALSAMIC & HERB",Snacks & Sweets,500.0,14.3,21.4,60.7,10.7,3.57,464.0,70
8460,"BALSAMIC & HERB LUPINI SNACK, BALSAMIC & HERB",Snacks & Sweets,120.0,14.0,2.0,14.0,14.0,0.0,642.0,60
8461,"BALSAMIC BRUSSELS SPROUTS HALVED IN A SWEET AND TANGY BALSAMIC SAUCE SKILLETS, BALSAMIC BRUSSELS SPROUTS",Vegetables,104.0,2.08,4.69,11.5,6.2,1.0,208.0,60
8462,"BALSAMIC BRUSSELS SPROUTS WITH UNCURED BACON & PARMESAN VEGGIE CUPS, BALSAMIC BRUSSELS SPROUTS",Other,94.0,5.51,3.94,11.0,3.1,2.36,197.0,65
8463,"BALSAMIC CARAMELIZED ONION HOMMUS, BALSAMIC CARAMELIZED ONION",Other,214.0,3.57,16.1,14.3,3.6,0.0,375.0,60
8464,"BALSAMIC CARAMELIZED ONION HOMMUS, ONION",Other,214.0,3.57,16.1,14.3,3.6,0.0,375.0,60
8465,"BALSAMIC CARAMELIZED ONION HUMMUS, BALSAMIC CARAMELIZED ONION",Other,214.0,7.14,16.1,14.3,3.6,3.57,339.0,60
8466,"BALSAMIC CARAMELIZED ONION HUMMUS, BALSAMIC CARAMELIZED ONION",Other,214.0,3.57,16.1,14.3,3.6,3.57,375.0,60
8467,"BALSAMIC CARAMELIZED ONION HUMMUS, BALSAMIC CARAMELIZED ONION",Other,214.0,7.14,16.1,14.3,3.6,3.57,339.0,60
8468,BALSAMIC FIG,Other,250.0,3.57,16.1,21.4,3.6,7.14,339.0,60
8469,"BALSAMIC FIG CHICKEN WITH ZUCCHINI AND GRAPE TOMATOES, BALSAMIC FIG CHICKEN",Meat & Poultry,96.0,10.6,2.98,6.65,0.7,1.4,289.0,60
8470,BALSAMIC HABANERO PISTACHIOS,Snacks & Sweets,536.0,21.4,42.9,28.6,10.7,7.14,464.0,60
8471,"BALSAMIC HERB CRISPY FAVAS + PEAS, BALSAMIC HERB",Snacks & Sweets,429.0,25.0,17.9,53.6,10.7,3.57,464.0,70
8472,BALSAMIC VINAIGRETTE,Other,333.0,0.0,33.3,6.67,3.3,3.33,350.0,60
8473,"BALSAMIC VINEGAR & CARAMELIZED ONION SEEDED BITES, BALSAMIC VINEGAR & CARAMELIZED ONION",Other,440.0,20.0,24.0,52.0,20.0,4.0,460.0,70
8474,BALSAMIC VINEGAR & CARAMELIZED ONION SEEDED SNACKERS,Other,440.0,20.0,24.0,52.0,20.0,0.0,460.0,70
8475,"BALSAMIC VINEGAR & SEA SALT CASHEWS, BALSAMIC VINEGAR & SEA SALT",Snacks & Sweets,581.0,16.1,48.4,29.0,3.2,6.45,452.0,60
8476,"BALSAMIC VINEGAR OF MODENA, BALSAMIC",Other,87.0,13.3,0.0,13.3,,13.3,0.0,60
8477,BALTI CURRY SEASONING,Other,286.0,0.0,0.0,57.1,28.6,0.0,0.0,60
8478,"BAMBI LANE BISCUITS, 10.6 OZ",Other,440.0,12.0,12.0,72.0,20.0,,320.0,65
8479,BANANA,Other,312.0,12.5,6.25,40.6,6.2,6.25,594.0,65
8480,"BANANA & CACAO WITH CHIA & FLAXSEED, BANANA & CACAO",Snacks & Sweets,357.0,10.7,21.4,42.9,3.6,14.3,18.0,70
8481,"BANANA & COFFEE OVERNIGHT OATS, BANANA & COFFEE",Other,400.0,10.8,7.69,69.2,12.3,18.5,8.0,60
8482,"BANANA & COFFEE OVERNIGHT OATS, BANANA & COFFEE",Other,400.0,10.8,7.69,69.2,12.3,18.5,8.0,60
8483,"BANANA & COFFEE OVERNIGHT OATS, BANANA & COFFEE",Other,400.0,10.8,7.69,69.2,12.3,18.5,8.0,60
8484,"BANANA & COFFEE OVERNIGHT OATS, BANANA & COFFEE",Other,400.0,10.8,7.69,69.2,12.3,18.5,8.0,60
8485,"BANANA & NUT PEANUTS, PEANUT BUTTER DROPS, SEMI-SWEET CHOCOLATE DROPS, MILK CHOCOLATE COVERED PEANUTS, BANANA CHIPS & RAISINS TRAIL MIX, BANANA & NUT",Dairy,500.0,10.7,32.1,50.0,7.1,7.1,161.0,60
8486,"BANANA & STRAWBERRY FREEZE DRIED FRUIT CRISPS, BANANA & STRAWBERRY",Fruits,375.0,8.33,0.0,91.7,16.7,0.0,0.0,60
8487,"BANANA + ALMOND BUTTER PROLONGED POWER MACROBAR, BANANA + ALMOND BUTTER",Snacks & Sweets,431.0,16.9,18.5,53.8,4.6,100.0,8.0,60
8488,"BANANA + ALMOND BUTTER PROLONGED POWER MACROBARS, BANANA + ALMOND BUTTER",Snacks & Sweets,431.0,16.9,18.5,53.8,4.6,13.8,8.0,70
8489,"BANANA + NUT BITES, BANANA + NUT",Snacks & Sweets,458.0,20.8,25.0,45.8,4.2,12.5,83.0,70
8490,"BANANA BEAUTIFUL COLLAGEN + BEAUTY BLEND KETO BAR, BANANA BEAUTIFUL",Snacks & Sweets,462.0,28.2,33.3,28.2,20.5,5.13,231.0,60
8491,"BANANA BEAUTIFUL COLLAGEN+BEAUTY BLEND BAR, BANANA BEAUTIFUL",Snacks & Sweets,462.0,28.2,33.3,28.2,20.5,5.13,231.0,60
8492,"BANANA BERRY WITH WILD BLUES, BANANA",Fruits,57.0,0.71,0.0,14.3,3.6,9.29,7.0,65
8493,"BANANA BLISS MILK CHOCOLATE COVERED PEANUTS, PEANUTS, BANANA CHIPS & ALMONDS TRAIL MIX, BANANA BLISS",Dairy,594.0,15.6,43.8,37.5,6.2,12.5,141.0,60
8494,"BANANA BLUEBERRY SMOOTHIE, BANANA BLUEBERRY",Other,364.0,6.82,5.68,77.3,11.4,9.1,0.0,60
8495,BANANA BREAD,Grains,451.0,11.8,21.6,58.8,9.8,39.2,0.0,60
8496,"BANANA BREAD BAR, BANANA BREAD",Grains,444.0,11.1,22.2,53.3,8.9,37.8,0.0,60
8497,"BANANA BREAD CRICKET ENERGY BAR, BANANA BREAD",Grains,480.0,16.0,28.0,42.0,12.0,4.0,80.0,70
8498,"BANANA BREAD PROTEIN & FIBER HOT OATMEAL, BANANA BREAD",Grains,380.0,20.0,6.0,62.0,10.0,14.0,340.0,70
8499,"BANANA BREAD PROTEIN BARS, BANANA",Grains,473.0,21.8,34.6,27.3,5.5,12.7,255.0,60
8500,"BANANA BREAD SOFT BAKED BREAKFAST BISCUITS, BANANA BREAD",Grains,400.0,6.0,16.0,64.0,8.0,14.0,240.0,60
8501,"BANANA BREAD SOFT BAKED BREAKFAST BISCUITS, BANANA BREAD",Grains,400.0,6.0,16.0,64.0,8.0,14.0,240.0,60
8502,BANANA BREAD SPROUTED BITES,Grains,188.0,2.35,8.24,24.7,5.9,10.6,0.0,60
8503,"BANANA BREAD THE SUPERFOOD COOKIE, BANANA BREAD",Grains,456.0,12.3,26.3,43.9,8.8,0.0,237.0,70
8504,"BANANA CANDIED WALNUTS, BANANA",Snacks & Sweets,643.0,14.3,64.3,25.0,7.1,3.57,0.0,60
8505,"BANANA CARAMEL NO SUGAR ADDED KETO MUFFIN MIX, BANANA CARAMEL",Other,125.0,3.57,3.57,85.7,46.4,3.57,375.0,60
8506,"BANANA CHIP OVERNIGHT OATS, BANANA CHIP",Snacks & Sweets,439.0,14.0,21.0,56.1,15.8,10.5,0.0,60
8507,"BANANA CHIP, CINNAMON",Snacks & Sweets,500.0,10.7,35.7,42.9,7.1,10.7,268.0,60
8508,"BANANA CHIPS, ORIGINAL",Snacks & Sweets,518.0,3.57,28.6,64.3,3.6,0.0,214.0,65
8509,"BANANA CHOCOLATE CHIP BARS, BANANA CHOCOLATE CHIP",Snacks & Sweets,444.0,6.67,17.8,60.0,8.9,6.7,0.0,60
8510,"BANANA CHOCOLATE CHIP BARS, BANANA CHOCOLATE CHIP",Snacks & Sweets,444.0,6.67,17.8,60.0,8.9,6.7,0.0,60
8511,"BANANA CHOCOLATE CHIP BARS, BANANA CHOCOLATE CHIP",Snacks & Sweets,444.0,6.67,17.8,60.0,8.9,6.7,0.0,60
8512,"BANANA CHOCOLATE CHIP BARS, BANANA CHOCOLATE CHIP",Snacks & Sweets,422.0,8.89,20.0,57.8,8.9,,0.0,60
8513,"BANANA CHOCOLATE CHIP BARS, BANANA CHOCOLATE CHIP",Snacks & Sweets,444.0,6.67,17.8,60.0,8.9,6.7,0.0,60
8514,"BANANA CHOCOLATE CHIP BARS, BANANA; CHOCOLATE CHIP",Snacks & Sweets,444.0,6.67,17.8,60.0,8.9,6.7,0.0,60
8515,"BANANA CHOCOLATE CHIP BARS, BANANA; CHOCOLATE CHIP",Snacks & Sweets,444.0,6.67,17.8,60.0,8.9,6.7,0.0,60
8516,"BANANA CHOCOLATE CHIP BREAKFAST BARS, BANANA CHOCOLATE CHIP",Snacks & Sweets,417.0,16.7,18.8,50.0,8.3,12.5,354.0,70
8517,"BANANA CHOCOLATE CHIP DATE & NUT BARS, BANANA CHOCOLATE CHIP",Snacks & Sweets,400.0,6.67,15.6,60.0,6.7,2.2,0.0,60
8518,"BANANA CHOCOLATE CHIP FRUIT & NUT BAR, BANANA CHOCOLATE CHIP",Fruits,378.0,6.67,13.3,62.2,8.9,2.2,0.0,60
8519,"BANANA CHOCOLATE CHIP MUFFINS, BANANA CHOCOLATE CHIP",Snacks & Sweets,211.0,5.26,5.26,38.6,3.5,10.5,211.0,60
8520,"BANANA CHOCOLATE CHIP MUFFINS, BANANA CHOCOLATE CHIP",Snacks & Sweets,211.0,5.26,5.26,38.6,3.5,10.5,211.0,60
8521,"BANANA CHOCOLATE CHIP MUFFINS, BANANA; CHOCOLATE",Snacks & Sweets,211.0,5.26,5.26,38.6,3.5,10.5,211.0,60
8522,"BANANA CHOCOLATE CHIP PEANUT BUTTER SPREAD, BANANA CHOCOLATE CHIP",Snacks & Sweets,562.0,21.9,46.9,25.0,6.2,6.2,219.0,60
8523,"BANANA CHOCOLATE CHUNK PROTEIN SOFT BAKED BISCUIT, BANANA CHOCOLATE CHUNK",Other,400.0,20.0,16.0,46.0,6.0,22.0,440.0,60
8524,"BANANA CHOCOLATE CHUNK PROTEIN SOFT BAKED BISCUITS, BANANA CHOCOLATE CHUNK",Other,400.0,20.0,16.0,46.0,4.0,20.0,440.0,60
8525,"BANANA CHOCOLATE CHUNK PROTEIN SOFT BAKED BISCUITS, BANANA CHOCOLATE CHUNK",Other,400.0,20.0,16.0,46.0,6.0,22.0,440.0,60
8527,"BANANA CHOCOLATE PEANUT BUTTER ORGANIC NUT BUTTER FILLED ENERGY BARS, BANANA CHOCOLATE PEANUT BUTTER",Snacks & Sweets,460.0,12.0,20.0,50.0,6.0,22.0,250.0,60
8528,"BANANA CHOCOLATE PEANUT BUTTER ORGANIC NUT BUTTER FILLED ENERGY BARS, BANANA CHOCOLATE PEANUT BUTTER",Snacks & Sweets,440.0,12.0,20.0,56.0,4.0,14.0,250.0,70
8529,"BANANA CHOCOLATE WALNUT PROTEIN BAR, BANANA CHOCOLATE WALNUT",Snacks & Sweets,404.0,23.1,17.3,48.1,5.8,32.7,250.0,60
8530,"BANANA CHOCOLATE WALNUT PROTEIN BAR, BANANA CHOCOLATE WALNUT",Snacks & Sweets,404.0,23.1,17.3,48.1,5.8,32.7,250.0,60
8531,"BANANA CHOCOLATE WALNUT PROTEIN BAR, BANANA CHOCOLATE WALNUT",Snacks & Sweets,404.0,23.1,17.3,48.1,5.8,0.0,250.0,70
8532,"BANANA CHOCOLATE WALNUT PROTEIN BAR, BANANA; CHOCOLATE; WALNUT",Snacks & Sweets,404.0,23.1,17.3,48.1,5.8,0.0,250.0,70
8533,"BANANA CHOCOLATE WALNUT PROTEIN BARS, BANANA CHOCOLATE WALNUT",Snacks & Sweets,404.0,23.1,17.3,46.2,5.8,32.7,250.0,60
8534,"BANANA CINNAMON WITH DRIED BANANA FRUIT CRISPY GRANOLA, BANANA; CINNAMON",Fruits,367.0,6.67,3.33,80.0,6.7,13.3,50.0,60
8535,"BANANA CREAM FLAVORED GOLD STANDARD 100% WHEY PROTEIN POWDER DRINK MIX, BANANA CREAM",Beverages,387.0,77.4,3.23,12.9,,6.45,323.0,60
8536,"BANANA CREAM PIE MARSHMALLOW BARS, BANANA CREAM PIE MARSHMALLOW",Snacks & Sweets,325.0,42.5,5.0,30.0,0.0,12.5,200.0,60
8537,"BANANA CREAM PIE MARSHMALLOW PUFFS BAR, BANANA CREAM PIE MARSHMALLOW",Snacks & Sweets,325.0,42.5,5.0,30.0,0.0,12.5,200.0,60
8538,"BANANA CREME GENUINE PROTEIN POWDER, BANANA CREME",Other,400.0,45.7,12.9,30.0,1.4,2.9,193.0,65
8539,"BANANA DARK CHOCOLATE FRUIT BAR, BANANA DARK CHOCOLATE",Fruits,342.0,2.63,5.26,76.3,10.5,2.6,39.0,60
8540,"BANANA DARK CHOCOLATE FRUIT BARS, BANANA DARK CHOCOLATE",Fruits,342.0,2.63,5.26,76.3,10.5,2.6,39.0,60
8541,"BANANA FLAVORED SWIRL BREAD, BANANA",Grains,312.0,9.38,4.69,53.1,3.1,9.4,500.0,60
8542,"BANANA FLAVORED SYNTHA-6 ULTRA PREMIUM PROTEIN MATRIX PROTEIN POWDER DRINK MIX, BANANA",Beverages,426.0,46.8,12.8,31.9,,2.1,383.0,60
8543,"BANANA FLAVORED YOGURT-CULTURED ULTRA-FILTERED MILK, BANANA",Dairy,93.0,13.3,2.0,5.33,0.0,0.0,30.0,60
8544,"BANANA FROZEN ICELANDIC YOGURT BARS, BANANA",Dairy,103.0,7.35,2.94,13.2,7.4,5.88,74.0,60
8545,"BANANA FRUIT CRISPS, BANANA",Fruits,412.0,5.88,0.0,88.2,5.9,0.0,0.0,60
8546,"BANANA GINGER OVERNIGHT OATS, BANANA GINGER",Other,163.0,4.41,3.08,32.2,5.3,8.81,0.0,60
8547,"BANANA GRANOLA CRUNCH CRUNCHY PEANUT BUTTER WITH BANANA & GRANOLA, BANANA GRANOLA CRUNCH",Other,576.0,21.2,45.4,27.3,6.1,12.1,394.0,60
8548,"BANANA LIGHT ICE CREAM FUDGE AND STRAWBERRY SWIRLS PINEAPPLE, NUTS, BANANA SPLIT",Other,149.0,3.45,4.6,32.2,5.7,6.9,69.0,60
8549,"BANANA MANGO & MACADAMIA BAR, BANANA MANGO & MACADAMIA",Snacks & Sweets,425.0,12.5,17.5,57.5,5.0,32.5,275.0,65
8550,"BANANA MANGO & MACADAMIA BARS, BANANA MANGO & MACADAMIA",Snacks & Sweets,425.0,12.5,17.5,57.5,5.0,32.5,275.0,65
8551,BANANA NECTAR,Fruits,283.0,1.67,0.0,66.7,3.3,,33.0,60
8552,"BANANA NUT 5 GRAIN + SEED OATMEAL, BANANA NUT",Other,372.0,16.3,6.98,67.4,7.0,16.3,256.0,60
8554,"BANANA NUT BARS, BANANA NUT",Snacks & Sweets,395.0,26.3,10.5,47.4,7.9,10.5,197.0,70
8556,"BANANA NUT BREAD ENERGY BARS, BANANA NUT BREAD",Grains,368.0,13.2,8.82,25.0,4.0,32.4,265.0,60
8557,BANANA NUT BREAD GRANOLA,Grains,464.0,10.7,25.0,57.1,7.1,21.4,125.0,60
8558,BANANA NUT BREAD GRANOLA,Grains,464.0,10.7,25.0,57.1,7.1,21.4,125.0,60
8559,"BANANA NUT BREAD WHOLE FOOD PROTEIN BAR, BANANA NUT BREAD",Grains,388.0,29.8,13.4,43.3,4.5,7.5,448.0,60
8560,"BANANA NUT BUTTER GRAIN-FREE GRANOLA, BANANA NUT BUTTER",Other,500.0,13.3,36.7,30.0,6.7,10.0,350.0,60
8561,"BANANA NUT BUTTER GRAIN-FREE SUPERFOOD BAR, BANANA NUT BUTTER",Snacks & Sweets,550.0,15.0,40.0,35.0,7.5,15.0,350.0,60
8562,"BANANA NUT BUTTER GRAIN-FREE SUPERFOOD BARS, BANANA NUT BUTTER",Snacks & Sweets,550.0,15.0,40.0,35.0,7.5,15.0,350.0,60
8563,"BANANA NUT CHIA BAR, BANANA NUT",Snacks & Sweets,400.0,12.0,20.0,56.0,20.0,12.0,200.0,70
8564,"BANANA NUT CHIA BARS, BANANA NUT",Snacks & Sweets,400.0,12.0,20.0,68.0,20.0,8.0,180.0,70
8565,"BANANA NUT CHIA BARS, BANANA NUT",Snacks & Sweets,400.0,12.0,20.0,68.0,20.0,8.0,180.0,70
8566,BANANA NUT CLUSTERS,Other,379.0,6.9,5.17,72.4,6.9,10.3,121.0,60
8567,BANANA NUT CRUNCH CEREAL,Other,390.0,10.2,7.63,76.3,8.0,15.3,407.0,60
8568,"BANANA NUT CRUNCH CEREAL, BANANA NUT CRUNCH",Other,390.0,10.2,7.63,76.3,8.5,15.3,407.0,60
8569,"BANANA NUT CRUNCH CEREAL, BANANA NUT CRUNCH",Other,390.0,10.2,7.63,76.3,8.5,15.3,407.0,60
8570,"BANANA NUT CRUNCH GRANOLA WITH TOASTED OATS, DRIED BANANAS, ALMONDS, PUMPKIN SEEDS, SEA SALT, BANANA NUT CRUNCH",Other,441.0,13.6,13.6,66.1,6.8,16.9,339.0,60
8571,"BANANA NUT FLAVORED SUGAR FREE MUFFIN & BREAD MIX, BANANA NUT",Grains,303.0,12.1,21.2,60.6,27.3,0.0,258.0,70
8572,BANANA NUT GRANOLA,Other,380.0,20.0,8.0,62.0,6.0,22.0,0.0,60
8573,"BANANA NUT OATMEAL WITH APPLES, BANANAS, GRANOLA, ALMONDS & PUMPKIN SEEDS, BANANA NUT",Fruits,127.0,4.69,3.76,18.3,3.8,7.51,113.0,60
8574,"BANANA NUT OATMEAL, BANANA; NUT",Other,127.0,4.69,3.76,18.3,3.8,3.8,113.0,60
8575,"BANANA NUT PEAK OATMEAL, BANANA NUT",Other,400.0,26.7,9.33,53.3,8.0,9.3,373.0,70
8576,"BANANA NUT PROTEIN MUFFIN MIX, BANANA NUT",Other,391.0,15.6,7.03,67.2,4.7,32.8,359.0,60
8577,"BANANA NUT PROTEIN MUFFIN MIX, BANANA NUT",Other,415.0,12.3,12.3,64.6,4.6,30.8,415.0,60
8578,"BANANA NUT PROTEIN MUG MUFFIN, BANANA NUT",Other,421.0,21.0,15.8,50.9,8.8,10.5,456.0,70
8579,"BANANA NUT SMARTMUF'NS, BANANA NUT",Other,151.0,10.7,12.0,26.7,13.3,,253.0,70
8580,"BANANA NUT WITH PREBIOTIC FIBER SUPERFOOD OATMEAL, BANANA NUT",Other,372.0,11.6,9.3,69.8,14.0,11.6,256.0,70
8581,"BANANA NUTELLO FLAVORED 100% WHEY ISOLATE PROTEIN POWDER, BANANA NUTELLO",Other,345.0,75.9,1.72,10.3,3.4,0.0,862.0,60
8582,BANANA OAT CHOCO CHIP,Snacks & Sweets,427.0,21.0,17.7,48.4,24.2,19.4,6.0,65
8583,"BANANA OATMEAL, BANANA",Other,385.0,30.8,6.92,52.3,6.2,9.2,262.0,70
8584,"BANANA ORGANIC FRUIT JERKY WITH CACAO, BANANA WITH CACAO",Fruits,348.0,4.35,0.0,73.9,4.3,0.0,0.0,60
8585,"BANANA ORGANIC PLANT-BASED PROTEIN POWDER, BANANA",Other,351.0,48.6,6.76,32.4,13.5,10.8,568.0,60
8586,"BANANA PANCAKE BATTER FLAVORED VEGAN PROTEIN, BANANA PANCAKE BATTER",Other,344.0,62.5,4.69,15.6,3.1,0.0,938.0,60
8587,"BANANA PEANUT BUTTER BAR, BANANA PEANUT BUTTER",Snacks & Sweets,403.0,17.7,14.5,64.5,6.5,8.1,121.0,70
8588,"BANANA PEANUT BUTTER BARS, BANANA PEANUT BUTTER",Snacks & Sweets,403.0,17.7,14.5,64.5,6.5,8.1,121.0,70
8589,"BANANA PEANUT BUTTER FROZEN YOGURT BARK, BANANA PEANUT BUTTER",Dairy,357.0,14.3,25.0,39.3,10.7,7.1,125.0,60
8590,"BANANA PEANUT BUTTER SUPER PEANUT NUT & FRUIT BLEND, BANANA PEANUT BUTTER",Fruits,650.0,50.0,50.0,25.0,5.0,15.0,0.0,60
8591,"BANANA PEANUT BUTTER, BANANA",Other,562.0,21.9,46.9,18.8,9.4,3.1,109.0,60
8592,BANANA PECAN CRUNCH SUPERFOOD GRANOLA,Other,500.0,11.4,29.6,50.0,9.1,13.6,102.0,60
8593,"BANANA PUDDING PEANUTS, BANANA PUDDING",Snacks & Sweets,643.0,21.4,50.0,21.4,10.7,10.7,71.0,60
8594,"BANANA PUDDING, VANILLA",Other,107.0,4.29,2.14,15.7,4.3,11.4,193.0,60
8595,"BANANA PUMPKIN SEED BARS, BANANA PUMPKIN SEED",Snacks & Sweets,396.0,20.8,25.0,41.7,12.5,6.25,31.0,60
8596,"BANANA RICE RUSKS BAKED RICE SNACK, BANANA RICE RUSKS",Grains,375.0,12.5,0.0,87.5,0.0,12.5,188.0,60
8597,"BANANA SPLIT BANANA REDUCED FAT ICE CREAM, FUDGE AND STRAWBERRY SWIRLS PINEAPPLE, NUTS, BANANA SPLIT",Other,158.0,3.16,4.74,32.6,5.3,5.26,74.0,60
8598,BANANA SPLIT ICE CREAM,Other,153.0,4.17,4.86,29.2,5.6,6.94,111.0,60
8599,"BANANA SPLIT NO SUGAR ADDED BANANA LIGHT ICE CREAM FUDGE AND STRAWBERRY SWIRLS, PINEAPPLE, NUTS, BANANA SPLIT",Other,169.0,3.61,4.82,34.9,4.8,6.02,78.0,60
8600,"BANANA SPLIT NO SUGAR ADDED BANANA LIGHT ICE CREAM, FUDGE AND STRAWBERRY SWIRLS, PINEAPPLE, NUTS, BANANA SPLIT",Other,155.0,2.82,4.93,32.4,5.6,5.63,70.0,60
8601,"BANANA SPLIT REDUCED FAT ICE CREAM, BANANA",Other,158.0,3.16,4.74,32.6,5.3,0.0,74.0,60
8602,"BANANA SPLIT, BANANA",Snacks & Sweets,500.0,13.3,33.3,50.0,6.7,13.3,167.0,60
8603,BANANA WALNUT BITES,Snacks & Sweets,357.0,7.14,32.1,21.4,3.6,10.7,18.0,60
8604,"BANANA WALNUT BREAD, BANANA WALNUT",Grains,259.0,6.9,6.03,43.1,3.4,10.3,190.0,60
8605,"BANANA WALNUT BUTTER, BANANA",Other,607.0,14.3,57.1,25.0,7.1,7.1,0.0,60
8606,"BANANA WALNUT OVERNIGHT OATMEAL WITH ALMOND MILK, BANANA WALNUT, ALMOND MILK",Dairy,193.0,6.0,5.33,30.7,4.0,2.7,33.0,60
8607,"BANANA WALNUT SOFT BAKED DELICIOUS TREAT BARS, BANANA WALNUT",Snacks & Sweets,333.0,8.89,8.89,66.7,9.0,8.9,44.0,60
8608,"BANANA YOGURT WITH COCOA CLUSTERS & CHOCOLATE FLAVOR PROTEIN CRUNCH BLENDED GREEK NONFAT YOGURT AND TOPPINGS, BANANA YOGURT WITH COCOA CLUSTERS & CHOCOLATE",Dairy,106.0,12.8,1.06,12.1,2.1,2.8,99.0,60
8609,"BANANA, APPLE, BERRY & POMEGRANATE FRUIT SNACK, BANANA, APPLE, BERRY & POMEGRANATE",Fruits,100.0,0.91,0.0,22.7,7.3,10.9,9.0,65
8610,"BANANA, RASPBERRY, OATS & ACAI ORGANIC OATS & FRUIT, BANANA, RASPBERRY, OATS & ACAI",Fruits,141.0,4.04,3.03,26.3,5.1,0.0,0.0,65
8611,"BANANAS, NUTS, RAISINS BRITTLE, BANANAS, NUTS, RAISINS",Other,429.0,7.14,25.0,53.6,7.1,0.0,0.0,60
8612,"BANDI, FARMER CHEESE",Dairy,100.0,20.0,0.5,3.0,0.0,3.0,70.0,60
8613,"BANDITO PEANUTS, MINI PRETZELS, CAJUN CHILI LEMON SPICE WESTERN TRAIL MIX, BANDITO",Snacks & Sweets,533.0,16.7,33.3,43.3,6.7,0.0,1100.0,60
8614,"BANG BANG RANCH HIGH PROTEIN TORTILLA CHIPS, BANG BANG RANCH",Snacks & Sweets,533.0,43.3,36.7,13.3,6.7,,1030.0,60
8615,BANG'N BREADED SHRIMP,Grains,186.0,13.3,0.88,30.1,0.9,1.77,310.0,60
8616,BANH PHO RICE STICK,Grains,357.0,5.36,0.0,82.1,3.6,,36.0,60
8617,"BANQUET Breast Chicken Nugget, 48 OZ",Meat & Poultry,228.0,14.1,12.0,15.2,1.1,1.09,489.0,60
8618,"BANQUET Buffalo Tenders, 24 OZ",Meat & Poultry,235.0,14.1,12.9,17.6,0.0,1.18,376.0,60
8619,"BANQUET Chicken Breast Nuggets, 24 OZ",Meat & Poultry,247.0,11.8,12.9,21.2,2.4,1.18,412.0,60
8620,"BANQUET Chicken Nuggets, 26.5 OZ",Meat & Poultry,247.0,11.8,14.1,20.0,2.4,1.18,494.0,60
8621,"BANQUET Fun Chicken Nuggets, 24 OZ",Meat & Poultry,259.0,10.6,14.1,21.2,2.4,1.18,412.0,60
8622,BANQUET Ham and Cheese Breadstick,Dairy,194.0,7.46,5.97,26.9,26.9,5.97,478.0,60
8623,BANQUET Mega Strips Nashville Hot Recipe,Meat & Poultry,224.0,13.3,13.3,11.2,3.1,1.0,765.0,60
8624,"BANQUET Original Chicken Fries, 23.2 OZ",Meat & Poultry,250.0,15.0,15.0,15.0,1.2,1.25,488.0,60
8625,"BANQUET Original Fried Chicken, 26 OZ",Meat & Poultry,235.0,20.0,12.9,10.6,1.2,0.0,447.0,60
8626,"BANQUET POPCORN CHICKEN, CHICKEN PATTY FRITTERS",Meat & Poultry,259.0,10.6,9.41,30.6,4.7,2.35,588.0,60
8627,"BANQUET Salisbury Steak Dinner, 12.5 OZ",Other,130.0,10.2,8.19,8.47,1.4,0.56,393.0,60
8628,"BANQUET Sloppy Joe Meal Starter, 24 OZ",Other,107.0,7.14,3.57,10.7,3.6,5.36,304.0,60
8629,"BANQUET Taco Night Meal Starter, 24 OZ",Other,107.0,8.93,4.46,8.93,3.6,1.79,464.0,60
8630,"BANQUET, CHICKEN BREAST NUGGETS",Meat & Poultry,247.0,12.9,11.8,22.4,3.5,1.18,388.0,70
8631,"BANQUET, CHICKEN BREAST PATTIES",Meat & Poultry,250.0,13.2,13.2,20.6,2.9,1.47,471.0,60
8632,BANVETTE PASTA,Grains,351.0,11.8,0.55,74.7,0.3,0.91,36.0,60
8633,"BANZA PIZZA CRUST, 2 COUNT, 13.4 OZ",Other,312.0,8.33,10.4,45.8,6.2,0.0,281.0,60
8634,"BAO MONGOLIAN STYLE SPICY BEEF STEAMED BUN FILLED WITH BEEF, VEGETABLES, AND GARLIC CHILI PASTE, BAO MONGOLIAN STYLE",Vegetables,310.0,11.3,12.7,36.6,1.4,8.5,423.0,60
8635,"BAR BLEND SAVORY SNACK MIX, BAR BLEND",Snacks & Sweets,500.0,16.7,30.0,46.7,6.7,3.33,1000.0,60
8636,BAR MIX,Snacks & Sweets,500.0,13.3,26.7,53.3,6.7,3.33,733.0,60
8637,"BAR MIX A SAVORY AND CRUNCHY BLEND OF PEANUTS, PRETZEL STICKS, RICE CRACKERS, RYE CHIPS, SALSA FLAVORED CORN STICKS AND HONEY ROASTED SESAME STICKS, BAR MIX",Grains,483.0,13.8,24.1,55.2,3.4,3.4,759.0,60
8638,"BAR MIX HONEY ROASTED PEANUTS, MINI PRETZEL TWISTS, BUFFALO PEANUTS, BUTTER TOFFEE PEANUTS AND HICKORY SMOKED ALMONDS, BAR MIX",Snacks & Sweets,500.0,16.7,33.3,40.0,6.7,10.0,600.0,60
8639,"BAR MIX SNACKS, HOT",Snacks & Sweets,500.0,14.3,28.6,57.1,3.6,0.0,714.0,60
8640,"BAR MIX, HOT",Snacks & Sweets,464.0,10.7,17.9,64.3,3.6,3.57,1000.0,60
8641,BAR NUTS TRAIL MIX,Snacks & Sweets,607.0,21.4,53.6,21.4,10.7,3.57,36.0,60
8642,"BAR WITH GREEK YOGURT STYLE COATING, BLUEBERRY",Dairy,380.0,40.0,9.0,38.0,4.0,8.0,230.0,70
8643,"BAR, ALMOND BUTTER",Snacks & Sweets,469.0,20.3,28.1,39.1,6.2,28.1,94.0,60
8644,"BAR, APPLE PIE",Snacks & Sweets,317.0,33.3,11.7,40.0,26.7,5.0,192.0,70
8645,"BAR, BAR",Snacks & Sweets,500.0,12.5,27.5,47.5,7.5,27.5,162.0,60
8646,"BAR, CACAO HEMP WALNUT WITH MINT",Snacks & Sweets,406.0,11.5,19.8,45.8,8.3,41.7,396.0,65
8647,"BAR, CHOCOLATE ALMOND CRUNCH",Snacks & Sweets,380.0,20.0,18.0,48.0,18.0,14.0,320.0,60
8648,"BAR, CHOCOLATE BROWNIE",Snacks & Sweets,355.0,32.3,9.68,43.0,5.4,29.0,194.0,60
8649,"BAR, CHOCOLATE BROWNIE, CHOCOLATE BROWNIE",Snacks & Sweets,419.0,27.9,23.3,37.2,18.6,2.3,105.0,60
8650,"BAR, CHOCOLATE BROWNIE, CHOCOLATE BROWNIE",Snacks & Sweets,419.0,27.9,23.3,37.2,18.6,2.3,105.0,60
8651,"BAR, CHOCOLATE DELUXE",Snacks & Sweets,360.0,42.0,9.0,34.0,4.0,6.0,170.0,60
8652,"BAR, CHOCOLATE PEANUT BUTTER",Snacks & Sweets,431.0,26.2,21.5,40.0,10.8,23.1,415.0,60
8653,"BAR, CHOCOLATE PEANUT BUTTER BANANA",Snacks & Sweets,364.0,12.1,13.6,50.0,6.1,22.7,167.0,60
8654,"BAR, COOKIE DOUGH, COOKIE DOUGH",Snacks & Sweets,429.0,28.6,23.8,38.1,7.1,2.4,107.0,60
8655,"BAR, COOKIE DOUGH, COOKIE DOUGH",Snacks & Sweets,429.0,28.6,23.8,38.1,7.1,2.4,107.0,60
8656,"BAR, CRANBERRY CRUNCH",Snacks & Sweets,489.0,20.0,26.7,42.2,4.4,31.1,44.0,60
8657,"BAR, CRANBERRY WHITE CHOCOLATE",Snacks & Sweets,400.0,17.8,17.8,51.1,8.9,20.0,333.0,60
8658,"BAR, CRANBERRY, ROSEMARY",Snacks & Sweets,357.0,16.1,17.9,33.9,5.4,14.3,536.0,60
8659,"BAR, DARK CHOCOLATE ALMOND",Snacks & Sweets,444.0,17.8,22.2,48.9,8.9,17.8,244.0,60
8660,"BAR, DARK CHOCOLATE COCONUT",Snacks & Sweets,380.0,38.0,10.0,38.0,4.0,2.0,320.0,60
8661,"BAR, DARK CHOCOLATE COCONUT",Snacks & Sweets,380.0,38.0,10.0,38.0,4.0,2.0,320.0,60
8662,"BAR, MADAGASCAR VANILLA ALMOND & HONEY, MADAGASCAR VANILLA ALMOND & HONEY",Snacks & Sweets,465.0,14.0,23.3,51.2,7.0,23.3,116.0,60
8663,"BAR, MANGO CURRY",Snacks & Sweets,357.0,16.1,17.9,37.5,5.4,14.3,500.0,70
8664,"BAR, MAPLE ALMOND",Snacks & Sweets,477.0,20.0,27.7,41.5,6.2,27.7,85.0,60
8665,"BAR, OATMEAL RAISIN COOKIE",Snacks & Sweets,385.0,13.8,7.69,66.2,7.7,33.8,215.0,65
8666,"BAR, POMEGRANATE MULBERRY AMARANTH",Snacks & Sweets,450.0,12.5,22.5,50.0,5.0,27.5,25.0,65
8667,"BAR, PUMPKIN CARROT PECAN",Snacks & Sweets,276.0,10.5,6.58,46.0,5.3,19.7,132.0,60
8668,"BAR, S'MORES",Snacks & Sweets,400.0,11.4,12.9,68.6,8.6,17.1,143.0,60
8669,"BAR, WILD BLUEBERRY, PISTACHIO, WILD BLUEBERRY, PISTACHIO",Snacks & Sweets,419.0,11.6,16.3,58.1,7.0,30.2,140.0,60
8670,"BAR-B-Q CORN CHIPS, BAR-B-Q",Snacks & Sweets,500.0,3.33,30.0,56.7,6.7,3.3,400.0,60
8671,"BAR-B-Q PORK SHOULDER HICKORY-SMOKED WITH CORKY'S ORIGINAL SAUCE, BAR-B-Q, HICKORY-SMOKED",Meat & Poultry,171.0,12.1,8.57,10.7,0.7,8.57,193.0,60
8672,"BAR-B-Q PORK SHOULDER WITH CORKY'S ORIGINAL BAR-B-Q SAUCE, BAR-B-Q PORK SHOULDER",Meat & Poultry,171.0,12.1,8.57,10.7,0.7,8.57,193.0,60
8673,"BAR-B-Q ROASTED & SALTED SUNFLOWER SEEDS, BAR-B-Q",Snacks & Sweets,652.0,26.1,52.2,17.4,8.7,4.35,435.0,60
8674,"BAR-B-Q ROASTED & SEASONED LENTILS, PUMPKIN PEPITAS, SUNFLOWER KERNELS AND CHICKPEAS ENERGY-PACKED MIX, BAR-B-Q",Snacks & Sweets,565.0,21.2,37.6,35.3,9.4,2.4,635.0,60
8675,"BAR-B-Q ROASTED & SEASONED LENTILS, PUMPKIN PEPITAS, SUNFLOWER KERNELS, CHICKPEAS ENERGY-PACKED MIX, BAR-B-Q",Snacks & Sweets,565.0,21.2,37.6,35.3,9.4,2.4,635.0,60
8676,"BAR-B-Q ROASTED & SEASONED LENTILS, PUMPKIN PEPITAS, SUNFLOWER KERNELS, CHICKPEAS ENERGY-PACKED MIX, BAR-B-Q",Snacks & Sweets,581.0,22.6,38.7,35.5,9.7,3.2,613.0,60
8677,"BAR-B-Q SEASONED PORK TENDERLOIN, BAR-B-Q",Meat & Poultry,143.0,21.4,3.57,6.43,0.0,5.71,379.0,60
8678,"BAR-B-QUE JACKFRUIT, BAR-B-QUE",Fruits,60.0,1.33,0.0,13.3,5.3,2.7,333.0,60
8679,BARAZEK,Other,285.0,12.0,36.0,45.0,2.0,13.3,8.0,60
8680,BARBACOA,Meat & Poultry,161.0,18.8,8.93,1.79,,1.79,179.0,60
8681,BARBACOA BEEF,Meat & Poultry,115.0,10.6,6.19,3.54,0.0,0.88,372.0,60
8682,"BARBACOA BEEF WITH SAUCE, BARBACOA",Meat & Poultry,143.0,19.6,7.14,1.79,0.0,1.8,286.0,60
8683,"BARBADOS MEATLESS MEATBALLS, BARBADOS",Meat & Poultry,186.0,8.85,3.54,30.1,5.3,8.85,195.0,60
8684,"BARBARA'S, SNACKIMALS, COOKIES, PEANUT BUTTER, PEANUT BUTTER",Snacks & Sweets,500.0,13.3,26.7,60.0,3.3,20.0,183.0,60
8685,"BARBECUE BAKED BEANS, BARBECUE",Other,120.0,4.8,0.0,24.8,5.6,12.0,440.0,60
8686,BARBECUE BEAN & RICE CHIPS,Grains,500.0,17.9,21.4,64.3,21.4,0.0,446.0,70
8687,BARBECUE BEANS,Other,131.0,5.38,0.38,26.9,3.8,11.5,423.0,60
8688,"BARBECUE BEANS, SWEET MOLASSES",Other,131.0,5.38,0.38,27.7,3.8,12.3,423.0,60
8689,"BARBECUE BLACK BEAN & QUINOA BURGER, BARBECUE",Other,184.0,4.24,5.65,28.2,4.2,2.8,395.0,60
8690,"BARBECUE CHILI NUTTY SNACK MIX, BARBECUE CHILI",Snacks & Sweets,500.0,13.6,27.3,54.6,4.5,9.1,773.0,60
8691,"BARBECUE ENERGY-PACKED PROTEIN CRISPS, BARBECUE",Snacks & Sweets,321.0,35.7,8.93,42.9,14.3,7.1,1040.0,60
8692,"BARBECUE FLAVOR BAKED BEANS, BARBECUE",Other,145.0,6.11,0.38,29.8,6.9,14.5,435.0,60
8693,"BARBECUE FLAVORED ENERGY-PACKED PROTEIN CRISPS, BARBECUE",Other,429.0,35.7,10.7,46.4,17.9,7.1,893.0,60
8694,"BARBECUE FLAVORED ENERGY-PACKED PROTEIN CRISPS, BARBECUE",Snacks & Sweets,429.0,35.7,10.7,46.4,17.9,7.1,893.0,60
8695,"BARBECUE FLAVORED ENERGY-PACKED PROTEIN CRISPS, BARBECUE",Snacks & Sweets,429.0,35.7,10.7,46.4,17.9,7.1,893.0,60
8696,"BARBECUE FLAVORED KETTLE POTATO CHIPS, BARBECUE",Snacks & Sweets,536.0,7.14,28.6,60.7,3.6,3.6,500.0,60
8697,"BARBECUE FLAVORED PROTEIN CRISPS, BARBEQUE",Snacks & Sweets,429.0,35.7,10.7,46.4,17.9,7.1,893.0,60
8698,"BARBECUE FLAVORED SNACK WINGS, BARBECUE ",Other,214.0,19.0,15.5,7.14,0.0,1.19,488.0,60
8699,"BARBECUE HUMMUS, BARBECUE",Other,233.0,6.67,15.0,23.3,3.3,10.0,400.0,60
8700,"BARBECUE KENTUCKY STYLE CHICKEN BREAST, BARBECUE",Meat & Poultry,106.0,20.4,2.21,4.42,0.0,3.54,363.0,60
8701,"BARBECUE KETTLE STYLE CHIPS, BARBECUE",Snacks & Sweets,500.0,10.7,25.0,60.7,7.1,3.6,357.0,70
8702,"BARBECUE NUT CLUSTERS, BARBECUE",Snacks & Sweets,467.0,16.7,26.7,46.7,10.0,10.0,567.0,60
8703,"BARBECUE PLANT-BASED CHICK'N, BARBECUE",Meat & Poultry,227.0,21.3,9.33,17.3,1.3,5.3,453.0,60
8704,BARBECUE PORK,Meat & Poultry,232.0,12.1,12.1,17.3,,0.3,464.0,60
8705,"BARBECUE POTATO CHIPS, BARBECUE",Snacks & Sweets,536.0,3.57,32.1,57.1,3.6,3.6,500.0,60
8706,"BARBECUE POTATO CHIPS, BARBECUE",Snacks & Sweets,536.0,7.14,28.6,60.7,3.6,3.6,464.0,60
8707,"BARBECUE POTATO CHIPS, BARBECUE",Snacks & Sweets,536.0,7.14,28.6,60.7,3.6,3.6,464.0,60
8708,"BARBECUE POTATO CRISPS, BARBECUE",Snacks & Sweets,536.0,3.57,32.1,57.1,3.6,3.57,482.0,60
8709,"BARBECUE PROTEIN PUFFS, BARBECUE",Snacks & Sweets,393.0,35.7,5.36,57.1,10.7,3.57,125.0,70
8710,"BARBECUE PROTEIN QUINOA WAVE CHIPS, BARBECUE",Snacks & Sweets,396.0,21.4,7.14,60.7,7.1,3.6,293.0,70
8711,"BARBECUE ROASTED CHICKPEAS, BARBECUE",Snacks & Sweets,400.0,20.0,10.0,66.7,20.0,3.33,283.0,70
8712,"BARBECUE SEASONED PEANUTS AND PRETZELS NUT CLUSTERS, BARBECUE",Snacks & Sweets,467.0,16.7,26.7,46.7,10.0,10.0,567.0,60
8713,"BARBECUE SLOWLY SIMMERED IN SOUTHERN-STYLE BBQ SAUCE BAKED BEANS, BARBECUE",Other,131.0,5.38,0.38,26.2,5.4,10.8,338.0,60
8714,"BARBECUE SLOWLY SIMMERED IN SOUTHERN-STYLE BBQ SAUCE BAKED BEANS, BARBECUE",Other,131.0,5.38,0.38,26.2,5.4,10.8,338.0,60
8715,"BARBECUE SOY CRISPS, BARBECUE",Other,429.0,25.0,10.7,57.1,7.1,14.3,964.0,60
8716,"BARBECUE STYLE PLANT-BASED GROUNDS, CARAMELIZED ONIONS AND RED BELL PEPPER IN A SWEET & TANGY BBQ SAUCE SAVORY GROUNDS, BARBECUE STYLE",Meat & Poultry,158.0,10.5,3.95,14.5,1.3,5.26,434.0,65
8717,"BARBECUE SWEET AND ZESTY TRADITIONAL BARBECUE SAUCE BAKED BEANS, BARBECUE",Other,123.0,4.62,0.0,24.6,3.1,10.0,438.0,60
8718,"BARBECUE SWEET AND ZESTY TRADITIONAL BARBECUE SAUCE BAKED BEANS, BARBECUE",Other,115.0,4.62,0.0,24.6,3.1,10.8,454.0,60
8719,"BARBECUE TORTILLA CHIPS, BARBECUE",Snacks & Sweets,536.0,7.14,25.0,64.3,3.6,3.57,500.0,60
8720,"BARBEQUE CHICKPEA SNACKS, BARBEQUE",Snacks & Sweets,429.0,21.4,8.93,57.1,17.9,10.7,1790.0,60
8721,"BARBEQUE CHICKPEA SNACKS, BARBEQUE",Snacks & Sweets,429.0,17.9,10.7,64.3,21.4,3.57,857.0,60
8722,"BARBEQUE CRISPY MUSHROOM SNACK, BARBEQUE",Snacks & Sweets,567.0,13.3,36.7,43.3,16.7,3.3,700.0,60
8723,"BARBEQUE FLAVORED KETTLE CHIPS, BARBEQUE",Snacks & Sweets,536.0,7.14,28.6,60.7,3.6,3.6,464.0,60
8724,"BARBEQUE FLAVORED PROTEIN CHIPS, BARBEQUE",Snacks & Sweets,567.0,33.3,33.3,26.7,6.7,3.3,933.0,60
8725,"BARBEQUE FLAVORED PROTEIN CHIPS, BARBEQUE",Snacks & Sweets,553.0,34.2,34.2,26.3,7.9,2.6,921.0,60
8726,"BARBEQUE FLAVORED PROTEIN CHIPS, BARBEQUE",Snacks & Sweets,553.0,34.2,34.2,26.3,7.9,2.6,921.0,60
8727,"BARBEQUE KETTLE COOKED POTATO CHIPS, BARBEQUE",Snacks & Sweets,529.0,7.05,28.2,56.4,3.5,3.53,459.0,60
8728,"BARBEQUE KETTLE COOKED POTATO CHIPS, BARBEQUE",Snacks & Sweets,536.0,7.14,28.6,60.7,3.6,3.6,464.0,60
8729,"BARBEQUE KETTLE COOKED POTATO CHIPS, BARBEQUE",Snacks & Sweets,536.0,7.14,28.6,60.7,3.6,3.6,464.0,60
8730,"BARBEQUE KETTLE COOKED, BARBEQUE",Snacks & Sweets,571.0,7.14,39.3,46.4,3.6,0.0,411.0,65
8731,"BARBEQUE LIGHTLY BREADED CAULIFLOWER FLORETS WITH A SWEET BARBEQUE SAUCE CAULIFLOWER WINGS, BARBEQUE",Vegetables,183.0,3.17,7.14,24.6,6.3,4.8,452.0,60
8732,"BARBEQUE MIGHTY LIL' LENTILS, BARBEQUE",Snacks & Sweets,500.0,16.7,23.3,53.3,16.7,6.7,733.0,60
8733,"BARBEQUE PROTEIN CHIPS, BARBEQUE",Snacks & Sweets,553.0,34.2,34.2,26.3,7.9,2.6,921.0,60
8734,"BARBEQUE PROTEIN CRUNCHY, BAKED SNACK CRACKERS, BARBEQUE",Snacks & Sweets,433.0,16.7,10.0,66.7,6.7,3.3,300.0,70
8735,"BARBEQUE SEASONED ROASTED CHICKEN, BARBEQUE",Meat & Poultry,155.0,23.8,5.95,2.38,0.0,1.2,226.0,60
8736,Barber Foods Distinctions Uncooked Un-Breaded Brie & Apple Boneless Stuffed Chicken Breasts 8 oz.,Meat & Poultry,137.0,18.2,5.87,2.79,0.2,1.89,333.0,60
8737,Barber Foods Signature Supreme Uncooked Breaded Cordon Bleu Boneless Stuffed Chicken Breasts 6 oz.,Meat & Poultry,188.0,16.0,9.41,9.81,0.36,0.38,320.0,60
8738,"Barber Foods Signature Supreme Uncooked Breaded Crme Brie and Apple Boneless Stuffed Chicken Breasts, 6 oz.",Meat & Poultry,211.0,14.3,10.3,15.3,0.62,2.41,351.0,60
8739,Barber Foods Uncooked Breaded Broccoli & Cheese Boneless Stuffed Chicken Breasts 4 oz.,Meat & Poultry,204.0,13.9,11.8,9.65,0.83,0.92,365.0,60
8740,Barber Foods Uncooked Breaded Broccoli & Cheese Boneless Stuffed Chicken Breasts 7 oz.,Meat & Poultry,200.0,13.2,11.8,10.3,0.95,0.29,384.0,60
8741,Barber Foods Uncooked Breaded Chicken Parmesan Boneless Stuffed Chicken Breasts 7 oz.,Meat & Poultry,193.0,13.5,11.4,9.32,0.33,0.17,438.0,60
8742,Barber Foods Uncooked Breaded Cordon Bleu Boneless Stuffed Chicken Breasts 5 oz.,Meat & Poultry,220.0,16.6,13.0,9.09,0.22,0.78,451.0,60
8743,Barber Foods Uncooked Breaded Cordon Bleu Boneless Stuffed Chicken Breasts 7 oz.,Meat & Poultry,219.0,16.5,13.2,8.66,0.22,0.86,400.0,60
8744,Barber Foods Uncooked Breaded Cordon Royale Boneless Stuffed Chicken Breasts 4 oz.,Meat & Poultry,217.0,16.5,13.1,8.23,0.24,0.87,493.0,60
8745,"BARE BASICS OATS, RAISINS, DATES, WALNUTS, SESAME SEEDS SMOOTHIE FIXINS'",Other,400.0,12.5,12.5,62.5,10.0,22.5,75.0,60
8746,"BARE CRUNCHY ALMOND BUTTER, BARE CRUNCHY",Other,594.0,21.9,56.2,18.8,9.4,0.0,16.0,60
8747,"BARE OATS, BARLEY, WHEAT, QUINOA & RYE CATS, BARLEY. BARE, QUINOA & RYE ORGANIC INSTANT MULTIGRAIN HOT CEREAL WITH FLAX, BARE OATS, BARLEY, WHEAT, QUINOA & RYE",Other,357.0,14.3,7.14,66.7,5.0,0.0,179.0,70
8748,"BARE RAW + CHIA ALMOND BUTTER, BARE RAW + CHIA",Other,594.0,21.9,50.0,21.9,12.5,3.12,16.0,60
8749,BARE SMOOTH ALMOND BUTTER,Other,562.0,21.9,50.0,21.9,12.5,3.12,0.0,70
8750,"BARE SMOOTH ALMOND BUTTER GRAB & GO DIP CUPS, BARE SMOOTH",Other,607.0,21.4,53.6,21.4,10.7,0.0,0.0,60
8751,"BARE SMOOTH ALMOND BUTTER ON-THE-GO SNACK PACKS, BARE SMOOTH",Other,588.0,17.6,52.9,17.6,11.8,5.88,0.0,60
8752,"BARE SMOOTH ALMOND BUTTER, BARE SMOOTH",Other,562.0,21.9,50.0,21.9,12.5,0.0,0.0,70
8753,"BARELY EVEN SALTED SURPRISINGLY DELICIOUS MATZO, SALTED",Other,333.0,12.5,2.08,66.7,4.2,4.17,333.0,70
8754,"BARESI, ENRICHED MACARONI PRODUCT",Other,357.0,12.5,1.79,75.0,3.6,1.79,0.0,70
8755,"BARESI, PASTA, ENRICHED MACARONI PRODUCT",Grains,357.0,12.5,1.79,75.0,3.6,1.79,0.0,70
8756,"BARESINA CUT PASTA MACARONI PRODUCT, ORECCHIETTE",Grains,375.0,12.5,0.89,78.6,1.8,3.57,0.0,60
8757,"BARILLA CLASSIC ENRICHED MACARONI, ELBOWS, BARILLA CLASSIC",Other,357.0,12.5,1.79,75.0,2.0,1.79,0.0,60
8758,BARILLA WHOLE GRAIN LINGUINE,Other,357.0,12.5,2.68,73.2,10.7,3.57,18.0,70
8759,"BARILLA, ENRICHED MACARONI PRODUCT LARGE SHELLS",Other,357.0,12.5,1.79,75.0,2.0,3.57,0.0,60
8760,"BARILLA, FUSILLI",Other,357.0,12.5,1.79,75.0,3.6,3.57,0.0,70
8761,"BARILLA, ITALIAN ENTREES, WHOLE GRAIN PENNE, TOMATO & BASIL, TOMATO & BASIL",Other,122.0,3.92,1.76,22.4,3.9,2.35,267.0,60
8762,"BARILLA, ORGANIC, PENNE PASTA",Grains,357.0,12.5,1.79,75.0,2.0,1.79,0.0,60
8763,"BARILLA, ORGANIC, SPAGHETTI PASTA",Grains,357.0,12.5,1.79,75.0,2.0,1.79,0.0,60
8764,"BARILLA, PASTA, ROTINI",Grains,321.0,14.3,2.68,69.6,9.0,3.57,0.0,70
8765,"BARILLA, STELLINE, ENRICHED MACARONI PRODUCT",Other,357.0,12.5,1.79,75.0,3.6,3.57,0.0,70
8766,"BARILLA, THIN SPAGHETTI",Other,357.0,12.5,2.68,73.2,10.7,3.57,18.0,70
8767,"BARILLA, TORTELLONI, RICOTTA & SPINACH, RICOTTA & SPINACH",Other,411.0,14.3,12.5,58.9,8.9,3.57,643.0,60
8768,"BARILLA, VEGETABLE MARINARA WHOLE GRAIN FUSILLI PASTA",Vegetables,129.0,3.92,2.35,23.5,4.3,1.96,278.0,60
8769,"BARILLA, VEGGIE ELBOWS",Other,357.0,12.5,1.79,73.2,3.6,3.57,36.0,70
8770,"BARILLA, WHITE FIBER SHEELS",Other,321.0,10.7,1.79,76.8,11.0,1.79,0.0,70
8771,"BARILLA, WHITE FIBER THIN SPAGHETTI",Other,321.0,10.7,1.79,76.8,11.0,1.79,0.0,70
8772,"BARILLA, WHOLE GRAIN PASTA, ANGEL HAIR",Grains,357.0,12.5,2.68,73.2,10.7,3.57,18.0,70
8773,"BARILLA, WHOLE GRAIN PENNE, WHOLE WHEAT PASTA",Grains,321.0,14.3,2.68,69.6,9.0,3.57,0.0,70
8774,"BARILLA, WHOLE GRAIN, SPAGHETTI",Other,321.0,14.3,2.68,69.6,9.0,3.57,0.0,70
8775,"BARILLA, WHOLE WHEAT PASTA",Grains,321.0,14.3,2.68,69.6,9.0,3.57,0.0,70
8776,BARLEY,Grains,354.0,10.4,1.04,77.1,14.6,0.0,0.0,70
8777,"BARLEY & KALE POWER BLEND WITH BROCCOLI, CARROTS, BROWN RICE AND RED BEANS IN A LIGHT ROASTED GARLIC SAUCE, BARLEY & KALE POWER BLEND",Vegetables,85.0,2.82,1.23,14.1,3.2,2.47,162.0,60
8778,"BARLEY & LENTILS A READY-TO-HEAT BLEND OF BARLEY & GREEN LENTILS WITH EXTRA VIRGIN OLIVE OIL & SEA SALT, BARLEY & LENTILS",Other,165.0,7.23,2.41,31.3,6.0,0.4,289.0,60
8779,BARLEY & LENTILS ORGANIC BLEND,Other,133.0,3.33,5.83,16.7,3.3,0.83,433.0,60
8780,BARLEY CEBADA,Grains,303.0,9.09,0.0,72.7,15.2,0.0,0.0,60
8781,BARLEY CRETAN TOASTS,Other,376.0,15.6,2.89,77.8,13.3,5.56,444.0,70
8782,BARLEY FINE,Grains,515.0,15.2,3.03,112.0,15.2,,0.0,70
8783,BARLEY FLAKES,Grains,29.0,10.7,1.79,64.3,10.7,0.0,,70
8784,BARLEY FLOUR,Other,367.0,10.0,1.67,80.0,10.0,0.0,0.0,60
8785,BARLEY FLOUR,Other,367.0,10.0,0.0,76.7,16.7,0.0,10.0,60
8786,BARLEY FLOUR,Other,394.0,9.09,1.52,81.8,9.1,0.0,0.0,60
8787,BARLEY GRASS GREEN SUPERFOOD JUICE POWDER,Beverages,333.0,16.7,0.0,50.0,16.7,0.0,667.0,60
8788,BARLEY GRASS GREEN SUPERFOOD PURE POWDER,Other,337.0,19.2,0.0,57.7,38.5,9.62,240.0,70
8789,BARLEY GREEN LENTILS RED QUINOA BROWN RICE BLEND,Grains,378.0,11.1,2.22,75.6,8.9,0.0,0.0,70
8790,BARLEY GROATS WITH VEGETABLES,Vegetables,336.0,8.0,1.6,75.2,9.6,8.0,32.0,60
8791,BARLEY MUSHROOM SOUP MIX,Other,372.0,16.3,0.0,72.1,18.6,9.3,1260.0,60
8792,BARLEY PEARL,Grains,278.0,11.1,0.0,72.2,13.9,0.0,0.0,70
8793,BARLEY RISOTTO,Other,137.0,3.27,3.92,20.9,3.3,1.96,242.0,60
8794,"BARLEY RISOTTO WITH ROASTED CORN AND TOMATO, ROASTED CORN AND TOMATO",Other,106.0,3.08,3.08,16.7,3.5,0.4,247.0,60
8795,BARLEY SHAPE PREMIUM ENRICHED EGG NOODLES,Other,382.0,14.6,4.55,70.9,3.6,3.64,36.0,70
8796,"BARLEY, BLACK BEAN & VEGETABLE MEDLEY",Vegetables,82.0,3.29,1.03,15.2,4.1,2.47,222.0,60
8797,"BARLEY, PEAS & LENTILS",Vegetables,400.0,15.6,1.11,73.3,13.3,0.0,0.0,70
8798,"BARLEY, PEAS & LENTILS",Vegetables,315.0,16.4,1.37,58.9,13.7,1.37,0.0,70
8799,"BARLEY, PEAS & LENTILS GRAIN MIX",Vegetables,356.0,15.6,2.22,71.1,13.3,0.0,0.0,70
8800,"BARLEY, SPELT & BROWN RICE BLEND, BARLEY, SPELT & BROWN",Grains,378.0,11.1,2.22,77.8,8.9,0.0,0.0,70
8801,BARNEY BUTTER ALMOND BUTTER HONEY + FLAX,Other,588.0,17.6,52.9,23.5,11.8,5.88,0.0,60
8802,"BARNEY BUTTER, ALMOND BUTTER",Other,529.0,17.6,44.1,23.5,8.8,8.82,294.0,70
8803,"BARRAMUNDI BUTTERY WHITE FISH WITH MANGO, CITRUS, GARLIC, AND A KISS OF SRIRACHA SEAFOOD KIT, BARRAMUNDI WITH MANGO SRIRACHA",Seafood,107.0,14.7,2.0,2.67,0.0,0.7,193.0,60
8804,"BARRAMUNDI CRISPY FISH TENDERS, BARRAMUNDI",Seafood,214.0,14.3,9.52,19.0,0.0,0.0,238.0,60
8805,BARREL SAUERKRAUT,Vegetables,31.0,0.77,0.0,6.92,3.1,1.54,308.0,65
8806,"BARRICINI, HONEY NUT AND SEED CRUNCH",Snacks & Sweets,475.0,12.5,30.0,47.5,5.0,27.5,12.0,60
8807,BARS,Snacks & Sweets,450.0,10.0,22.5,55.0,17.5,15.0,175.0,60
8808,"BARS, CHOCOLATE PEANUT BUTTER CHIA CRISP",Snacks & Sweets,475.0,15.0,25.0,52.5,10.0,15.0,300.0,60
8809,"BARS, COOKIES & CREAM",Snacks & Sweets,333.0,23.8,10.7,52.4,9.5,0.0,333.0,60
8810,"BARS, DARK & TEMPTING BALSAMIC FIG & HAZELNUT, MISSION FIGS, HAZELNUTS, ORANGE, SUNFLOWER KERNELS, BALSAMIC VINEGAR, QUINOA",Snacks & Sweets,422.0,13.3,20.0,51.1,6.7,26.7,222.0,60
8811,"BARS, FIG + CARROT",Other,316.0,5.26,7.89,57.9,5.3,10.5,211.0,65
8812,"BARTELS FARMS, BEEF RIBEYE STEAKS",Meat & Poultry,170.0,20.5,8.93,0.0,,,40.0,60
8813,BARTLETT PEARS,Fruits,60.0,0.6,0.0,15.1,3.6,9.04,0.0,60
8814,BARTLETT PEARS,Fruits,60.0,0.6,0.0,15.1,3.6,9.04,0.0,60
8815,BARTLETT PEARS,Fruits,60.0,0.6,0.0,15.7,3.6,9.64,0.0,60
8816,"BARTOLINI EMILIO, QUICK COOKING SOUP",Other,360.0,18.0,2.0,66.0,22.0,4.0,40.0,70
8817,"BARTOLINI, CAVATELLI MACARONI PRODUCT",Other,375.0,10.7,1.79,76.8,3.6,5.36,0.0,70
8818,"BARTOLINI, MACARONI PRODUCT RICCETTE",Other,375.0,10.7,1.79,76.8,3.6,5.36,0.0,70
8819,"BASHAS', CORN TORTILLAS",Other,225.0,5.0,2.5,42.5,7.5,5.0,25.0,60
8820,"BASHAS', COTTAGE CHEESE",Dairy,100.0,11.8,4.09,4.55,0.0,2.73,336.0,60
8821,BASICS BLACK BEANS,Other,92.0,5.38,0.38,16.9,6.9,0.77,138.0,60
8822,BASICS BLACK BEANS,Other,85.0,5.38,0.0,14.6,6.2,0.77,285.0,60
8823,BASICS CHICKPEAS,Other,100.0,5.38,1.54,15.4,4.6,0.0,331.0,60
8824,BASICS DARK RED KIDNEY BEANS,Other,92.0,5.38,0.0,16.2,6.2,0.77,138.0,60
8825,BASICS DARK RED KIDNEY BEANS,Other,92.0,5.38,0.0,16.2,6.2,1.54,292.0,60
8826,BASICS PINTO BEANS,Other,77.0,4.62,0.0,15.4,5.4,0.77,415.0,60
8827,BASIL,Other,0.0,0.0,0.0,71.4,71.4,,0.0,60
8828,"BASIL & GARLIC WOVEN WITH QUINOA SEEDS CRACKERS, BASIL & GARLIC",Snacks & Sweets,433.0,10.0,15.0,70.0,10.0,3.33,433.0,60
8829,"BASIL & OREGANO PIZZA SAUCE, BASIL & OREGANO",Other,40.0,1.59,0.0,6.35,3.2,3.17,302.0,60
8830,"BASIL & OREGANO SEASONED CANNELLINI BEANS WITH TOMATOES & CARAMELIZED ONION, BASIL & OREGANO",Other,100.0,5.71,2.5,15.7,5.7,0.0,271.0,60
8831,"BASIL & SUN - DRIED TOMATO, ALMONDS",Snacks & Sweets,571.0,17.9,46.4,25.0,10.7,7.14,893.0,60
8832,BASIL & SUN-DRIED TOMATO ALMONDS,Snacks & Sweets,571.0,17.9,46.4,25.0,10.7,3.6,893.0,60
8833,"BASIL + GARLIC SUPER SEED CRACKERS, BASIL + GARLIC",Other,500.0,16.7,23.3,56.7,6.7,0.0,933.0,60
8834,"BASIL ALFREDO CHICKEN PENNE MEAL KIT, BASIL ALFREDO",Meat & Poultry,164.0,12.2,7.94,11.6,0.0,1.06,302.0,60
8835,"BASIL BALSAMIC VINAIGRETTE, BASIL BALSAMIC",Other,367.0,0.0,36.7,6.67,6.7,6.67,283.0,60
8836,"BASIL GROUND ORGANIC SPICES, BASIL GROUND",Other,0.0,0.0,0.0,71.4,71.4,0.0,0.0,60
8837,BASIL HUMMUS,Other,214.0,7.14,16.1,14.3,3.6,0.0,500.0,60
8838,BASIL PAPPARDELLE,Other,270.0,11.2,1.69,51.7,3.4,0.0,416.0,70
8839,BASIL PESTO,Other,398.0,5.0,7.0,4.0,6.0,3.0,80.0,60
8840,"BASIL PESTO BITS OF WHOLE CHICKPEAS MIXED WITH BASIL, GARLIC AND PARSLEY CHUNKY HUMMUS, BASIL PESTO",Other,286.0,7.14,21.4,17.9,3.6,0.0,393.0,60
8841,"BASIL PESTO CHICKEN BREASTS, BASIL PESTO",Meat & Poultry,124.0,20.4,3.98,1.77,0.0,0.0,416.0,60
8842,"BASIL PESTO CHICKEN SLICED CHICKEN BREASTS WITH RIB MEAT IN A SAVORY BASIL PESTO SAUCE PREMIUM MEALS, BASIL PESTO CHICKEN",Meat & Poultry,221.0,14.3,18.6,1.43,0.7,0.0,336.0,60
8843,"BASIL PESTO FRESH VEGGIE NOODLES, BASIL PESTO",Other,111.0,6.56,7.21,6.89,3.3,0.3,233.0,60
8844,"BASIL PESTO HUMMUS, BASIL PESTO",Other,286.0,7.14,21.4,14.3,7.1,0.0,411.0,60
8845,"BASIL PESTO PLIN MADE WITH PUMPKIN SEEDS, IMPORTED ITALIAN PECORINO ROMANO CHEESE AND CAGE-FREE EGGS, BASIL PESTO PLIN",Dairy,290.0,13.0,8.0,40.0,3.0,2.0,190.0,60
8846,BASIL PESTO RISOTTO,Other,360.0,20.0,4.0,60.0,10.0,2.0,760.0,60
8847,BASIL PESTO RISOTTO,Other,360.0,20.0,4.0,60.0,10.0,2.0,760.0,60
8848,"BASIL PESTO SEA-VEGGIE BURGERS, BASIL PESTO",Other,171.0,8.57,6.43,17.1,8.6,0.0,329.0,60
8849,"BASIL PESTO SEA-VEGGIE BURGERS, BASIL PESTO",Other,171.0,8.57,6.43,17.1,8.6,0.0,329.0,60
8850,"BASIL PESTO WHITE & FLAKY FILLETS WITH AN IRRESISTIBLE BASIL PESTO, PARMESAN & GARLIC GLAZE TILAPIA, BASIL PESTO",Seafood,118.0,17.6,4.9,0.98,0.0,0.0,245.0,60
8851,"BASIL PESTO, BASIL",Other,367.0,3.33,36.7,3.33,3.3,0.0,300.0,65
8852,"BASIL PESTO, BASIL",Other,320.0,4.0,30.0,10.0,4.0,0.0,460.0,60
8853,BASIL TUNA,Other,100.0,21.2,0.62,2.5,0.0,2.5,438.0,60
8854,"BASMATI & CHIA RICE BLEND, BASMATI & CHIA",Grains,388.0,10.2,6.12,71.4,6.1,0.0,0.0,70
8855,"BASMATI & FLAXSEED RICE BLEND, BASMATI & FLAXSEED",Grains,375.0,10.4,6.25,70.8,6.2,2.08,0.0,70
8856,"BASMATI BROWN & RED RICE BLEND, BASMATI BROWN & RED",Grains,356.0,8.89,3.33,73.3,4.4,4.44,11.0,60
8857,"BASMATI BROWN & WILD RICE BLEND, BASMATI BROWN & WILD",Grains,356.0,11.1,3.33,75.6,4.4,6.67,11.0,70
8858,BASMATI RICE,Grains,364.0,19.0,6.0,61.0,17.0,11.0,24.0,70
8859,"BASMATI RICE WITH GREEN PEAS, GREEN PEAS",Grains,188.0,4.2,5.6,30.2,5.7,1.4,394.0,60
8860,BASMATI WHITE RICE,Grains,356.0,8.89,2.22,77.8,4.4,0.0,0.0,60
8861,"BASSE, CASHEWS, ROASTED AND SALTED",Snacks & Sweets,580.0,16.0,46.0,32.0,4.0,6.0,400.0,60
8862,"BASTONCINI, ORIGINAL",Other,393.0,10.7,5.36,78.6,3.6,3.57,1000000.0,60
8863,"BATCH #37 SALSA, HABANERO GARLIC, HABANERO GARLIC",Other,57.0,0.0,1.79,7.14,3.6,3.57,304.0,60
8864,BATTER DIPPED CHICKEN BREAST TENDERS,Meat & Poultry,238.0,11.2,15.0,15.0,3.8,0.0,525.0,60
8865,BATTER DIPPED CHICKEN BREAST TENDERS,Meat & Poultry,238.0,11.2,15.0,15.0,3.8,0.0,525.0,60
8866,BATTER DIPPED CHICKEN BREAST TENDERS,Meat & Poultry,238.0,11.2,15.0,15.0,3.8,0.0,525.0,60
8867,"BATTER DIPPED FISH FILLETS, BATTER DIPPED",Seafood,284.0,10.8,16.2,23.0,1.4,1.35,446.0,60
8868,BATTER MIX FOR CHICKEN BROAST,Meat & Poultry,300.0,12.5,5.0,65.0,12.5,0.0,4000.0,60
8869,"BATTER MIX, SWEET ONION, SWEET ONION",Other,321.0,10.7,1.79,53.6,3.6,0.0,2750.0,60
8870,BATTERED COD FILLETS,Seafood,196.0,12.5,9.82,16.1,0.0,0.89,232.0,60
8871,BATTERED DARK MEAT CHICKEN,Meat & Poultry,118.0,15.3,3.53,5.88,0.0,0.0,200.0,60
8872,BATTERED FISH PLANKS,Seafood,224.0,12.9,9.41,27.1,1.2,1.18,471.0,60
8873,"BATTERED FRENCH TOAST STICKS, BATTERED FRENCH",Other,308.0,6.59,13.2,38.5,3.3,12.1,187.0,60
8874,"BATTERED SHRIMP, BEER ",Seafood,247.0,11.8,12.9,20.0,0.0,1.18,235.0,60
8875,BAUETTE FLAVORED PASTA,Grains,355.0,12.2,0.55,75.6,0.4,0.6,41.0,60
8876,BAVARIAN PRETZEL,Other,244.0,10.3,1.92,46.2,2.6,0.0,474.0,60
8877,"BAVARIAN RAW KRAUT, BAVARIAN",Other,50.0,0.0,0.0,10.0,3.3,6.7,500.0,60
8878,"BAVARIAN STYLE AUTHENTIC GERMAN ENG NOODLES, BAVARIAN STYLE",Other,364.0,12.7,2.73,70.9,3.6,3.64,18.0,70
8879,"BAVARIAN STYLE SAUERKRAUT, SWEET MILD",Other,33.0,0.0,0.0,6.67,3.3,3.33,,65
8880,"BAVETTE ARTISAN PASTA, SPINACH",Grains,356.0,12.6,0.55,75.8,0.7,0.96,52.0,60
8881,"BAVETTE FLAVORED PASTA, BASIL",Grains,356.0,12.0,0.55,76.0,0.2,0.4,35.0,60
8882,"BAVETTE FLAVORED PASTA, PARSLEY",Grains,356.0,12.6,0.55,75.8,0.7,0.96,52.0,60
8883,"BAVETTE, FLAVORED PASTA, PEPPER",Grains,356.0,12.2,0.73,76.0,1.1,0.96,69.0,60
8884,BAY LEAF WHOLE ORGANIC SPICES,Other,0.0,0.0,0.0,0.0,41.7,0.0,0.0,60
8885,BAY LEAVES,Other,0.0,0.0,0.0,0.0,50.0,0.0,0.0,60
8886,BAY SCALLOP PRODUCT,Seafood,71.0,12.4,0.44,3.54,0.0,0.0,389.0,60
8887,BAY SCALLOPS,Seafood,88.0,16.8,0.88,2.65,0.0,0.0,257.0,60
8888,BAY SCALLOPS,Seafood,89.0,15.2,0.89,2.68,0.0,2.68,143.0,60
8889,BAY SCALLOPS,Seafood,95.0,17.9,0.6,1.19,,,161.0,60
8890,BAY SCALLOPS,Seafood,80.0,16.8,0.44,2.65,0.0,0.0,159.0,60
8891,BAY SCALLOPS,Seafood,62.0,12.4,0.88,1.77,0.0,1.77,133.0,60
8892,BAY SCALLOPS,Seafood,88.0,16.8,0.88,2.65,0.0,0.0,257.0,60
8893,BAY SCALLOPS,Seafood,88.0,16.8,0.88,2.65,0.0,0.0,159.0,60
8894,BAY SCALLOPS,Seafood,80.0,17.7,0.88,2.65,0.0,0.0,142.0,60
8895,BAY SCALLOPS,Seafood,89.0,17.0,0.89,2.68,0.0,0.0,161.0,60
8896,BAY SCALLOPS,Seafood,71.0,12.4,0.44,3.54,0.0,0.0,159.0,60
8897,BAY SCALLOPS,Seafood,89.0,15.2,0.89,2.68,0.0,2.68,143.0,60
8898,BAY SCALLOPS,Seafood,71.0,12.4,0.44,3.54,0.0,0.0,142.0,60
8899,BAY SCALLOPS,Seafood,75.0,15.0,0.88,1.77,0.0,0.0,230.0,60
8900,BAY SCALLOPS,Seafood,88.0,16.8,0.88,2.65,0.0,0.0,159.0,60
8901,"BAY SPICE PREMIUM VIRGINIA ARTISAN PEANUTS, BAY SPICE",Snacks & Sweets,495.0,24.6,42.4,17.7,7.1,3.54,318.0,60
8902,"BAY SPICE PREMIUM VIRGINIA ARTISAN PEANUTS, BAY SPICE",Snacks & Sweets,500.0,25.0,42.9,17.9,7.1,3.57,321.0,60
8903,"BAYOU BLEND & HOOT 'N HOLLER SPICY SNACK MIX, BAYOU BLEND & HOOT 'N HOLLER",Snacks & Sweets,433.0,13.3,26.7,43.3,6.7,10.0,567.0,60
8904,"BAZZINI CRANBERRY NUT MIX, 5 OZ",Snacks & Sweets,429.0,10.7,21.4,57.1,7.1,17.9,0.0,60
8905,"BAZZINI WALNUTS, 4.5 OZ",Snacks & Sweets,667.0,16.7,66.7,13.3,6.7,0.0,0.0,60
8906,"BAZZINI WALNUTS, 7 OZ",Snacks & Sweets,667.0,16.7,66.7,12.5,8.3,0.0,0.0,60
8907,"BAZZINI WALNUTS, 8 OZ",Snacks & Sweets,667.0,16.7,66.7,13.3,6.7,0.0,0.0,60
8908,"BAZZINI, CASHEWS",Snacks & Sweets,581.0,16.1,48.4,29.0,3.2,6.45,0.0,60
8909,"BAZZINI, CRANBERRY NUT MIX",Snacks & Sweets,429.0,10.7,21.4,57.1,7.1,39.3,0.0,60
8910,"BAZZINI, PEANUT CRUNCH",Snacks & Sweets,488.0,14.0,27.9,51.2,4.7,30.2,0.0,60
8911,"BAZZINI, RAISIN NUT PARTY MIX",Snacks & Sweets,464.0,14.3,28.6,46.4,7.1,28.6,196.0,60
8912,"BAZZINI, UNSALTED DRY ROASTED ALMONDS",Snacks & Sweets,605.0,20.9,51.2,20.9,11.6,4.65,0.0,70
8913,"BAZZINI, WANUT HALVES",Snacks & Sweets,654.0,15.4,65.4,15.4,7.7,3.85,0.0,60
8914,"BBQ & RANCH FLAVORED BAKED VEGETABLE SNACK, BBQ & RANCH",Vegetables,500.0,14.3,25.0,53.6,7.1,3.6,643.0,60
8915,"BBQ A SWEET & SMOKY BLEND OF TOMATO & MESQUITE JACKFRUIT, BBQ",Fruits,100.0,1.82,3.18,16.4,5.5,6.36,336.0,60
8916,"BBQ BAKED BEANS, BBQ",Other,114.0,4.55,0.0,22.7,4.5,8.0,193.0,60
8917,"BBQ BAKED BEANS, BOURBON & MOLASSES",Other,146.0,5.38,0.38,29.2,3.8,13.8,362.0,60
8918,"BBQ BEEF BRISKET, BBQ BEEF",Meat & Poultry,183.0,22.5,7.75,4.93,0.0,2.8,380.0,60
8919,"BBQ BEEF CHILLI PRESSURE COOKER MEALS, BBQ BEEF CHILI",Meat & Poultry,155.0,10.6,2.12,23.0,4.6,3.9,233.0,70
8920,"BBQ BISON BRISKET BBQ SAUCE, MOZZARELLA CHEESE, BISON BRISKET, AND RED ONIONS ON A HAND-TOSSED CRUST PIZZA, BBQ BISON BRISKET",Dairy,200.0,10.9,6.67,24.8,1.2,0.6,194.0,60
8921,"BBQ BUBBY'S MATZO CHIPS, BBQ",Snacks & Sweets,433.0,13.3,6.67,76.7,3.3,3.3,767.0,60
8922,"BBQ BUTTER TOFFEE PEANUTS, ROASTED PEANUTS, CHEESE SESAME STICKS, BARBECUE SEASONED ALMONDS, HABANERO CORN NUGGETS, PUMPKIN SEEDS TRAIL MIX, BBQ",Dairy,533.0,16.7,33.3,43.3,6.7,13.3,600.0,60
8923,"BBQ CHICK'N, BBQ",Meat & Poultry,141.0,17.2,3.03,15.2,6.1,7.1,737.0,60
8924,"BBQ CHICKEN ORGANIC ANCIENT GRAINS PIZZA, BBQ CHICKEN",Meat & Poultry,220.0,9.76,5.69,30.9,4.9,4.88,463.0,60
8925,BBQ CHICKEN SANDWICH,Meat & Poultry,254.0,13.4,7.75,31.7,1.4,5.63,387.0,60
8926,"BBQ CHICKEN SANDWICH WHITE MEAT CHICKEN WITH CHEESE & BARBECUE-STYLE SAUCE ON BREAD PROTEIN KICK, BBQ CHICKEN SANDWICH",Meat & Poultry,200.0,11.8,5.29,25.9,1.8,2.9,341.0,60
8927,"BBQ CHICKEN THIN CRUST PIZZA, BBQ CHICKEN",Meat & Poultry,242.0,12.1,7.26,32.3,2.4,3.2,371.0,60
8928,"BBQ CHICKEN WINGS, BBQ CHICKEN",Meat & Poultry,190.0,15.5,10.7,8.33,0.0,4.76,476.0,60
8929,"BBQ CORN & BLACK BEAN TORTILLA CHIPS, BBQ",Snacks & Sweets,500.0,10.0,20.0,63.3,6.7,0.0,367.0,60
8930,"BBQ EXTRA LONG SUNFLOWER SEEDS, BBQ",Snacks & Sweets,679.0,21.4,57.1,17.9,10.7,3.57,321.0,60
8931,"BBQ EXTRA LONG SUNFLOWER SEEDS, BBQ",Snacks & Sweets,679.0,21.4,57.1,17.9,10.7,3.57,321.0,60
8932,"BBQ FLAVOR BAKED BEANS WITH PORK, BBQ WITH PORK",Meat & Poultry,151.0,5.56,5.56,24.6,3.2,11.9,254.0,60
8933,"BBQ FLAVOR ORGANIC YOUNG JACKFRUIT, BBQ",Fruits,60.0,1.0,0.0,13.0,5.0,2.0,240.0,60
8934,"BBQ FLAVORED CHICKEN CHIPOTLE BBQ SEASONED CHICKEN BREAST WITH CHEESE, CRUNCHY PEPPERS & RED ONION STONE BAKED FLATBREAD, BBQ CHICKEN",Meat & Poultry,216.0,10.4,4.8,32.0,1.6,4.8,464.0,60
8935,"BBQ FLAVORED CORN SNACK, BBQ",Snacks & Sweets,500.0,3.57,21.4,67.9,7.1,3.6,500.0,60
8936,"BBQ FLAVORED KETTLE COOKED POTATO CHIPS, BBQ",Snacks & Sweets,536.0,7.14,28.6,60.7,3.6,3.6,500.0,60
8937,"BBQ FLAVORED KETTLE COOKED POTATO CHIPS, BBQ",Snacks & Sweets,536.0,7.14,28.6,60.7,3.6,3.6,500.0,60
8938,"BBQ FLAVORED KETTLE COOKED POTATO CHIPS, BBQ",Snacks & Sweets,536.0,7.14,28.6,60.7,3.6,3.6,500.0,60
8939,"BBQ FLAVORED ORIGINAL STYLE PROTEIN CHIPS, BBQ",Snacks & Sweets,406.0,65.6,10.9,12.5,3.1,0.0,1060.0,60
8940,"BBQ FLAVORED ORIGINAL STYLE PROTEIN CHIPS, BBQ",Snacks & Sweets,406.0,65.6,10.9,12.5,3.1,0.0,1060.0,60
8941,BBQ FLAVORED SUNFLOWER SEEDS,Snacks & Sweets,700.0,25.0,53.6,35.7,7.1,10.7,800.0,60
8942,"BBQ FLAVORED SUNFLOWER SEEDS, BBQ",Snacks & Sweets,282.0,10.1,24.2,6.05,4.0,2.02,131.0,70
8943,"BBQ FLAVORED SUNFLOWER SEEDS, BBQ",Snacks & Sweets,679.0,21.4,57.1,17.9,10.7,3.57,321.0,60
8944,"BBQ FLAVORED WHEAT SNACKS, BBQ",Snacks & Sweets,500.0,10.7,21.4,64.3,3.6,0.0,446.0,70
8945,"BBQ FLAVORED WHITE MEAT BONELESS CHICKEN BITES, BBQ",Meat & Poultry,120.0,16.9,4.23,8.45,0.7,1.41,437.0,60
8946,"BBQ GARDEN VEGGIE POTATO CHIPS, BBQ",Snacks & Sweets,536.0,3.57,32.1,50.0,3.6,7.14,500.0,60
8947,"BBQ GLAZED GRILLED CHICKEN, BBQ GLAZED",Meat & Poultry,157.0,19.3,2.14,13.6,0.7,11.4,450.0,60
8948,"BBQ IMPOSSIBLE PORK BOWLS, BBQ",Meat & Poultry,173.0,5.1,4.31,27.8,3.9,9.8,239.0,60
8949,"BBQ JACKFRUIT A SWEET & SMOKY BLEND OF TOMATO & MESQUITE, BBQ JACKFRUIT",Fruits,100.0,1.82,3.18,16.4,5.5,6.36,336.0,60
8950,"BBQ JACKFRUIT, BBQ",Fruits,44.0,1.77,0.0,12.4,4.4,4.4,283.0,60
8951,"BBQ MISO CHICKPEA HEMPSEED BURGERS, BBQ MISO CHICKPEA",Other,172.0,8.08,8.08,24.2,5.1,2.02,116.0,60
8952,"BBQ MIXED NUTS, BBQ",Snacks & Sweets,607.0,21.4,46.4,21.4,7.1,3.6,268.0,70
8953,"BBQ NO SHELLS PISTACHIOS, BBQ",Snacks & Sweets,607.0,21.4,46.4,25.0,10.7,3.6,446.0,60
8954,"BBQ NO SHELLS PISTACHIOS, BBQ",Snacks & Sweets,607.0,21.4,46.4,25.0,10.7,3.6,446.0,60
8955,"BBQ ORIGINAL STYLE PROTEIN CHIPS, BBQ",Snacks & Sweets,438.0,59.4,15.6,15.6,3.1,3.1,1030.0,60
8956,"BBQ ORIGINAL STYLE PROTEIN CHIPS, BBQ",Snacks & Sweets,438.0,59.4,15.6,15.6,3.1,3.1,1030.0,60
8957,"BBQ ORIGINAL STYLE PROTEIN CHIPS, BBQ",Snacks & Sweets,438.0,59.4,15.6,15.6,3.1,3.1,1030.0,60
8958,"BBQ ORIGINAL STYLE PROTEIN CHIPS, BBQ ORIGINAL STYLE",Snacks & Sweets,438.0,59.4,15.6,15.6,3.1,3.1,1030.0,60
8959,"BBQ PISTACHIOS, BBQ",Snacks & Sweets,607.0,21.4,46.4,25.0,10.7,3.6,446.0,60
8960,"BBQ PISTACHIOS, BBQ",Snacks & Sweets,607.0,21.4,46.4,25.0,10.7,3.6,446.0,60
8962,"BBQ PORK WITH SAUCE IN A SWEET ROLL BITES, BBQ PORK",Meat & Poultry,282.0,11.8,10.6,36.5,1.2,10.6,412.0,60
8963,"BBQ PULLED PORK WRAP FLAVORED POTATO CHIPS, BBQ PULLED PORK WRAP",Meat & Poultry,536.0,7.14,32.1,57.1,3.6,3.6,482.0,60
8964,"BBQ PULLED PORK WRAP FLAVORED POTATO CHIPS, BBQ PULLED PORK WRAP",Meat & Poultry,536.0,7.14,32.1,57.1,3.6,3.6,482.0,60
8965,"BBQ RANCH CHICKEN TACOS WITH CRISPY JALAPEOS, BBQ RANCH CHICKEN TACOS",Meat & Poultry,185.0,11.1,9.58,15.1,1.1,0.7,376.0,60
8966,"BBQ RECIPE CHICKEN CRISPY THIN CRUST PIZZA, BBQ RECIPE CHICKEN",Meat & Poultry,231.0,10.5,8.39,29.4,0.7,11.2,490.0,60
8967,"BBQ RECIPE CHICKEN GRILLED WHITE-MEAT CHICKEN, RED ONIONS, CILANTRO, SMOKED GOUDA AND REDUCED FAT MOZZARELLA CHEESES, AND SWEET AND TANGY BBQ SAUCE ON A CRISPY THIN CRUST PIZZA, BBQ RECIPE CHICKEN",Meat & Poultry,227.0,12.2,7.56,26.2,1.2,4.07,453.0,60
8968,"BBQ RECIPE CHICKEN GRILLED WHITE-MEAT CHICKEN, RED ONIONS, CILANTRO, SMOKED GOUDA AND REDUCED FAT MOZZARELLA CHEESES, AND SWEET AND TANGY BBQ SAUCE ON A CRISPY THIN CRUST PIZZA, BBQ RECIPE CHICKEN",Meat & Poultry,235.0,12.9,8.24,25.9,1.2,4.12,453.0,60
8969,"BBQ RECIPE CHICKEN SAUSAGE BARBECUE SAUCE, SLICED CHICKEN SAUSAGE, RED ONIONS, MOZZARELLA & YELLOW CHEDDAR THIN CRUST MADE WITH SWEET POTATO PIZZA, BBQ RECIPE CHICKEN SAUSAGE",Meat & Poultry,236.0,10.6,10.6,23.6,0.8,2.4,488.0,60
8970,"BBQ RECIPE CHICKEN SWEET & TANGY BBQ SAUCE, BBQ SEASONED WHITE MEAT CHICKEN, RED ONIONS, PARSLEY, MOZZARELLA THIN CRUST PIZZA, BBQ RECIPE CHICKEN",Meat & Poultry,239.0,11.6,10.1,27.5,2.2,5.8,449.0,60
8971,"BBQ RECIPE CHICKEN TANGY BBQ SAUCE, GRILLED WHITE MEAT CHICKEN, RED ONIONS, PARSLEY, MOZZARELLA CHEESE HAND-TOSSED STYLE CRUST PIZZA, BBQ RECIPE CHICKEN",Meat & Poultry,269.0,10.3,9.4,36.3,1.7,3.8,470.0,60
8972,"BBQ RECIPE CHICKEN THIS THIN CRUST PIZZA FEATURES A SWEET AND TANGY BBQ SAUCE AND IS TOPPED WITH MONTEREY JACK CHEESE, DICED CHICKEN, ROASTED RED ONION AND CILANTRO THIN CRUST PIZZA, BBQ RECIPE CHICKEN",Meat & Poultry,250.0,11.4,9.09,31.1,0.8,5.3,356.0,60
8973,"BBQ RECIPE CHICKEN TOPPED WITH BBQ-SEASONED GRILLED WHITE-MEAT CHICKEN, RED ONIONS, CILANTRO, HICKORY SMOKED GOUDA & MOZZARELLA CHEESES OVER SWEET & TANGY BBQ SAUCE CRISPY THIN CRUST PIZZA, BBQ RECIPE CHICKEN",Meat & Poultry,201.0,11.5,6.47,24.5,0.7,5.0,475.0,60
8974,"BBQ RECIPE CHICKEN TOPPED WITH BBQ-SEASONED GRILLED WHITE-MEAT CHICKEN, RED ONIONS, CILANTRO, MOZZARELLA & HICKORY SMOKED GOUDA CHEESES OVER SWEET & TANGY BBQ SAUCE CRISPY THIN CRUST PIZZA, BBQ RECIPE CHICKEN",Meat & Poultry,250.0,11.9,8.52,31.2,1.1,4.0,409.0,60
8975,"BBQ RECIPE CHICKEN TOPPED WITH BBQ-SEASONED GRILLED WHITE-MEAT CHICKEN, RED ONIONS, CILANTRO, MOZZARELLA & HICKORY SMOKED GOUDA CHEESES OVER SWEET & TANGY BBQ SAUCE CRISPY THIN CRUST PIZZA, BBQ RECIPE CHICKEN",Meat & Poultry,209.0,11.5,7.91,23.7,0.7,5.8,460.0,60
8976,"BBQ RECIPE CHICKEN TOPPED WITH BBQ-SEASONED GRILLED WHITE-MEAT CHICKEN, RED ONIONS, CILANTRO, MOZZARELLA & HICKORY SMOKED GOUDA CHEESES OVER SWEET & TANGY BBQ SAUCE CRISPY THIN CRUST PIZZA, BBQ RECIPE CHICKEN",Meat & Poultry,209.0,11.5,7.91,23.7,0.7,5.8,460.0,60
8977,"BBQ RECIPE CHICKEN WITH BACON APPLEWOOD-SMOKED BACON, BBQ-SEASONED WHITE MEAT CHICKEN, RED ONIONS, CILANTRO, SMOKED GOUDA & MOZZARELLA CHEESES, AND SWEET AND TANGY BBQ SAUCE ON OUR HAND-TOSSED STYLE CRUST PIZZA, BBQ RECIPE CHICKEN WITH BACON",Meat & Poultry,238.0,11.3,5.96,33.1,1.3,4.64,477.0,60
8978,"BBQ RECIPE CHICKEN ZESTY BBQ SAUCE TOPPED WITH TENDER WHITE MEAT CHICKEN, LOW-MOISTURE MOZZARELLA AND SMOKE FLAVORED GOUDA CHEESES, AND RED ONIONS ON A ULTRA THIN CRUST PIZZA, BBQ RECIPE CHICKEN",Meat & Poultry,215.0,11.1,6.67,27.4,0.7,8.1,415.0,60
8979,"BBQ RECIPE CHICKEN, RED ONIONS & BBQ SAUCE PIZZERIA THIN CRUST PIZZA, BBQ RECIPE CHICKEN",Meat & Poultry,197.0,10.2,7.09,21.3,0.8,2.4,378.0,60
8980,"BBQ RIB SANDWICH, BBQ RIB",Other,147.0,13.5,12.8,32.7,0.0,1.3,391.0,60
8981,BBQ RUBBED SALMON,Seafood,212.0,19.5,13.3,3.54,0.0,1.77,451.0,60
8982,BBQ SAUCE,Meat & Poultry,164.0,10.7,6.43,15.7,1.4,11.4,407.0,60
8983,BBQ SEASONED CHICKEN,Meat & Poultry,133.0,12.4,5.31,9.73,1.8,6.19,221.0,60
8984,"BBQ SEASONED CHICKEN ON A CAULIFLOWER, WHEAT AND BARLEY CRUST, WITH A TANGY BBQ SAUCE AND RED ONIONS FLATBREAD PIZZA, BBQ SEASONED CHICKEN",Meat & Poultry,196.0,10.3,4.12,28.4,2.1,3.1,309.0,60
8985,"BBQ SEASONED PEANUTS, BBQ SEASONED",Snacks & Sweets,567.0,23.3,53.3,16.7,6.7,3.3,250.0,60
8986,"BBQ SEASONED PORK TENDER BRAISED PORK LOIN WITH PINTO BEANS & VEGETABLES AND SWEET & ZESTY BBQ SAUCE ROLLED IN A FLOUR TORTILLA WRAP, BBQ SEASONED PORK",Vegetables,188.0,14.1,5.29,20.6,8.2,1.8,341.0,70
8987,"BBQ SEASONED PULLED CHICKEN BREAST WITH SWEET & TANGY BBQ SAUCE, STEAMED BROCCOLI AND SEASONED SWEET POTATOES MEAL, BBQ SEASONED PULLED CHICKEN",Meat & Poultry,132.0,10.5,1.1,15.4,1.4,5.5,135.0,60
8988,"BBQ SEASONED ROASTED CHICKEN, BBQ",Meat & Poultry,155.0,20.2,5.95,2.38,0.0,1.19,226.0,60
8989,"BBQ SEASONED SWEET POTATO CHICKEN SNACK STICK, BBQ SEASONED SWEET POTATO",Meat & Poultry,214.0,21.4,7.14,17.9,3.6,10.7,1000.0,60
8990,BBQ STYLE BEANS,Other,131.0,7.69,4.62,16.2,3.8,6.15,392.0,60
8991,"BBQ STYLE CHICKEN! CRAFTED SANDWICHES, BBQ STYLE CHICKEN!",Meat & Poultry,252.0,10.6,9.76,30.1,1.6,4.9,350.0,60
8992,BBQ SUNFLOWER KERNELS,Snacks & Sweets,600.0,20.0,50.0,23.3,10.0,3.33,417.0,60
8993,"BBQ SWEETS SWEET & TANGY SWEET POTATO REAL VEGETABLE CHIPS, BBQ SWEETS",Vegetables,536.0,3.57,32.1,57.1,7.1,3.6,446.0,60
8994,"BBQ& RANCH GREEN PEA CRISPS, BBQ & RANCH",Snacks & Sweets,500.0,14.3,25.0,53.6,7.1,3.6,679.0,60
8995,"BBQ, VINEGAR, ONION & GARLIC KETTLE COOKED POTATO CHIPS, BBQ, VINEGAR, ONION & GARLIC",Snacks & Sweets,536.0,7.14,28.6,60.7,3.6,3.6,393.0,60
8996,Be Natural 5 Whole Grain Flakes 325g,Snacks & Sweets,364.0,9.0,2.0,70.5,13.0,13.5,240.0,60
8997,"BE'F TIPS SAUCE, BE'F TIPS",Meat & Poultry,165.0,16.5,7.06,8.24,0.0,1.2,412.0,60
8998,"BEACH BASH SEED & FRUIT MIX, BEACH BASH",Fruits,464.0,14.3,25.0,50.0,7.1,32.1,161.0,60
8999,"BEACH BASH SUNFLOWER KERNELS, PINEAPPLE, PUMPKIN SEEDS, CRANBERRIES, APRICOTS NOT NUTS! SEED AND FRUIT MIX, BEACH BASH",Fruits,478.0,13.0,26.1,50.0,6.5,32.6,163.0,60
9000,"BEAM DRAGONFRUIT MAQUI BERRY ORGANIC DETOXIFYING HOT CEREAL, BEAM",Fruits,400.0,15.0,11.7,60.0,11.7,3.33,33.0,70
9001,Bean & Cheddar Cheese Burritos 36/6.75 oz,Dairy,215.0,10.6,6.08,29.5,5.8,0.95,326.0,70
9002,Bean & Cheddar Cheese Organic Burrito w/o TVP Bulk Packed 48/5.75z,Dairy,207.0,10.3,6.98,26.9,5.0,0.3,432.0,70
9003,"BEAN & CHEDDAR ENCHILADA BAKE PINTO BEANS, CILANTRO LIME RICE, CHEDDAR CHEESE AND ROASTED CORN LAYERED BETWEEN CORN TORTILLAS - ALL TOPPED WITH AN INSANELY TASTY RED ENCHILADA SAUCE, BEAN & CHEDDAR ENCHILADA BAKE",Dairy,169.0,6.67,6.27,22.4,3.5,0.78,235.0,60
9004,Bean & Cheese Bowl,Dairy,150.0,8.85,8.85,11.5,5.3,0.0,301.0,60
9005,Bean & Cheese Burrirto 72/4.0 OZ Bulk,Dairy,220.0,9.89,4.58,35.2,3.9,0.0,336.0,60
9006,Bean & Cheese Burrito 48/5 Bulk,Dairy,239.0,10.6,5.28,37.6,3.8,0.0,353.0,70
9007,BEAN & CHEESE BURRITO SNACKS,Dairy,235.0,8.24,7.06,35.3,3.5,2.35,459.0,60
9008,Bean & Cheese Burrito YFT 72/4.76z,Dairy,212.0,11.2,5.54,29.7,5.6,0.5,335.0,70
9009,Bean & Cheese Burrito YFT 96/4.76z IW,Dairy,212.0,11.2,5.54,29.7,5.6,0.0,335.0,70
9010,"BEAN & CHEESE BURRITO, BEAN & CHEESE",Dairy,215.0,10.4,7.05,26.8,5.0,0.67,423.0,70
9012,BEAN & CHEESE BURRITOS,Dairy,230.0,7.96,6.19,34.5,3.5,0.0,451.0,60
9013,Bean & Cheese Burritos Bulk,Dairy,211.0,10.5,6.11,28.5,5.8,0.0,336.0,70
9014,Bean & Cheese Burritos IW,Dairy,230.0,10.6,5.4,35.0,3.9,0.0,369.0,70
9015,Bean & Cheese Burritos IW 96/5.45OZ. IW,Dairy,211.0,10.5,6.11,28.5,5.8,0.3,336.0,70
9016,Bean & Cheese de Chile Relleno Burritos,Dairy,186.0,7.88,6.75,24.0,3.7,0.0,319.0,65
9017,Bean & Cheese de Chile Relleno Burritos 36/7.66 oz IW,Dairy,186.0,7.88,6.75,24.0,3.7,0.2,319.0,65
9018,"BEAN & CHEESE TRADITIONAL BURRITO, BEAN & CHEESE",Dairy,227.0,9.2,9.82,25.2,3.1,1.23,429.0,60
9019,BEAN & CHEESE WRAP,Dairy,181.0,8.72,6.71,24.2,4.7,2.68,349.0,60
9020,BEAN & GREEN CHILE BURRITO,Other,190.0,7.04,4.93,30.3,5.6,3.52,275.0,60
9021,"BEAN & LENTIL BLEND SPROUTED MUNG BEANS, SPROUTED GREEN LENTILS & SPROUTED ADZUKI BEANS, BEAN & LENTIL BLEND",Grains,364.0,21.2,1.52,63.6,12.1,3.03,45.0,70
9022,"BEAN & RICE BURRITO, BEAN & RICE",Grains,182.0,5.88,5.29,28.2,3.5,0.0,353.0,60
9023,BEAN & RICE CHIPS,Grains,500.0,17.9,21.4,64.3,21.4,0.0,679.0,60
9024,"BEAN & RICE CHIPS WITH SEA SALT!, BLACK BEAN",Grains,500.0,17.9,21.4,64.3,21.4,0.0,339.0,70
9025,"BEAN & RICE CHIPS, BARBECUE",Grains,500.0,17.9,21.4,64.3,21.4,0.0,446.0,70
9026,"BEAN & RICE CHIPS, BLACK BEAN",Grains,500.0,17.9,21.4,64.3,21.4,0.0,339.0,70
9027,"BEAN & RICE CHIPS, NACHO",Grains,500.0,17.9,21.4,64.3,21.4,0.0,679.0,60
